departamento,municipio,ano,mes,tipo_delito,cantidad
Bogotá D.C.,Bogotá D.C.,2020,1,Hurto a personas,5204
Bogotá D.C.,Bogotá D.C.,2020,1,Hurto a comercio,1288
Bogotá D.C.,Bogotá D.C.,2020,1,Hurto de vehículos,915
Bogotá D.C.,Bogotá D.C.,2020,1,Lesiones personales,2581
Bogotá D.C.,Bogotá D.C.,2020,1,Homicidio,278
Bogotá D.C.,Bogotá D.C.,2020,1,Violencia intrafamiliar,1792
Bogotá D.C.,Bogotá D.C.,2020,1,Hurto a residencias,895
Bogotá D.C.,Bogotá D.C.,2020,1,Extorsión,142
Bogotá D.C.,Bogotá D.C.,2020,2,Hurto a personas,4326
Bogotá D.C.,Bogotá D.C.,2020,2,Hurto a comercio,912
Bogotá D.C.,Bogotá D.C.,2020,2,Hurto de vehículos,789
Bogotá D.C.,Bogotá D.C.,2020,2,Lesiones personales,2924
Bogotá D.C.,Bogotá D.C.,2020,2,Homicidio,177
Bogotá D.C.,Bogotá D.C.,2020,2,Violencia intrafamiliar,1795
Bogotá D.C.,Bogotá D.C.,2020,2,Hurto a residencias,895
Bogotá D.C.,Bogotá D.C.,2020,2,Extorsión,123
Bogotá D.C.,Bogotá D.C.,2020,3,Hurto a personas,3668
Bogotá D.C.,Bogotá D.C.,2020,3,Hurto a comercio,1093
Bogotá D.C.,Bogotá D.C.,2020,3,Hurto de vehículos,660
Bogotá D.C.,Bogotá D.C.,2020,3,Lesiones personales,2869
Bogotá D.C.,Bogotá D.C.,2020,3,Homicidio,210
Bogotá D.C.,Bogotá D.C.,2020,3,Violencia intrafamiliar,1485
Bogotá D.C.,Bogotá D.C.,2020,3,Hurto a residencias,861
Bogotá D.C.,Bogotá D.C.,2020,3,Extorsión,132
Bogotá D.C.,Bogotá D.C.,2020,4,Hurto a personas,3511
Bogotá D.C.,Bogotá D.C.,2020,4,Hurto a comercio,1339
Bogotá D.C.,Bogotá D.C.,2020,4,Hurto de vehículos,826
Bogotá D.C.,Bogotá D.C.,2020,4,Lesiones personales,2428
Bogotá D.C.,Bogotá D.C.,2020,4,Homicidio,173
Bogotá D.C.,Bogotá D.C.,2020,4,Violencia intrafamiliar,1573
Bogotá D.C.,Bogotá D.C.,2020,4,Hurto a residencias,853
Bogotá D.C.,Bogotá D.C.,2020,4,Extorsión,116
Bogotá D.C.,Bogotá D.C.,2020,5,Hurto a personas,3949
Bogotá D.C.,Bogotá D.C.,2020,5,Hurto a comercio,941
Bogotá D.C.,Bogotá D.C.,2020,5,Hurto de vehículos,878
Bogotá D.C.,Bogotá D.C.,2020,5,Lesiones personales,2936
Bogotá D.C.,Bogotá D.C.,2020,5,Homicidio,204
Bogotá D.C.,Bogotá D.C.,2020,5,Violencia intrafamiliar,1742
Bogotá D.C.,Bogotá D.C.,2020,5,Hurto a residencias,721
Bogotá D.C.,Bogotá D.C.,2020,5,Extorsión,124
Bogotá D.C.,Bogotá D.C.,2020,6,Hurto a personas,4464
Bogotá D.C.,Bogotá D.C.,2020,6,Hurto a comercio,1131
Bogotá D.C.,Bogotá D.C.,2020,6,Hurto de vehículos,735
Bogotá D.C.,Bogotá D.C.,2020,6,Lesiones personales,2467
Bogotá D.C.,Bogotá D.C.,2020,6,Homicidio,252
Bogotá D.C.,Bogotá D.C.,2020,6,Violencia intrafamiliar,1725
Bogotá D.C.,Bogotá D.C.,2020,6,Hurto a residencias,748
Bogotá D.C.,Bogotá D.C.,2020,6,Extorsión,150
Bogotá D.C.,Bogotá D.C.,2020,7,Hurto a personas,3752
Bogotá D.C.,Bogotá D.C.,2020,7,Hurto a comercio,1146
Bogotá D.C.,Bogotá D.C.,2020,7,Hurto de vehículos,643
Bogotá D.C.,Bogotá D.C.,2020,7,Lesiones personales,2743
Bogotá D.C.,Bogotá D.C.,2020,7,Homicidio,206
Bogotá D.C.,Bogotá D.C.,2020,7,Violencia intrafamiliar,1512
Bogotá D.C.,Bogotá D.C.,2020,7,Hurto a residencias,906
Bogotá D.C.,Bogotá D.C.,2020,7,Extorsión,130
Bogotá D.C.,Bogotá D.C.,2020,8,Hurto a personas,3801
Bogotá D.C.,Bogotá D.C.,2020,8,Hurto a comercio,1008
Bogotá D.C.,Bogotá D.C.,2020,8,Hurto de vehículos,727
Bogotá D.C.,Bogotá D.C.,2020,8,Lesiones personales,2537
Bogotá D.C.,Bogotá D.C.,2020,8,Homicidio,218
Bogotá D.C.,Bogotá D.C.,2020,8,Violencia intrafamiliar,1305
Bogotá D.C.,Bogotá D.C.,2020,8,Hurto a residencias,987
Bogotá D.C.,Bogotá D.C.,2020,8,Extorsión,158
Bogotá D.C.,Bogotá D.C.,2020,9,Hurto a personas,4425
Bogotá D.C.,Bogotá D.C.,2020,9,Hurto a comercio,1211
Bogotá D.C.,Bogotá D.C.,2020,9,Hurto de vehículos,866
Bogotá D.C.,Bogotá D.C.,2020,9,Lesiones personales,2735
Bogotá D.C.,Bogotá D.C.,2020,9,Homicidio,227
Bogotá D.C.,Bogotá D.C.,2020,9,Violencia intrafamiliar,1410
Bogotá D.C.,Bogotá D.C.,2020,9,Hurto a residencias,719
Bogotá D.C.,Bogotá D.C.,2020,9,Extorsión,155
Bogotá D.C.,Bogotá D.C.,2020,10,Hurto a personas,3850
Bogotá D.C.,Bogotá D.C.,2020,10,Hurto a comercio,1038
Bogotá D.C.,Bogotá D.C.,2020,10,Hurto de vehículos,721
Bogotá D.C.,Bogotá D.C.,2020,10,Lesiones personales,3050
Bogotá D.C.,Bogotá D.C.,2020,10,Homicidio,228
Bogotá D.C.,Bogotá D.C.,2020,10,Violencia intrafamiliar,1475
Bogotá D.C.,Bogotá D.C.,2020,10,Hurto a residencias,924
Bogotá D.C.,Bogotá D.C.,2020,10,Extorsión,142
Bogotá D.C.,Bogotá D.C.,2020,11,Hurto a personas,3452
Bogotá D.C.,Bogotá D.C.,2020,11,Hurto a comercio,1251
Bogotá D.C.,Bogotá D.C.,2020,11,Hurto de vehículos,822
Bogotá D.C.,Bogotá D.C.,2020,11,Lesiones personales,3261
Bogotá D.C.,Bogotá D.C.,2020,11,Homicidio,233
Bogotá D.C.,Bogotá D.C.,2020,11,Violencia intrafamiliar,1555
Bogotá D.C.,Bogotá D.C.,2020,11,Hurto a residencias,845
Bogotá D.C.,Bogotá D.C.,2020,11,Extorsión,126
Bogotá D.C.,Bogotá D.C.,2020,12,Hurto a personas,4501
Bogotá D.C.,Bogotá D.C.,2020,12,Hurto a comercio,1210
Bogotá D.C.,Bogotá D.C.,2020,12,Hurto de vehículos,731
Bogotá D.C.,Bogotá D.C.,2020,12,Lesiones personales,3294
Bogotá D.C.,Bogotá D.C.,2020,12,Homicidio,210
Bogotá D.C.,Bogotá D.C.,2020,12,Violencia intrafamiliar,2116
Bogotá D.C.,Bogotá D.C.,2020,12,Hurto a residencias,1097
Bogotá D.C.,Bogotá D.C.,2020,12,Extorsión,179
Bogotá D.C.,Bogotá D.C.,2021,1,Hurto a personas,4676
Bogotá D.C.,Bogotá D.C.,2021,1,Hurto a comercio,978
Bogotá D.C.,Bogotá D.C.,2021,1,Hurto de vehículos,885
Bogotá D.C.,Bogotá D.C.,2021,1,Lesiones personales,2953
Bogotá D.C.,Bogotá D.C.,2021,1,Homicidio,249
Bogotá D.C.,Bogotá D.C.,2021,1,Violencia intrafamiliar,1867
Bogotá D.C.,Bogotá D.C.,2021,1,Hurto a residencias,759
Bogotá D.C.,Bogotá D.C.,2021,1,Extorsión,159
Bogotá D.C.,Bogotá D.C.,2021,2,Hurto a personas,4516
Bogotá D.C.,Bogotá D.C.,2021,2,Hurto a comercio,951
Bogotá D.C.,Bogotá D.C.,2021,2,Hurto de vehículos,889
Bogotá D.C.,Bogotá D.C.,2021,2,Lesiones personales,2882
Bogotá D.C.,Bogotá D.C.,2021,2,Homicidio,202
Bogotá D.C.,Bogotá D.C.,2021,2,Violencia intrafamiliar,1389
Bogotá D.C.,Bogotá D.C.,2021,2,Hurto a residencias,791
Bogotá D.C.,Bogotá D.C.,2021,2,Extorsión,159
Bogotá D.C.,Bogotá D.C.,2021,3,Hurto a personas,3431
Bogotá D.C.,Bogotá D.C.,2021,3,Hurto a comercio,1237
Bogotá D.C.,Bogotá D.C.,2021,3,Hurto de vehículos,937
Bogotá D.C.,Bogotá D.C.,2021,3,Lesiones personales,2626
Bogotá D.C.,Bogotá D.C.,2021,3,Homicidio,179
Bogotá D.C.,Bogotá D.C.,2021,3,Violencia intrafamiliar,1490
Bogotá D.C.,Bogotá D.C.,2021,3,Hurto a residencias,723
Bogotá D.C.,Bogotá D.C.,2021,3,Extorsión,111
Bogotá D.C.,Bogotá D.C.,2021,4,Hurto a personas,3689
Bogotá D.C.,Bogotá D.C.,2021,4,Hurto a comercio,1082
Bogotá D.C.,Bogotá D.C.,2021,4,Hurto de vehículos,552
Bogotá D.C.,Bogotá D.C.,2021,4,Lesiones personales,2480
Bogotá D.C.,Bogotá D.C.,2021,4,Homicidio,208
Bogotá D.C.,Bogotá D.C.,2021,4,Violencia intrafamiliar,1606
Bogotá D.C.,Bogotá D.C.,2021,4,Hurto a residencias,1076
Bogotá D.C.,Bogotá D.C.,2021,4,Extorsión,108
Bogotá D.C.,Bogotá D.C.,2021,5,Hurto a personas,4202
Bogotá D.C.,Bogotá D.C.,2021,5,Hurto a comercio,931
Bogotá D.C.,Bogotá D.C.,2021,5,Hurto de vehículos,750
Bogotá D.C.,Bogotá D.C.,2021,5,Lesiones personales,1974
Bogotá D.C.,Bogotá D.C.,2021,5,Homicidio,187
Bogotá D.C.,Bogotá D.C.,2021,5,Violencia intrafamiliar,1357
Bogotá D.C.,Bogotá D.C.,2021,5,Hurto a residencias,966
Bogotá D.C.,Bogotá D.C.,2021,5,Extorsión,116
Bogotá D.C.,Bogotá D.C.,2021,6,Hurto a personas,4087
Bogotá D.C.,Bogotá D.C.,2021,6,Hurto a comercio,1264
Bogotá D.C.,Bogotá D.C.,2021,6,Hurto de vehículos,735
Bogotá D.C.,Bogotá D.C.,2021,6,Lesiones personales,2584
Bogotá D.C.,Bogotá D.C.,2021,6,Homicidio,193
Bogotá D.C.,Bogotá D.C.,2021,6,Violencia intrafamiliar,1816
Bogotá D.C.,Bogotá D.C.,2021,6,Hurto a residencias,758
Bogotá D.C.,Bogotá D.C.,2021,6,Extorsión,144
Bogotá D.C.,Bogotá D.C.,2021,7,Hurto a personas,4751
Bogotá D.C.,Bogotá D.C.,2021,7,Hurto a comercio,1174
Bogotá D.C.,Bogotá D.C.,2021,7,Hurto de vehículos,787
Bogotá D.C.,Bogotá D.C.,2021,7,Lesiones personales,2580
Bogotá D.C.,Bogotá D.C.,2021,7,Homicidio,207
Bogotá D.C.,Bogotá D.C.,2021,7,Violencia intrafamiliar,1888
Bogotá D.C.,Bogotá D.C.,2021,7,Hurto a residencias,1027
Bogotá D.C.,Bogotá D.C.,2021,7,Extorsión,116
Bogotá D.C.,Bogotá D.C.,2021,8,Hurto a personas,4369
Bogotá D.C.,Bogotá D.C.,2021,8,Hurto a comercio,1204
Bogotá D.C.,Bogotá D.C.,2021,8,Hurto de vehículos,905
Bogotá D.C.,Bogotá D.C.,2021,8,Lesiones personales,2747
Bogotá D.C.,Bogotá D.C.,2021,8,Homicidio,189
Bogotá D.C.,Bogotá D.C.,2021,8,Violencia intrafamiliar,1758
Bogotá D.C.,Bogotá D.C.,2021,8,Hurto a residencias,729
Bogotá D.C.,Bogotá D.C.,2021,8,Extorsión,128
Bogotá D.C.,Bogotá D.C.,2021,9,Hurto a personas,4099
Bogotá D.C.,Bogotá D.C.,2021,9,Hurto a comercio,1039
Bogotá D.C.,Bogotá D.C.,2021,9,Hurto de vehículos,798
Bogotá D.C.,Bogotá D.C.,2021,9,Lesiones personales,2007
Bogotá D.C.,Bogotá D.C.,2021,9,Homicidio,205
Bogotá D.C.,Bogotá D.C.,2021,9,Violencia intrafamiliar,1597
Bogotá D.C.,Bogotá D.C.,2021,9,Hurto a residencias,974
Bogotá D.C.,Bogotá D.C.,2021,9,Extorsión,146
Bogotá D.C.,Bogotá D.C.,2021,10,Hurto a personas,4123
Bogotá D.C.,Bogotá D.C.,2021,10,Hurto a comercio,1088
Bogotá D.C.,Bogotá D.C.,2021,10,Hurto de vehículos,770
Bogotá D.C.,Bogotá D.C.,2021,10,Lesiones personales,2439
Bogotá D.C.,Bogotá D.C.,2021,10,Homicidio,201
Bogotá D.C.,Bogotá D.C.,2021,10,Violencia intrafamiliar,1402
Bogotá D.C.,Bogotá D.C.,2021,10,Hurto a residencias,1006
Bogotá D.C.,Bogotá D.C.,2021,10,Extorsión,149
Bogotá D.C.,Bogotá D.C.,2021,11,Hurto a personas,3727
Bogotá D.C.,Bogotá D.C.,2021,11,Hurto a comercio,1106
Bogotá D.C.,Bogotá D.C.,2021,11,Hurto de vehículos,743
Bogotá D.C.,Bogotá D.C.,2021,11,Lesiones personales,2213
Bogotá D.C.,Bogotá D.C.,2021,11,Homicidio,203
Bogotá D.C.,Bogotá D.C.,2021,11,Violencia intrafamiliar,1558
Bogotá D.C.,Bogotá D.C.,2021,11,Hurto a residencias,991
Bogotá D.C.,Bogotá D.C.,2021,11,Extorsión,109
Bogotá D.C.,Bogotá D.C.,2021,12,Hurto a personas,4326
Bogotá D.C.,Bogotá D.C.,2021,12,Hurto a comercio,1213
Bogotá D.C.,Bogotá D.C.,2021,12,Hurto de vehículos,789
Bogotá D.C.,Bogotá D.C.,2021,12,Lesiones personales,3057
Bogotá D.C.,Bogotá D.C.,2021,12,Homicidio,248
Bogotá D.C.,Bogotá D.C.,2021,12,Violencia intrafamiliar,2006
Bogotá D.C.,Bogotá D.C.,2021,12,Hurto a residencias,887
Bogotá D.C.,Bogotá D.C.,2021,12,Extorsión,181
Bogotá D.C.,Bogotá D.C.,2022,1,Hurto a personas,4270
Bogotá D.C.,Bogotá D.C.,2022,1,Hurto a comercio,1010
Bogotá D.C.,Bogotá D.C.,2022,1,Hurto de vehículos,902
Bogotá D.C.,Bogotá D.C.,2022,1,Lesiones personales,2181
Bogotá D.C.,Bogotá D.C.,2022,1,Homicidio,230
Bogotá D.C.,Bogotá D.C.,2022,1,Violencia intrafamiliar,1846
Bogotá D.C.,Bogotá D.C.,2022,1,Hurto a residencias,936
Bogotá D.C.,Bogotá D.C.,2022,1,Extorsión,123
Bogotá D.C.,Bogotá D.C.,2022,2,Hurto a personas,4868
Bogotá D.C.,Bogotá D.C.,2022,2,Hurto a comercio,1008
Bogotá D.C.,Bogotá D.C.,2022,2,Hurto de vehículos,612
Bogotá D.C.,Bogotá D.C.,2022,2,Lesiones personales,1876
Bogotá D.C.,Bogotá D.C.,2022,2,Homicidio,177
Bogotá D.C.,Bogotá D.C.,2022,2,Violencia intrafamiliar,1701
Bogotá D.C.,Bogotá D.C.,2022,2,Hurto a residencias,1019
Bogotá D.C.,Bogotá D.C.,2022,2,Extorsión,130
Bogotá D.C.,Bogotá D.C.,2022,3,Hurto a personas,4411
Bogotá D.C.,Bogotá D.C.,2022,3,Hurto a comercio,1110
Bogotá D.C.,Bogotá D.C.,2022,3,Hurto de vehículos,841
Bogotá D.C.,Bogotá D.C.,2022,3,Lesiones personales,2198
Bogotá D.C.,Bogotá D.C.,2022,3,Homicidio,183
Bogotá D.C.,Bogotá D.C.,2022,3,Violencia intrafamiliar,1819
Bogotá D.C.,Bogotá D.C.,2022,3,Hurto a residencias,769
Bogotá D.C.,Bogotá D.C.,2022,3,Extorsión,106
Bogotá D.C.,Bogotá D.C.,2022,4,Hurto a personas,4036
Bogotá D.C.,Bogotá D.C.,2022,4,Hurto a comercio,956
Bogotá D.C.,Bogotá D.C.,2022,4,Hurto de vehículos,553
Bogotá D.C.,Bogotá D.C.,2022,4,Lesiones personales,3001
Bogotá D.C.,Bogotá D.C.,2022,4,Homicidio,206
Bogotá D.C.,Bogotá D.C.,2022,4,Violencia intrafamiliar,1390
Bogotá D.C.,Bogotá D.C.,2022,4,Hurto a residencias,838
Bogotá D.C.,Bogotá D.C.,2022,4,Extorsión,107
Bogotá D.C.,Bogotá D.C.,2022,5,Hurto a personas,3085
Bogotá D.C.,Bogotá D.C.,2022,5,Hurto a comercio,1076
Bogotá D.C.,Bogotá D.C.,2022,5,Hurto de vehículos,665
Bogotá D.C.,Bogotá D.C.,2022,5,Lesiones personales,2540
Bogotá D.C.,Bogotá D.C.,2022,5,Homicidio,210
Bogotá D.C.,Bogotá D.C.,2022,5,Violencia intrafamiliar,1389
Bogotá D.C.,Bogotá D.C.,2022,5,Hurto a residencias,995
Bogotá D.C.,Bogotá D.C.,2022,5,Extorsión,157
Bogotá D.C.,Bogotá D.C.,2022,6,Hurto a personas,4500
Bogotá D.C.,Bogotá D.C.,2022,6,Hurto a comercio,1287
Bogotá D.C.,Bogotá D.C.,2022,6,Hurto de vehículos,739
Bogotá D.C.,Bogotá D.C.,2022,6,Lesiones personales,2811
Bogotá D.C.,Bogotá D.C.,2022,6,Homicidio,206
Bogotá D.C.,Bogotá D.C.,2022,6,Violencia intrafamiliar,1910
Bogotá D.C.,Bogotá D.C.,2022,6,Hurto a residencias,739
Bogotá D.C.,Bogotá D.C.,2022,6,Extorsión,151
Bogotá D.C.,Bogotá D.C.,2022,7,Hurto a personas,2902
Bogotá D.C.,Bogotá D.C.,2022,7,Hurto a comercio,1164
Bogotá D.C.,Bogotá D.C.,2022,7,Hurto de vehículos,671
Bogotá D.C.,Bogotá D.C.,2022,7,Lesiones personales,2035
Bogotá D.C.,Bogotá D.C.,2022,7,Homicidio,229
Bogotá D.C.,Bogotá D.C.,2022,7,Violencia intrafamiliar,1342
Bogotá D.C.,Bogotá D.C.,2022,7,Hurto a residencias,640
Bogotá D.C.,Bogotá D.C.,2022,7,Extorsión,148
Bogotá D.C.,Bogotá D.C.,2022,8,Hurto a personas,3434
Bogotá D.C.,Bogotá D.C.,2022,8,Hurto a comercio,1259
Bogotá D.C.,Bogotá D.C.,2022,8,Hurto de vehículos,665
Bogotá D.C.,Bogotá D.C.,2022,8,Lesiones personales,2301
Bogotá D.C.,Bogotá D.C.,2022,8,Homicidio,215
Bogotá D.C.,Bogotá D.C.,2022,8,Violencia intrafamiliar,1907
Bogotá D.C.,Bogotá D.C.,2022,8,Hurto a residencias,871
Bogotá D.C.,Bogotá D.C.,2022,8,Extorsión,133
Bogotá D.C.,Bogotá D.C.,2022,9,Hurto a personas,4199
Bogotá D.C.,Bogotá D.C.,2022,9,Hurto a comercio,1041
Bogotá D.C.,Bogotá D.C.,2022,9,Hurto de vehículos,702
Bogotá D.C.,Bogotá D.C.,2022,9,Lesiones personales,1897
Bogotá D.C.,Bogotá D.C.,2022,9,Homicidio,230
Bogotá D.C.,Bogotá D.C.,2022,9,Violencia intrafamiliar,1745
Bogotá D.C.,Bogotá D.C.,2022,9,Hurto a residencias,748
Bogotá D.C.,Bogotá D.C.,2022,9,Extorsión,125
Bogotá D.C.,Bogotá D.C.,2022,10,Hurto a personas,4693
Bogotá D.C.,Bogotá D.C.,2022,10,Hurto a comercio,1330
Bogotá D.C.,Bogotá D.C.,2022,10,Hurto de vehículos,875
Bogotá D.C.,Bogotá D.C.,2022,10,Lesiones personales,2322
Bogotá D.C.,Bogotá D.C.,2022,10,Homicidio,213
Bogotá D.C.,Bogotá D.C.,2022,10,Violencia intrafamiliar,1563
Bogotá D.C.,Bogotá D.C.,2022,10,Hurto a residencias,715
Bogotá D.C.,Bogotá D.C.,2022,10,Extorsión,115
Bogotá D.C.,Bogotá D.C.,2022,11,Hurto a personas,3691
Bogotá D.C.,Bogotá D.C.,2022,11,Hurto a comercio,1092
Bogotá D.C.,Bogotá D.C.,2022,11,Hurto de vehículos,604
Bogotá D.C.,Bogotá D.C.,2022,11,Lesiones personales,2736
Bogotá D.C.,Bogotá D.C.,2022,11,Homicidio,185
Bogotá D.C.,Bogotá D.C.,2022,11,Violencia intrafamiliar,1267
Bogotá D.C.,Bogotá D.C.,2022,11,Hurto a residencias,744
Bogotá D.C.,Bogotá D.C.,2022,11,Extorsión,112
Bogotá D.C.,Bogotá D.C.,2022,12,Hurto a personas,3936
Bogotá D.C.,Bogotá D.C.,2022,12,Hurto a comercio,1045
Bogotá D.C.,Bogotá D.C.,2022,12,Hurto de vehículos,794
Bogotá D.C.,Bogotá D.C.,2022,12,Lesiones personales,3075
Bogotá D.C.,Bogotá D.C.,2022,12,Homicidio,277
Bogotá D.C.,Bogotá D.C.,2022,12,Violencia intrafamiliar,1467
Bogotá D.C.,Bogotá D.C.,2022,12,Hurto a residencias,862
Bogotá D.C.,Bogotá D.C.,2022,12,Extorsión,172
Bogotá D.C.,Bogotá D.C.,2023,1,Hurto a personas,4015
Bogotá D.C.,Bogotá D.C.,2023,1,Hurto a comercio,1218
Bogotá D.C.,Bogotá D.C.,2023,1,Hurto de vehículos,823
Bogotá D.C.,Bogotá D.C.,2023,1,Lesiones personales,2919
Bogotá D.C.,Bogotá D.C.,2023,1,Homicidio,249
Bogotá D.C.,Bogotá D.C.,2023,1,Violencia intrafamiliar,1320
Bogotá D.C.,Bogotá D.C.,2023,1,Hurto a residencias,822
Bogotá D.C.,Bogotá D.C.,2023,1,Extorsión,139
Bogotá D.C.,Bogotá D.C.,2023,2,Hurto a personas,4213
Bogotá D.C.,Bogotá D.C.,2023,2,Hurto a comercio,761
Bogotá D.C.,Bogotá D.C.,2023,2,Hurto de vehículos,641
Bogotá D.C.,Bogotá D.C.,2023,2,Lesiones personales,2423
Bogotá D.C.,Bogotá D.C.,2023,2,Homicidio,178
Bogotá D.C.,Bogotá D.C.,2023,2,Violencia intrafamiliar,1652
Bogotá D.C.,Bogotá D.C.,2023,2,Hurto a residencias,885
Bogotá D.C.,Bogotá D.C.,2023,2,Extorsión,112
Bogotá D.C.,Bogotá D.C.,2023,3,Hurto a personas,3339
Bogotá D.C.,Bogotá D.C.,2023,3,Hurto a comercio,891
Bogotá D.C.,Bogotá D.C.,2023,3,Hurto de vehículos,654
Bogotá D.C.,Bogotá D.C.,2023,3,Lesiones personales,1889
Bogotá D.C.,Bogotá D.C.,2023,3,Homicidio,172
Bogotá D.C.,Bogotá D.C.,2023,3,Violencia intrafamiliar,1704
Bogotá D.C.,Bogotá D.C.,2023,3,Hurto a residencias,834
Bogotá D.C.,Bogotá D.C.,2023,3,Extorsión,139
Bogotá D.C.,Bogotá D.C.,2023,4,Hurto a personas,3921
Bogotá D.C.,Bogotá D.C.,2023,4,Hurto a comercio,1046
Bogotá D.C.,Bogotá D.C.,2023,4,Hurto de vehículos,781
Bogotá D.C.,Bogotá D.C.,2023,4,Lesiones personales,2119
Bogotá D.C.,Bogotá D.C.,2023,4,Homicidio,189
Bogotá D.C.,Bogotá D.C.,2023,4,Violencia intrafamiliar,1489
Bogotá D.C.,Bogotá D.C.,2023,4,Hurto a residencias,767
Bogotá D.C.,Bogotá D.C.,2023,4,Extorsión,134
Bogotá D.C.,Bogotá D.C.,2023,5,Hurto a personas,3793
Bogotá D.C.,Bogotá D.C.,2023,5,Hurto a comercio,1039
Bogotá D.C.,Bogotá D.C.,2023,5,Hurto de vehículos,709
Bogotá D.C.,Bogotá D.C.,2023,5,Lesiones personales,2287
Bogotá D.C.,Bogotá D.C.,2023,5,Homicidio,196
Bogotá D.C.,Bogotá D.C.,2023,5,Violencia intrafamiliar,1246
Bogotá D.C.,Bogotá D.C.,2023,5,Hurto a residencias,811
Bogotá D.C.,Bogotá D.C.,2023,5,Extorsión,149
Bogotá D.C.,Bogotá D.C.,2023,6,Hurto a personas,4030
Bogotá D.C.,Bogotá D.C.,2023,6,Hurto a comercio,1167
Bogotá D.C.,Bogotá D.C.,2023,6,Hurto de vehículos,878
Bogotá D.C.,Bogotá D.C.,2023,6,Lesiones personales,2191
Bogotá D.C.,Bogotá D.C.,2023,6,Homicidio,246
Bogotá D.C.,Bogotá D.C.,2023,6,Violencia intrafamiliar,1733
Bogotá D.C.,Bogotá D.C.,2023,6,Hurto a residencias,1007
Bogotá D.C.,Bogotá D.C.,2023,6,Extorsión,160
Bogotá D.C.,Bogotá D.C.,2023,7,Hurto a personas,3272
Bogotá D.C.,Bogotá D.C.,2023,7,Hurto a comercio,800
Bogotá D.C.,Bogotá D.C.,2023,7,Hurto de vehículos,744
Bogotá D.C.,Bogotá D.C.,2023,7,Lesiones personales,2387
Bogotá D.C.,Bogotá D.C.,2023,7,Homicidio,160
Bogotá D.C.,Bogotá D.C.,2023,7,Violencia intrafamiliar,1655
Bogotá D.C.,Bogotá D.C.,2023,7,Hurto a residencias,670
Bogotá D.C.,Bogotá D.C.,2023,7,Extorsión,132
Bogotá D.C.,Bogotá D.C.,2023,8,Hurto a personas,3962
Bogotá D.C.,Bogotá D.C.,2023,8,Hurto a comercio,1138
Bogotá D.C.,Bogotá D.C.,2023,8,Hurto de vehículos,773
Bogotá D.C.,Bogotá D.C.,2023,8,Lesiones personales,2264
Bogotá D.C.,Bogotá D.C.,2023,8,Homicidio,202
Bogotá D.C.,Bogotá D.C.,2023,8,Violencia intrafamiliar,1641
Bogotá D.C.,Bogotá D.C.,2023,8,Hurto a residencias,712
Bogotá D.C.,Bogotá D.C.,2023,8,Extorsión,110
Bogotá D.C.,Bogotá D.C.,2023,9,Hurto a personas,3185
Bogotá D.C.,Bogotá D.C.,2023,9,Hurto a comercio,1081
Bogotá D.C.,Bogotá D.C.,2023,9,Hurto de vehículos,639
Bogotá D.C.,Bogotá D.C.,2023,9,Lesiones personales,1783
Bogotá D.C.,Bogotá D.C.,2023,9,Homicidio,222
Bogotá D.C.,Bogotá D.C.,2023,9,Violencia intrafamiliar,1689
Bogotá D.C.,Bogotá D.C.,2023,9,Hurto a residencias,772
Bogotá D.C.,Bogotá D.C.,2023,9,Extorsión,136
Bogotá D.C.,Bogotá D.C.,2023,10,Hurto a personas,4729
Bogotá D.C.,Bogotá D.C.,2023,10,Hurto a comercio,895
Bogotá D.C.,Bogotá D.C.,2023,10,Hurto de vehículos,729
Bogotá D.C.,Bogotá D.C.,2023,10,Lesiones personales,2507
Bogotá D.C.,Bogotá D.C.,2023,10,Homicidio,232
Bogotá D.C.,Bogotá D.C.,2023,10,Violencia intrafamiliar,1256
Bogotá D.C.,Bogotá D.C.,2023,10,Hurto a residencias,741
Bogotá D.C.,Bogotá D.C.,2023,10,Extorsión,99
Bogotá D.C.,Bogotá D.C.,2023,11,Hurto a personas,3375
Bogotá D.C.,Bogotá D.C.,2023,11,Hurto a comercio,1237
Bogotá D.C.,Bogotá D.C.,2023,11,Hurto de vehículos,739
Bogotá D.C.,Bogotá D.C.,2023,11,Lesiones personales,2255
Bogotá D.C.,Bogotá D.C.,2023,11,Homicidio,205
Bogotá D.C.,Bogotá D.C.,2023,11,Violencia intrafamiliar,1784
Bogotá D.C.,Bogotá D.C.,2023,11,Hurto a residencias,757
Bogotá D.C.,Bogotá D.C.,2023,11,Extorsión,139
Bogotá D.C.,Bogotá D.C.,2023,12,Hurto a personas,4609
Bogotá D.C.,Bogotá D.C.,2023,12,Hurto a comercio,1260
Bogotá D.C.,Bogotá D.C.,2023,12,Hurto de vehículos,963
Bogotá D.C.,Bogotá D.C.,2023,12,Lesiones personales,2674
Bogotá D.C.,Bogotá D.C.,2023,12,Homicidio,235
Bogotá D.C.,Bogotá D.C.,2023,12,Violencia intrafamiliar,1690
Bogotá D.C.,Bogotá D.C.,2023,12,Hurto a residencias,929
Bogotá D.C.,Bogotá D.C.,2023,12,Extorsión,125
Bogotá D.C.,Bogotá D.C.,2024,1,Hurto a personas,3679
Bogotá D.C.,Bogotá D.C.,2024,1,Hurto a comercio,834
Bogotá D.C.,Bogotá D.C.,2024,1,Hurto de vehículos,773
Bogotá D.C.,Bogotá D.C.,2024,1,Lesiones personales,2055
Bogotá D.C.,Bogotá D.C.,2024,1,Homicidio,171
Bogotá D.C.,Bogotá D.C.,2024,1,Violencia intrafamiliar,1874
Bogotá D.C.,Bogotá D.C.,2024,1,Hurto a residencias,980
Bogotá D.C.,Bogotá D.C.,2024,1,Extorsión,149
Bogotá D.C.,Bogotá D.C.,2024,2,Hurto a personas,4032
Bogotá D.C.,Bogotá D.C.,2024,2,Hurto a comercio,874
Bogotá D.C.,Bogotá D.C.,2024,2,Hurto de vehículos,758
Bogotá D.C.,Bogotá D.C.,2024,2,Lesiones personales,1778
Bogotá D.C.,Bogotá D.C.,2024,2,Homicidio,169
Bogotá D.C.,Bogotá D.C.,2024,2,Violencia intrafamiliar,1591
Bogotá D.C.,Bogotá D.C.,2024,2,Hurto a residencias,826
Bogotá D.C.,Bogotá D.C.,2024,2,Extorsión,141
Bogotá D.C.,Bogotá D.C.,2024,3,Hurto a personas,4333
Bogotá D.C.,Bogotá D.C.,2024,3,Hurto a comercio,902
Bogotá D.C.,Bogotá D.C.,2024,3,Hurto de vehículos,703
Bogotá D.C.,Bogotá D.C.,2024,3,Lesiones personales,1947
Bogotá D.C.,Bogotá D.C.,2024,3,Homicidio,195
Bogotá D.C.,Bogotá D.C.,2024,3,Violencia intrafamiliar,1637
Bogotá D.C.,Bogotá D.C.,2024,3,Hurto a residencias,858
Bogotá D.C.,Bogotá D.C.,2024,3,Extorsión,99
Bogotá D.C.,Bogotá D.C.,2024,4,Hurto a personas,4491
Bogotá D.C.,Bogotá D.C.,2024,4,Hurto a comercio,749
Bogotá D.C.,Bogotá D.C.,2024,4,Hurto de vehículos,629
Bogotá D.C.,Bogotá D.C.,2024,4,Lesiones personales,2348
Bogotá D.C.,Bogotá D.C.,2024,4,Homicidio,181
Bogotá D.C.,Bogotá D.C.,2024,4,Violencia intrafamiliar,1171
Bogotá D.C.,Bogotá D.C.,2024,4,Hurto a residencias,645
Bogotá D.C.,Bogotá D.C.,2024,4,Extorsión,109
Bogotá D.C.,Bogotá D.C.,2024,5,Hurto a personas,2821
Bogotá D.C.,Bogotá D.C.,2024,5,Hurto a comercio,1212
Bogotá D.C.,Bogotá D.C.,2024,5,Hurto de vehículos,564
Bogotá D.C.,Bogotá D.C.,2024,5,Lesiones personales,2077
Bogotá D.C.,Bogotá D.C.,2024,5,Homicidio,164
Bogotá D.C.,Bogotá D.C.,2024,5,Violencia intrafamiliar,1743
Bogotá D.C.,Bogotá D.C.,2024,5,Hurto a residencias,622
Bogotá D.C.,Bogotá D.C.,2024,5,Extorsión,117
Bogotá D.C.,Bogotá D.C.,2024,6,Hurto a personas,3575
Bogotá D.C.,Bogotá D.C.,2024,6,Hurto a comercio,872
Bogotá D.C.,Bogotá D.C.,2024,6,Hurto de vehículos,750
Bogotá D.C.,Bogotá D.C.,2024,6,Lesiones personales,2898
Bogotá D.C.,Bogotá D.C.,2024,6,Homicidio,241
Bogotá D.C.,Bogotá D.C.,2024,6,Violencia intrafamiliar,1803
Bogotá D.C.,Bogotá D.C.,2024,6,Hurto a residencias,685
Bogotá D.C.,Bogotá D.C.,2024,6,Extorsión,129
Bogotá D.C.,Bogotá D.C.,2024,7,Hurto a personas,3362
Bogotá D.C.,Bogotá D.C.,2024,7,Hurto a comercio,1036
Bogotá D.C.,Bogotá D.C.,2024,7,Hurto de vehículos,763
Bogotá D.C.,Bogotá D.C.,2024,7,Lesiones personales,2082
Bogotá D.C.,Bogotá D.C.,2024,7,Homicidio,202
Bogotá D.C.,Bogotá D.C.,2024,7,Violencia intrafamiliar,1179
Bogotá D.C.,Bogotá D.C.,2024,7,Hurto a residencias,686
Bogotá D.C.,Bogotá D.C.,2024,7,Extorsión,139
Bogotá D.C.,Bogotá D.C.,2024,8,Hurto a personas,3665
Bogotá D.C.,Bogotá D.C.,2024,8,Hurto a comercio,998
Bogotá D.C.,Bogotá D.C.,2024,8,Hurto de vehículos,694
Bogotá D.C.,Bogotá D.C.,2024,8,Lesiones personales,1827
Bogotá D.C.,Bogotá D.C.,2024,8,Homicidio,193
Bogotá D.C.,Bogotá D.C.,2024,8,Violencia intrafamiliar,1472
Bogotá D.C.,Bogotá D.C.,2024,8,Hurto a residencias,1000
Bogotá D.C.,Bogotá D.C.,2024,8,Extorsión,99
Bogotá D.C.,Bogotá D.C.,2024,9,Hurto a personas,3787
Bogotá D.C.,Bogotá D.C.,2024,9,Hurto a comercio,917
Bogotá D.C.,Bogotá D.C.,2024,9,Hurto de vehículos,609
Bogotá D.C.,Bogotá D.C.,2024,9,Lesiones personales,1983
Bogotá D.C.,Bogotá D.C.,2024,9,Homicidio,192
Bogotá D.C.,Bogotá D.C.,2024,9,Violencia intrafamiliar,1561
Bogotá D.C.,Bogotá D.C.,2024,9,Hurto a residencias,706
Bogotá D.C.,Bogotá D.C.,2024,9,Extorsión,123
Bogotá D.C.,Bogotá D.C.,2024,10,Hurto a personas,2989
Bogotá D.C.,Bogotá D.C.,2024,10,Hurto a comercio,886
Bogotá D.C.,Bogotá D.C.,2024,10,Hurto de vehículos,732
Bogotá D.C.,Bogotá D.C.,2024,10,Lesiones personales,2118
Bogotá D.C.,Bogotá D.C.,2024,10,Homicidio,155
Bogotá D.C.,Bogotá D.C.,2024,10,Violencia intrafamiliar,1621
Bogotá D.C.,Bogotá D.C.,2024,10,Hurto a residencias,679
Bogotá D.C.,Bogotá D.C.,2024,10,Extorsión,139
Bogotá D.C.,Bogotá D.C.,2024,11,Hurto a personas,3817
Bogotá D.C.,Bogotá D.C.,2024,11,Hurto a comercio,1089
Bogotá D.C.,Bogotá D.C.,2024,11,Hurto de vehículos,589
Bogotá D.C.,Bogotá D.C.,2024,11,Lesiones personales,2199
Bogotá D.C.,Bogotá D.C.,2024,11,Homicidio,247
Bogotá D.C.,Bogotá D.C.,2024,11,Violencia intrafamiliar,1420
Bogotá D.C.,Bogotá D.C.,2024,11,Hurto a residencias,747
Bogotá D.C.,Bogotá D.C.,2024,11,Extorsión,116
Bogotá D.C.,Bogotá D.C.,2024,12,Hurto a personas,3440
Bogotá D.C.,Bogotá D.C.,2024,12,Hurto a comercio,1252
Bogotá D.C.,Bogotá D.C.,2024,12,Hurto de vehículos,834
Bogotá D.C.,Bogotá D.C.,2024,12,Lesiones personales,2789
Bogotá D.C.,Bogotá D.C.,2024,12,Homicidio,212
Bogotá D.C.,Bogotá D.C.,2024,12,Violencia intrafamiliar,1350
Bogotá D.C.,Bogotá D.C.,2024,12,Hurto a residencias,1053
Bogotá D.C.,Bogotá D.C.,2024,12,Extorsión,114
Antioquia,Medellín,2020,1,Hurto a personas,1370
Antioquia,Medellín,2020,1,Hurto a comercio,280
Antioquia,Medellín,2020,1,Hurto de vehículos,245
Antioquia,Medellín,2020,1,Lesiones personales,699
Antioquia,Medellín,2020,1,Homicidio,58
Antioquia,Medellín,2020,1,Violencia intrafamiliar,534
Antioquia,Medellín,2020,1,Hurto a residencias,241
Antioquia,Medellín,2020,1,Extorsión,44
Antioquia,Medellín,2020,2,Hurto a personas,1030
Antioquia,Medellín,2020,2,Hurto a comercio,309
Antioquia,Medellín,2020,2,Hurto de vehículos,246
Antioquia,Medellín,2020,2,Lesiones personales,703
Antioquia,Medellín,2020,2,Homicidio,51
Antioquia,Medellín,2020,2,Violencia intrafamiliar,380
Antioquia,Medellín,2020,2,Hurto a residencias,285
Antioquia,Medellín,2020,2,Extorsión,44
Antioquia,Medellín,2020,3,Hurto a personas,1209
Antioquia,Medellín,2020,3,Hurto a comercio,360
Antioquia,Medellín,2020,3,Hurto de vehículos,227
Antioquia,Medellín,2020,3,Lesiones personales,833
Antioquia,Medellín,2020,3,Homicidio,62
Antioquia,Medellín,2020,3,Violencia intrafamiliar,470
Antioquia,Medellín,2020,3,Hurto a residencias,202
Antioquia,Medellín,2020,3,Extorsión,45
Antioquia,Medellín,2020,4,Hurto a personas,983
Antioquia,Medellín,2020,4,Hurto a comercio,275
Antioquia,Medellín,2020,4,Hurto de vehículos,193
Antioquia,Medellín,2020,4,Lesiones personales,715
Antioquia,Medellín,2020,4,Homicidio,64
Antioquia,Medellín,2020,4,Violencia intrafamiliar,485
Antioquia,Medellín,2020,4,Hurto a residencias,210
Antioquia,Medellín,2020,4,Extorsión,28
Antioquia,Medellín,2020,5,Hurto a personas,914
Antioquia,Medellín,2020,5,Hurto a comercio,236
Antioquia,Medellín,2020,5,Hurto de vehículos,207
Antioquia,Medellín,2020,5,Lesiones personales,651
Antioquia,Medellín,2020,5,Homicidio,65
Antioquia,Medellín,2020,5,Violencia intrafamiliar,488
Antioquia,Medellín,2020,5,Hurto a residencias,241
Antioquia,Medellín,2020,5,Extorsión,34
Antioquia,Medellín,2020,6,Hurto a personas,1453
Antioquia,Medellín,2020,6,Hurto a comercio,386
Antioquia,Medellín,2020,6,Hurto de vehículos,255
Antioquia,Medellín,2020,6,Lesiones personales,612
Antioquia,Medellín,2020,6,Homicidio,66
Antioquia,Medellín,2020,6,Violencia intrafamiliar,432
Antioquia,Medellín,2020,6,Hurto a residencias,251
Antioquia,Medellín,2020,6,Extorsión,41
Antioquia,Medellín,2020,7,Hurto a personas,1178
Antioquia,Medellín,2020,7,Hurto a comercio,324
Antioquia,Medellín,2020,7,Hurto de vehículos,166
Antioquia,Medellín,2020,7,Lesiones personales,844
Antioquia,Medellín,2020,7,Homicidio,52
Antioquia,Medellín,2020,7,Violencia intrafamiliar,467
Antioquia,Medellín,2020,7,Hurto a residencias,283
Antioquia,Medellín,2020,7,Extorsión,32
Antioquia,Medellín,2020,8,Hurto a personas,1176
Antioquia,Medellín,2020,8,Hurto a comercio,249
Antioquia,Medellín,2020,8,Hurto de vehículos,188
Antioquia,Medellín,2020,8,Lesiones personales,745
Antioquia,Medellín,2020,8,Homicidio,47
Antioquia,Medellín,2020,8,Violencia intrafamiliar,392
Antioquia,Medellín,2020,8,Hurto a residencias,191
Antioquia,Medellín,2020,8,Extorsión,37
Antioquia,Medellín,2020,9,Hurto a personas,1032
Antioquia,Medellín,2020,9,Hurto a comercio,269
Antioquia,Medellín,2020,9,Hurto de vehículos,246
Antioquia,Medellín,2020,9,Lesiones personales,837
Antioquia,Medellín,2020,9,Homicidio,69
Antioquia,Medellín,2020,9,Violencia intrafamiliar,440
Antioquia,Medellín,2020,9,Hurto a residencias,274
Antioquia,Medellín,2020,9,Extorsión,36
Antioquia,Medellín,2020,10,Hurto a personas,1212
Antioquia,Medellín,2020,10,Hurto a comercio,233
Antioquia,Medellín,2020,10,Hurto de vehículos,215
Antioquia,Medellín,2020,10,Lesiones personales,654
Antioquia,Medellín,2020,10,Homicidio,55
Antioquia,Medellín,2020,10,Violencia intrafamiliar,504
Antioquia,Medellín,2020,10,Hurto a residencias,179
Antioquia,Medellín,2020,10,Extorsión,38
Antioquia,Medellín,2020,11,Hurto a personas,986
Antioquia,Medellín,2020,11,Hurto a comercio,331
Antioquia,Medellín,2020,11,Hurto de vehículos,190
Antioquia,Medellín,2020,11,Lesiones personales,725
Antioquia,Medellín,2020,11,Homicidio,55
Antioquia,Medellín,2020,11,Violencia intrafamiliar,458
Antioquia,Medellín,2020,11,Hurto a residencias,258
Antioquia,Medellín,2020,11,Extorsión,33
Antioquia,Medellín,2020,12,Hurto a personas,1304
Antioquia,Medellín,2020,12,Hurto a comercio,284
Antioquia,Medellín,2020,12,Hurto de vehículos,269
Antioquia,Medellín,2020,12,Lesiones personales,903
Antioquia,Medellín,2020,12,Homicidio,68
Antioquia,Medellín,2020,12,Violencia intrafamiliar,578
Antioquia,Medellín,2020,12,Hurto a residencias,251
Antioquia,Medellín,2020,12,Extorsión,45
Antioquia,Medellín,2021,1,Hurto a personas,1187
Antioquia,Medellín,2021,1,Hurto a comercio,354
Antioquia,Medellín,2021,1,Hurto de vehículos,214
Antioquia,Medellín,2021,1,Lesiones personales,856
Antioquia,Medellín,2021,1,Homicidio,57
Antioquia,Medellín,2021,1,Violencia intrafamiliar,394
Antioquia,Medellín,2021,1,Hurto a residencias,293
Antioquia,Medellín,2021,1,Extorsión,36
Antioquia,Medellín,2021,2,Hurto a personas,978
Antioquia,Medellín,2021,2,Hurto a comercio,340
Antioquia,Medellín,2021,2,Hurto de vehículos,212
Antioquia,Medellín,2021,2,Lesiones personales,582
Antioquia,Medellín,2021,2,Homicidio,55
Antioquia,Medellín,2021,2,Violencia intrafamiliar,364
Antioquia,Medellín,2021,2,Hurto a residencias,249
Antioquia,Medellín,2021,2,Extorsión,32
Antioquia,Medellín,2021,3,Hurto a personas,1217
Antioquia,Medellín,2021,3,Hurto a comercio,314
Antioquia,Medellín,2021,3,Hurto de vehículos,213
Antioquia,Medellín,2021,3,Lesiones personales,685
Antioquia,Medellín,2021,3,Homicidio,59
Antioquia,Medellín,2021,3,Violencia intrafamiliar,510
Antioquia,Medellín,2021,3,Hurto a residencias,212
Antioquia,Medellín,2021,3,Extorsión,45
Antioquia,Medellín,2021,4,Hurto a personas,1100
Antioquia,Medellín,2021,4,Hurto a comercio,245
Antioquia,Medellín,2021,4,Hurto de vehículos,240
Antioquia,Medellín,2021,4,Lesiones personales,653
Antioquia,Medellín,2021,4,Homicidio,52
Antioquia,Medellín,2021,4,Violencia intrafamiliar,390
Antioquia,Medellín,2021,4,Hurto a residencias,188
Antioquia,Medellín,2021,4,Extorsión,34
Antioquia,Medellín,2021,5,Hurto a personas,1179
Antioquia,Medellín,2021,5,Hurto a comercio,308
Antioquia,Medellín,2021,5,Hurto de vehículos,229
Antioquia,Medellín,2021,5,Lesiones personales,587
Antioquia,Medellín,2021,5,Homicidio,50
Antioquia,Medellín,2021,5,Violencia intrafamiliar,438
Antioquia,Medellín,2021,5,Hurto a residencias,209
Antioquia,Medellín,2021,5,Extorsión,38
Antioquia,Medellín,2021,6,Hurto a personas,1263
Antioquia,Medellín,2021,6,Hurto a comercio,289
Antioquia,Medellín,2021,6,Hurto de vehículos,261
Antioquia,Medellín,2021,6,Lesiones personales,663
Antioquia,Medellín,2021,6,Homicidio,50
Antioquia,Medellín,2021,6,Violencia intrafamiliar,538
Antioquia,Medellín,2021,6,Hurto a residencias,266
Antioquia,Medellín,2021,6,Extorsión,33
Antioquia,Medellín,2021,7,Hurto a personas,993
Antioquia,Medellín,2021,7,Hurto a comercio,256
Antioquia,Medellín,2021,7,Hurto de vehículos,226
Antioquia,Medellín,2021,7,Lesiones personales,563
Antioquia,Medellín,2021,7,Homicidio,74
Antioquia,Medellín,2021,7,Violencia intrafamiliar,347
Antioquia,Medellín,2021,7,Hurto a residencias,227
Antioquia,Medellín,2021,7,Extorsión,34
Antioquia,Medellín,2021,8,Hurto a personas,927
Antioquia,Medellín,2021,8,Hurto a comercio,369
Antioquia,Medellín,2021,8,Hurto de vehículos,223
Antioquia,Medellín,2021,8,Lesiones personales,657
Antioquia,Medellín,2021,8,Homicidio,66
Antioquia,Medellín,2021,8,Violencia intrafamiliar,497
Antioquia,Medellín,2021,8,Hurto a residencias,217
Antioquia,Medellín,2021,8,Extorsión,34
Antioquia,Medellín,2021,9,Hurto a personas,1043
Antioquia,Medellín,2021,9,Hurto a comercio,266
Antioquia,Medellín,2021,9,Hurto de vehículos,257
Antioquia,Medellín,2021,9,Lesiones personales,793
Antioquia,Medellín,2021,9,Homicidio,58
Antioquia,Medellín,2021,9,Violencia intrafamiliar,508
Antioquia,Medellín,2021,9,Hurto a residencias,210
Antioquia,Medellín,2021,9,Extorsión,38
Antioquia,Medellín,2021,10,Hurto a personas,1059
Antioquia,Medellín,2021,10,Hurto a comercio,362
Antioquia,Medellín,2021,10,Hurto de vehículos,189
Antioquia,Medellín,2021,10,Lesiones personales,650
Antioquia,Medellín,2021,10,Homicidio,57
Antioquia,Medellín,2021,10,Violencia intrafamiliar,453
Antioquia,Medellín,2021,10,Hurto a residencias,244
Antioquia,Medellín,2021,10,Extorsión,38
Antioquia,Medellín,2021,11,Hurto a personas,1031
Antioquia,Medellín,2021,11,Hurto a comercio,295
Antioquia,Medellín,2021,11,Hurto de vehículos,226
Antioquia,Medellín,2021,11,Lesiones personales,659
Antioquia,Medellín,2021,11,Homicidio,65
Antioquia,Medellín,2021,11,Violencia intrafamiliar,350
Antioquia,Medellín,2021,11,Hurto a residencias,262
Antioquia,Medellín,2021,11,Extorsión,35
Antioquia,Medellín,2021,12,Hurto a personas,1110
Antioquia,Medellín,2021,12,Hurto a comercio,374
Antioquia,Medellín,2021,12,Hurto de vehículos,190
Antioquia,Medellín,2021,12,Lesiones personales,761
Antioquia,Medellín,2021,12,Homicidio,69
Antioquia,Medellín,2021,12,Violencia intrafamiliar,429
Antioquia,Medellín,2021,12,Hurto a residencias,235
Antioquia,Medellín,2021,12,Extorsión,43
Antioquia,Medellín,2022,1,Hurto a personas,1367
Antioquia,Medellín,2022,1,Hurto a comercio,251
Antioquia,Medellín,2022,1,Hurto de vehículos,178
Antioquia,Medellín,2022,1,Lesiones personales,770
Antioquia,Medellín,2022,1,Homicidio,64
Antioquia,Medellín,2022,1,Violencia intrafamiliar,419
Antioquia,Medellín,2022,1,Hurto a residencias,219
Antioquia,Medellín,2022,1,Extorsión,36
Antioquia,Medellín,2022,2,Hurto a personas,904
Antioquia,Medellín,2022,2,Hurto a comercio,244
Antioquia,Medellín,2022,2,Hurto de vehículos,201
Antioquia,Medellín,2022,2,Lesiones personales,614
Antioquia,Medellín,2022,2,Homicidio,54
Antioquia,Medellín,2022,2,Violencia intrafamiliar,442
Antioquia,Medellín,2022,2,Hurto a residencias,230
Antioquia,Medellín,2022,2,Extorsión,41
Antioquia,Medellín,2022,3,Hurto a personas,1037
Antioquia,Medellín,2022,3,Hurto a comercio,363
Antioquia,Medellín,2022,3,Hurto de vehículos,176
Antioquia,Medellín,2022,3,Lesiones personales,641
Antioquia,Medellín,2022,3,Homicidio,55
Antioquia,Medellín,2022,3,Violencia intrafamiliar,372
Antioquia,Medellín,2022,3,Hurto a residencias,236
Antioquia,Medellín,2022,3,Extorsión,30
Antioquia,Medellín,2022,4,Hurto a personas,1040
Antioquia,Medellín,2022,4,Hurto a comercio,336
Antioquia,Medellín,2022,4,Hurto de vehículos,211
Antioquia,Medellín,2022,4,Lesiones personales,582
Antioquia,Medellín,2022,4,Homicidio,58
Antioquia,Medellín,2022,4,Violencia intrafamiliar,505
Antioquia,Medellín,2022,4,Hurto a residencias,238
Antioquia,Medellín,2022,4,Extorsión,34
Antioquia,Medellín,2022,5,Hurto a personas,947
Antioquia,Medellín,2022,5,Hurto a comercio,237
Antioquia,Medellín,2022,5,Hurto de vehículos,173
Antioquia,Medellín,2022,5,Lesiones personales,631
Antioquia,Medellín,2022,5,Homicidio,53
Antioquia,Medellín,2022,5,Violencia intrafamiliar,427
Antioquia,Medellín,2022,5,Hurto a residencias,183
Antioquia,Medellín,2022,5,Extorsión,42
Antioquia,Medellín,2022,6,Hurto a personas,1051
Antioquia,Medellín,2022,6,Hurto a comercio,332
Antioquia,Medellín,2022,6,Hurto de vehículos,204
Antioquia,Medellín,2022,6,Lesiones personales,849
Antioquia,Medellín,2022,6,Homicidio,71
Antioquia,Medellín,2022,6,Violencia intrafamiliar,508
Antioquia,Medellín,2022,6,Hurto a residencias,203
Antioquia,Medellín,2022,6,Extorsión,43
Antioquia,Medellín,2022,7,Hurto a personas,1072
Antioquia,Medellín,2022,7,Hurto a comercio,317
Antioquia,Medellín,2022,7,Hurto de vehículos,219
Antioquia,Medellín,2022,7,Lesiones personales,753
Antioquia,Medellín,2022,7,Homicidio,60
Antioquia,Medellín,2022,7,Violencia intrafamiliar,396
Antioquia,Medellín,2022,7,Hurto a residencias,242
Antioquia,Medellín,2022,7,Extorsión,38
Antioquia,Medellín,2022,8,Hurto a personas,1373
Antioquia,Medellín,2022,8,Hurto a comercio,228
Antioquia,Medellín,2022,8,Hurto de vehículos,194
Antioquia,Medellín,2022,8,Lesiones personales,597
Antioquia,Medellín,2022,8,Homicidio,56
Antioquia,Medellín,2022,8,Violencia intrafamiliar,418
Antioquia,Medellín,2022,8,Hurto a residencias,246
Antioquia,Medellín,2022,8,Extorsión,30
Antioquia,Medellín,2022,9,Hurto a personas,1169
Antioquia,Medellín,2022,9,Hurto a comercio,288
Antioquia,Medellín,2022,9,Hurto de vehículos,212
Antioquia,Medellín,2022,9,Lesiones personales,670
Antioquia,Medellín,2022,9,Homicidio,57
Antioquia,Medellín,2022,9,Violencia intrafamiliar,341
Antioquia,Medellín,2022,9,Hurto a residencias,258
Antioquia,Medellín,2022,9,Extorsión,38
Antioquia,Medellín,2022,10,Hurto a personas,1140
Antioquia,Medellín,2022,10,Hurto a comercio,234
Antioquia,Medellín,2022,10,Hurto de vehículos,213
Antioquia,Medellín,2022,10,Lesiones personales,711
Antioquia,Medellín,2022,10,Homicidio,62
Antioquia,Medellín,2022,10,Violencia intrafamiliar,446
Antioquia,Medellín,2022,10,Hurto a residencias,204
Antioquia,Medellín,2022,10,Extorsión,43
Antioquia,Medellín,2022,11,Hurto a personas,861
Antioquia,Medellín,2022,11,Hurto a comercio,278
Antioquia,Medellín,2022,11,Hurto de vehículos,205
Antioquia,Medellín,2022,11,Lesiones personales,736
Antioquia,Medellín,2022,11,Homicidio,68
Antioquia,Medellín,2022,11,Violencia intrafamiliar,448
Antioquia,Medellín,2022,11,Hurto a residencias,251
Antioquia,Medellín,2022,11,Extorsión,33
Antioquia,Medellín,2022,12,Hurto a personas,1215
Antioquia,Medellín,2022,12,Hurto a comercio,342
Antioquia,Medellín,2022,12,Hurto de vehículos,243
Antioquia,Medellín,2022,12,Lesiones personales,838
Antioquia,Medellín,2022,12,Homicidio,76
Antioquia,Medellín,2022,12,Violencia intrafamiliar,574
Antioquia,Medellín,2022,12,Hurto a residencias,270
Antioquia,Medellín,2022,12,Extorsión,47
Antioquia,Medellín,2023,1,Hurto a personas,1190
Antioquia,Medellín,2023,1,Hurto a comercio,342
Antioquia,Medellín,2023,1,Hurto de vehículos,219
Antioquia,Medellín,2023,1,Lesiones personales,559
Antioquia,Medellín,2023,1,Homicidio,52
Antioquia,Medellín,2023,1,Violencia intrafamiliar,475
Antioquia,Medellín,2023,1,Hurto a residencias,275
Antioquia,Medellín,2023,1,Extorsión,41
Antioquia,Medellín,2023,2,Hurto a personas,940
Antioquia,Medellín,2023,2,Hurto a comercio,351
Antioquia,Medellín,2023,2,Hurto de vehículos,181
Antioquia,Medellín,2023,2,Lesiones personales,746
Antioquia,Medellín,2023,2,Homicidio,52
Antioquia,Medellín,2023,2,Violencia intrafamiliar,360
Antioquia,Medellín,2023,2,Hurto a residencias,214
Antioquia,Medellín,2023,2,Extorsión,33
Antioquia,Medellín,2023,3,Hurto a personas,868
Antioquia,Medellín,2023,3,Hurto a comercio,236
Antioquia,Medellín,2023,3,Hurto de vehículos,201
Antioquia,Medellín,2023,3,Lesiones personales,709
Antioquia,Medellín,2023,3,Homicidio,58
Antioquia,Medellín,2023,3,Violencia intrafamiliar,430
Antioquia,Medellín,2023,3,Hurto a residencias,208
Antioquia,Medellín,2023,3,Extorsión,31
Antioquia,Medellín,2023,4,Hurto a personas,869
Antioquia,Medellín,2023,4,Hurto a comercio,243
Antioquia,Medellín,2023,4,Hurto de vehículos,166
Antioquia,Medellín,2023,4,Lesiones personales,567
Antioquia,Medellín,2023,4,Homicidio,58
Antioquia,Medellín,2023,4,Violencia intrafamiliar,527
Antioquia,Medellín,2023,4,Hurto a residencias,242
Antioquia,Medellín,2023,4,Extorsión,33
Antioquia,Medellín,2023,5,Hurto a personas,1127
Antioquia,Medellín,2023,5,Hurto a comercio,240
Antioquia,Medellín,2023,5,Hurto de vehículos,216
Antioquia,Medellín,2023,5,Lesiones personales,674
Antioquia,Medellín,2023,5,Homicidio,58
Antioquia,Medellín,2023,5,Violencia intrafamiliar,340
Antioquia,Medellín,2023,5,Hurto a residencias,183
Antioquia,Medellín,2023,5,Extorsión,27
Antioquia,Medellín,2023,6,Hurto a personas,1148
Antioquia,Medellín,2023,6,Hurto a comercio,344
Antioquia,Medellín,2023,6,Hurto de vehículos,206
Antioquia,Medellín,2023,6,Lesiones personales,661
Antioquia,Medellín,2023,6,Homicidio,47
Antioquia,Medellín,2023,6,Violencia intrafamiliar,521
Antioquia,Medellín,2023,6,Hurto a residencias,231
Antioquia,Medellín,2023,6,Extorsión,42
Antioquia,Medellín,2023,7,Hurto a personas,1091
Antioquia,Medellín,2023,7,Hurto a comercio,275
Antioquia,Medellín,2023,7,Hurto de vehículos,237
Antioquia,Medellín,2023,7,Lesiones personales,643
Antioquia,Medellín,2023,7,Homicidio,58
Antioquia,Medellín,2023,7,Violencia intrafamiliar,347
Antioquia,Medellín,2023,7,Hurto a residencias,255
Antioquia,Medellín,2023,7,Extorsión,35
Antioquia,Medellín,2023,8,Hurto a personas,1059
Antioquia,Medellín,2023,8,Hurto a comercio,251
Antioquia,Medellín,2023,8,Hurto de vehículos,213
Antioquia,Medellín,2023,8,Lesiones personales,709
Antioquia,Medellín,2023,8,Homicidio,65
Antioquia,Medellín,2023,8,Violencia intrafamiliar,393
Antioquia,Medellín,2023,8,Hurto a residencias,239
Antioquia,Medellín,2023,8,Extorsión,34
Antioquia,Medellín,2023,9,Hurto a personas,903
Antioquia,Medellín,2023,9,Hurto a comercio,310
Antioquia,Medellín,2023,9,Hurto de vehículos,180
Antioquia,Medellín,2023,9,Lesiones personales,696
Antioquia,Medellín,2023,9,Homicidio,49
Antioquia,Medellín,2023,9,Violencia intrafamiliar,363
Antioquia,Medellín,2023,9,Hurto a residencias,188
Antioquia,Medellín,2023,9,Extorsión,42
Antioquia,Medellín,2023,10,Hurto a personas,1118
Antioquia,Medellín,2023,10,Hurto a comercio,212
Antioquia,Medellín,2023,10,Hurto de vehículos,218
Antioquia,Medellín,2023,10,Lesiones personales,501
Antioquia,Medellín,2023,10,Homicidio,42
Antioquia,Medellín,2023,10,Violencia intrafamiliar,399
Antioquia,Medellín,2023,10,Hurto a residencias,221
Antioquia,Medellín,2023,10,Extorsión,28
Antioquia,Medellín,2023,11,Hurto a personas,1022
Antioquia,Medellín,2023,11,Hurto a comercio,232
Antioquia,Medellín,2023,11,Hurto de vehículos,166
Antioquia,Medellín,2023,11,Lesiones personales,560
Antioquia,Medellín,2023,11,Homicidio,55
Antioquia,Medellín,2023,11,Violencia intrafamiliar,420
Antioquia,Medellín,2023,11,Hurto a residencias,227
Antioquia,Medellín,2023,11,Extorsión,34
Antioquia,Medellín,2023,12,Hurto a personas,1371
Antioquia,Medellín,2023,12,Hurto a comercio,345
Antioquia,Medellín,2023,12,Hurto de vehículos,222
Antioquia,Medellín,2023,12,Lesiones personales,779
Antioquia,Medellín,2023,12,Homicidio,71
Antioquia,Medellín,2023,12,Violencia intrafamiliar,394
Antioquia,Medellín,2023,12,Hurto a residencias,267
Antioquia,Medellín,2023,12,Extorsión,36
Antioquia,Medellín,2024,1,Hurto a personas,967
Antioquia,Medellín,2024,1,Hurto a comercio,244
Antioquia,Medellín,2024,1,Hurto de vehículos,169
Antioquia,Medellín,2024,1,Lesiones personales,548
Antioquia,Medellín,2024,1,Homicidio,64
Antioquia,Medellín,2024,1,Violencia intrafamiliar,413
Antioquia,Medellín,2024,1,Hurto a residencias,255
Antioquia,Medellín,2024,1,Extorsión,38
Antioquia,Medellín,2024,2,Hurto a personas,893
Antioquia,Medellín,2024,2,Hurto a comercio,292
Antioquia,Medellín,2024,2,Hurto de vehículos,217
Antioquia,Medellín,2024,2,Lesiones personales,528
Antioquia,Medellín,2024,2,Homicidio,49
Antioquia,Medellín,2024,2,Violencia intrafamiliar,418
Antioquia,Medellín,2024,2,Hurto a residencias,240
Antioquia,Medellín,2024,2,Extorsión,34
Antioquia,Medellín,2024,3,Hurto a personas,794
Antioquia,Medellín,2024,3,Hurto a comercio,324
Antioquia,Medellín,2024,3,Hurto de vehículos,171
Antioquia,Medellín,2024,3,Lesiones personales,604
Antioquia,Medellín,2024,3,Homicidio,49
Antioquia,Medellín,2024,3,Violencia intrafamiliar,474
Antioquia,Medellín,2024,3,Hurto a residencias,231
Antioquia,Medellín,2024,3,Extorsión,29
Antioquia,Medellín,2024,4,Hurto a personas,1207
Antioquia,Medellín,2024,4,Hurto a comercio,288
Antioquia,Medellín,2024,4,Hurto de vehículos,147
Antioquia,Medellín,2024,4,Lesiones personales,730
Antioquia,Medellín,2024,4,Homicidio,55
Antioquia,Medellín,2024,4,Violencia intrafamiliar,433
Antioquia,Medellín,2024,4,Hurto a residencias,203
Antioquia,Medellín,2024,4,Extorsión,38
Antioquia,Medellín,2024,5,Hurto a personas,982
Antioquia,Medellín,2024,5,Hurto a comercio,285
Antioquia,Medellín,2024,5,Hurto de vehículos,218
Antioquia,Medellín,2024,5,Lesiones personales,598
Antioquia,Medellín,2024,5,Homicidio,64
Antioquia,Medellín,2024,5,Violencia intrafamiliar,427
Antioquia,Medellín,2024,5,Hurto a residencias,224
Antioquia,Medellín,2024,5,Extorsión,41
Antioquia,Medellín,2024,6,Hurto a personas,1231
Antioquia,Medellín,2024,6,Hurto a comercio,296
Antioquia,Medellín,2024,6,Hurto de vehículos,165
Antioquia,Medellín,2024,6,Lesiones personales,619
Antioquia,Medellín,2024,6,Homicidio,47
Antioquia,Medellín,2024,6,Violencia intrafamiliar,378
Antioquia,Medellín,2024,6,Hurto a residencias,184
Antioquia,Medellín,2024,6,Extorsión,28
Antioquia,Medellín,2024,7,Hurto a personas,1171
Antioquia,Medellín,2024,7,Hurto a comercio,210
Antioquia,Medellín,2024,7,Hurto de vehículos,162
Antioquia,Medellín,2024,7,Lesiones personales,507
Antioquia,Medellín,2024,7,Homicidio,53
Antioquia,Medellín,2024,7,Violencia intrafamiliar,492
Antioquia,Medellín,2024,7,Hurto a residencias,214
Antioquia,Medellín,2024,7,Extorsión,33
Antioquia,Medellín,2024,8,Hurto a personas,1010
Antioquia,Medellín,2024,8,Hurto a comercio,245
Antioquia,Medellín,2024,8,Hurto de vehículos,166
Antioquia,Medellín,2024,8,Lesiones personales,614
Antioquia,Medellín,2024,8,Homicidio,55
Antioquia,Medellín,2024,8,Violencia intrafamiliar,297
Antioquia,Medellín,2024,8,Hurto a residencias,202
Antioquia,Medellín,2024,8,Extorsión,37
Antioquia,Medellín,2024,9,Hurto a personas,864
Antioquia,Medellín,2024,9,Hurto a comercio,281
Antioquia,Medellín,2024,9,Hurto de vehículos,230
Antioquia,Medellín,2024,9,Lesiones personales,761
Antioquia,Medellín,2024,9,Homicidio,54
Antioquia,Medellín,2024,9,Violencia intrafamiliar,401
Antioquia,Medellín,2024,9,Hurto a residencias,251
Antioquia,Medellín,2024,9,Extorsión,30
Antioquia,Medellín,2024,10,Hurto a personas,1097
Antioquia,Medellín,2024,10,Hurto a comercio,252
Antioquia,Medellín,2024,10,Hurto de vehículos,212
Antioquia,Medellín,2024,10,Lesiones personales,569
Antioquia,Medellín,2024,10,Homicidio,53
Antioquia,Medellín,2024,10,Violencia intrafamiliar,350
Antioquia,Medellín,2024,10,Hurto a residencias,244
Antioquia,Medellín,2024,10,Extorsión,34
Antioquia,Medellín,2024,11,Hurto a personas,1123
Antioquia,Medellín,2024,11,Hurto a comercio,303
Antioquia,Medellín,2024,11,Hurto de vehículos,150
Antioquia,Medellín,2024,11,Lesiones personales,664
Antioquia,Medellín,2024,11,Homicidio,50
Antioquia,Medellín,2024,11,Violencia intrafamiliar,350
Antioquia,Medellín,2024,11,Hurto a residencias,180
Antioquia,Medellín,2024,11,Extorsión,38
Antioquia,Medellín,2024,12,Hurto a personas,1254
Antioquia,Medellín,2024,12,Hurto a comercio,336
Antioquia,Medellín,2024,12,Hurto de vehículos,238
Antioquia,Medellín,2024,12,Lesiones personales,736
Antioquia,Medellín,2024,12,Homicidio,69
Antioquia,Medellín,2024,12,Violencia intrafamiliar,455
Antioquia,Medellín,2024,12,Hurto a residencias,275
Antioquia,Medellín,2024,12,Extorsión,37
Antioquia,Bello,2020,1,Hurto a personas,253
Antioquia,Bello,2020,1,Hurto a comercio,53
Antioquia,Bello,2020,1,Hurto de vehículos,37
Antioquia,Bello,2020,1,Lesiones personales,148
Antioquia,Bello,2020,1,Homicidio,10
Antioquia,Bello,2020,1,Violencia intrafamiliar,109
Antioquia,Bello,2020,1,Hurto a residencias,49
Antioquia,Bello,2020,1,Extorsión,7
Antioquia,Bello,2020,2,Hurto a personas,239
Antioquia,Bello,2020,2,Hurto a comercio,68
Antioquia,Bello,2020,2,Hurto de vehículos,38
Antioquia,Bello,2020,2,Lesiones personales,107
Antioquia,Bello,2020,2,Homicidio,10
Antioquia,Bello,2020,2,Violencia intrafamiliar,81
Antioquia,Bello,2020,2,Hurto a residencias,42
Antioquia,Bello,2020,2,Extorsión,6
Antioquia,Bello,2020,3,Hurto a personas,215
Antioquia,Bello,2020,3,Hurto a comercio,50
Antioquia,Bello,2020,3,Hurto de vehículos,43
Antioquia,Bello,2020,3,Lesiones personales,155
Antioquia,Bello,2020,3,Homicidio,10
Antioquia,Bello,2020,3,Violencia intrafamiliar,93
Antioquia,Bello,2020,3,Hurto a residencias,56
Antioquia,Bello,2020,3,Extorsión,5
Antioquia,Bello,2020,4,Hurto a personas,230
Antioquia,Bello,2020,4,Hurto a comercio,61
Antioquia,Bello,2020,4,Hurto de vehículos,44
Antioquia,Bello,2020,4,Lesiones personales,143
Antioquia,Bello,2020,4,Homicidio,9
Antioquia,Bello,2020,4,Violencia intrafamiliar,71
Antioquia,Bello,2020,4,Hurto a residencias,49
Antioquia,Bello,2020,4,Extorsión,7
Antioquia,Bello,2020,5,Hurto a personas,182
Antioquia,Bello,2020,5,Hurto a comercio,56
Antioquia,Bello,2020,5,Hurto de vehículos,39
Antioquia,Bello,2020,5,Lesiones personales,136
Antioquia,Bello,2020,5,Homicidio,9
Antioquia,Bello,2020,5,Violencia intrafamiliar,95
Antioquia,Bello,2020,5,Hurto a residencias,43
Antioquia,Bello,2020,5,Extorsión,8
Antioquia,Bello,2020,6,Hurto a personas,186
Antioquia,Bello,2020,6,Hurto a comercio,58
Antioquia,Bello,2020,6,Hurto de vehículos,38
Antioquia,Bello,2020,6,Lesiones personales,166
Antioquia,Bello,2020,6,Homicidio,14
Antioquia,Bello,2020,6,Violencia intrafamiliar,98
Antioquia,Bello,2020,6,Hurto a residencias,52
Antioquia,Bello,2020,6,Extorsión,8
Antioquia,Bello,2020,7,Hurto a personas,245
Antioquia,Bello,2020,7,Hurto a comercio,62
Antioquia,Bello,2020,7,Hurto de vehículos,33
Antioquia,Bello,2020,7,Lesiones personales,123
Antioquia,Bello,2020,7,Homicidio,10
Antioquia,Bello,2020,7,Violencia intrafamiliar,74
Antioquia,Bello,2020,7,Hurto a residencias,36
Antioquia,Bello,2020,7,Extorsión,7
Antioquia,Bello,2020,8,Hurto a personas,235
Antioquia,Bello,2020,8,Hurto a comercio,61
Antioquia,Bello,2020,8,Hurto de vehículos,33
Antioquia,Bello,2020,8,Lesiones personales,150
Antioquia,Bello,2020,8,Homicidio,10
Antioquia,Bello,2020,8,Violencia intrafamiliar,69
Antioquia,Bello,2020,8,Hurto a residencias,48
Antioquia,Bello,2020,8,Extorsión,6
Antioquia,Bello,2020,9,Hurto a personas,180
Antioquia,Bello,2020,9,Hurto a comercio,51
Antioquia,Bello,2020,9,Hurto de vehículos,47
Antioquia,Bello,2020,9,Lesiones personales,124
Antioquia,Bello,2020,9,Homicidio,8
Antioquia,Bello,2020,9,Violencia intrafamiliar,98
Antioquia,Bello,2020,9,Hurto a residencias,46
Antioquia,Bello,2020,9,Extorsión,7
Antioquia,Bello,2020,10,Hurto a personas,181
Antioquia,Bello,2020,10,Hurto a comercio,54
Antioquia,Bello,2020,10,Hurto de vehículos,33
Antioquia,Bello,2020,10,Lesiones personales,141
Antioquia,Bello,2020,10,Homicidio,12
Antioquia,Bello,2020,10,Violencia intrafamiliar,82
Antioquia,Bello,2020,10,Hurto a residencias,48
Antioquia,Bello,2020,10,Extorsión,7
Antioquia,Bello,2020,11,Hurto a personas,195
Antioquia,Bello,2020,11,Hurto a comercio,51
Antioquia,Bello,2020,11,Hurto de vehículos,35
Antioquia,Bello,2020,11,Lesiones personales,134
Antioquia,Bello,2020,11,Homicidio,12
Antioquia,Bello,2020,11,Violencia intrafamiliar,102
Antioquia,Bello,2020,11,Hurto a residencias,46
Antioquia,Bello,2020,11,Extorsión,6
Antioquia,Bello,2020,12,Hurto a personas,290
Antioquia,Bello,2020,12,Hurto a comercio,52
Antioquia,Bello,2020,12,Hurto de vehículos,52
Antioquia,Bello,2020,12,Lesiones personales,122
Antioquia,Bello,2020,12,Homicidio,15
Antioquia,Bello,2020,12,Violencia intrafamiliar,84
Antioquia,Bello,2020,12,Hurto a residencias,45
Antioquia,Bello,2020,12,Extorsión,9
Antioquia,Bello,2021,1,Hurto a personas,203
Antioquia,Bello,2021,1,Hurto a comercio,57
Antioquia,Bello,2021,1,Hurto de vehículos,35
Antioquia,Bello,2021,1,Lesiones personales,148
Antioquia,Bello,2021,1,Homicidio,13
Antioquia,Bello,2021,1,Violencia intrafamiliar,88
Antioquia,Bello,2021,1,Hurto a residencias,55
Antioquia,Bello,2021,1,Extorsión,6
Antioquia,Bello,2021,2,Hurto a personas,228
Antioquia,Bello,2021,2,Hurto a comercio,57
Antioquia,Bello,2021,2,Hurto de vehículos,40
Antioquia,Bello,2021,2,Lesiones personales,121
Antioquia,Bello,2021,2,Homicidio,12
Antioquia,Bello,2021,2,Violencia intrafamiliar,100
Antioquia,Bello,2021,2,Hurto a residencias,34
Antioquia,Bello,2021,2,Extorsión,6
Antioquia,Bello,2021,3,Hurto a personas,203
Antioquia,Bello,2021,3,Hurto a comercio,47
Antioquia,Bello,2021,3,Hurto de vehículos,40
Antioquia,Bello,2021,3,Lesiones personales,138
Antioquia,Bello,2021,3,Homicidio,9
Antioquia,Bello,2021,3,Violencia intrafamiliar,66
Antioquia,Bello,2021,3,Hurto a residencias,40
Antioquia,Bello,2021,3,Extorsión,6
Antioquia,Bello,2021,4,Hurto a personas,187
Antioquia,Bello,2021,4,Hurto a comercio,62
Antioquia,Bello,2021,4,Hurto de vehículos,36
Antioquia,Bello,2021,4,Lesiones personales,135
Antioquia,Bello,2021,4,Homicidio,13
Antioquia,Bello,2021,4,Violencia intrafamiliar,91
Antioquia,Bello,2021,4,Hurto a residencias,36
Antioquia,Bello,2021,4,Extorsión,5
Antioquia,Bello,2021,5,Hurto a personas,184
Antioquia,Bello,2021,5,Hurto a comercio,62
Antioquia,Bello,2021,5,Hurto de vehículos,32
Antioquia,Bello,2021,5,Lesiones personales,144
Antioquia,Bello,2021,5,Homicidio,11
Antioquia,Bello,2021,5,Violencia intrafamiliar,87
Antioquia,Bello,2021,5,Hurto a residencias,41
Antioquia,Bello,2021,5,Extorsión,8
Antioquia,Bello,2021,6,Hurto a personas,204
Antioquia,Bello,2021,6,Hurto a comercio,65
Antioquia,Bello,2021,6,Hurto de vehículos,40
Antioquia,Bello,2021,6,Lesiones personales,146
Antioquia,Bello,2021,6,Homicidio,13
Antioquia,Bello,2021,6,Violencia intrafamiliar,87
Antioquia,Bello,2021,6,Hurto a residencias,55
Antioquia,Bello,2021,6,Extorsión,6
Antioquia,Bello,2021,7,Hurto a personas,211
Antioquia,Bello,2021,7,Hurto a comercio,58
Antioquia,Bello,2021,7,Hurto de vehículos,35
Antioquia,Bello,2021,7,Lesiones personales,139
Antioquia,Bello,2021,7,Homicidio,9
Antioquia,Bello,2021,7,Violencia intrafamiliar,85
Antioquia,Bello,2021,7,Hurto a residencias,49
Antioquia,Bello,2021,7,Extorsión,6
Antioquia,Bello,2021,8,Hurto a personas,202
Antioquia,Bello,2021,8,Hurto a comercio,58
Antioquia,Bello,2021,8,Hurto de vehículos,29
Antioquia,Bello,2021,8,Lesiones personales,120
Antioquia,Bello,2021,8,Homicidio,11
Antioquia,Bello,2021,8,Violencia intrafamiliar,67
Antioquia,Bello,2021,8,Hurto a residencias,43
Antioquia,Bello,2021,8,Extorsión,8
Antioquia,Bello,2021,9,Hurto a personas,223
Antioquia,Bello,2021,9,Hurto a comercio,62
Antioquia,Bello,2021,9,Hurto de vehículos,37
Antioquia,Bello,2021,9,Lesiones personales,121
Antioquia,Bello,2021,9,Homicidio,12
Antioquia,Bello,2021,9,Violencia intrafamiliar,70
Antioquia,Bello,2021,9,Hurto a residencias,35
Antioquia,Bello,2021,9,Extorsión,5
Antioquia,Bello,2021,10,Hurto a personas,208
Antioquia,Bello,2021,10,Hurto a comercio,62
Antioquia,Bello,2021,10,Hurto de vehículos,42
Antioquia,Bello,2021,10,Lesiones personales,147
Antioquia,Bello,2021,10,Homicidio,10
Antioquia,Bello,2021,10,Violencia intrafamiliar,66
Antioquia,Bello,2021,10,Hurto a residencias,39
Antioquia,Bello,2021,10,Extorsión,8
Antioquia,Bello,2021,11,Hurto a personas,218
Antioquia,Bello,2021,11,Hurto a comercio,46
Antioquia,Bello,2021,11,Hurto de vehículos,46
Antioquia,Bello,2021,11,Lesiones personales,121
Antioquia,Bello,2021,11,Homicidio,11
Antioquia,Bello,2021,11,Violencia intrafamiliar,82
Antioquia,Bello,2021,11,Hurto a residencias,35
Antioquia,Bello,2021,11,Extorsión,8
Antioquia,Bello,2021,12,Hurto a personas,240
Antioquia,Bello,2021,12,Hurto a comercio,54
Antioquia,Bello,2021,12,Hurto de vehículos,49
Antioquia,Bello,2021,12,Lesiones personales,155
Antioquia,Bello,2021,12,Homicidio,11
Antioquia,Bello,2021,12,Violencia intrafamiliar,83
Antioquia,Bello,2021,12,Hurto a residencias,42
Antioquia,Bello,2021,12,Extorsión,8
Antioquia,Bello,2022,1,Hurto a personas,257
Antioquia,Bello,2022,1,Hurto a comercio,49
Antioquia,Bello,2022,1,Hurto de vehículos,32
Antioquia,Bello,2022,1,Lesiones personales,142
Antioquia,Bello,2022,1,Homicidio,13
Antioquia,Bello,2022,1,Violencia intrafamiliar,77
Antioquia,Bello,2022,1,Hurto a residencias,48
Antioquia,Bello,2022,1,Extorsión,6
Antioquia,Bello,2022,2,Hurto a personas,190
Antioquia,Bello,2022,2,Hurto a comercio,65
Antioquia,Bello,2022,2,Hurto de vehículos,45
Antioquia,Bello,2022,2,Lesiones personales,123
Antioquia,Bello,2022,2,Homicidio,11
Antioquia,Bello,2022,2,Violencia intrafamiliar,98
Antioquia,Bello,2022,2,Hurto a residencias,44
Antioquia,Bello,2022,2,Extorsión,7
Antioquia,Bello,2022,3,Hurto a personas,222
Antioquia,Bello,2022,3,Hurto a comercio,54
Antioquia,Bello,2022,3,Hurto de vehículos,43
Antioquia,Bello,2022,3,Lesiones personales,153
Antioquia,Bello,2022,3,Homicidio,10
Antioquia,Bello,2022,3,Violencia intrafamiliar,76
Antioquia,Bello,2022,3,Hurto a residencias,48
Antioquia,Bello,2022,3,Extorsión,5
Antioquia,Bello,2022,4,Hurto a personas,161
Antioquia,Bello,2022,4,Hurto a comercio,60
Antioquia,Bello,2022,4,Hurto de vehículos,29
Antioquia,Bello,2022,4,Lesiones personales,120
Antioquia,Bello,2022,4,Homicidio,9
Antioquia,Bello,2022,4,Violencia intrafamiliar,87
Antioquia,Bello,2022,4,Hurto a residencias,35
Antioquia,Bello,2022,4,Extorsión,5
Antioquia,Bello,2022,5,Hurto a personas,172
Antioquia,Bello,2022,5,Hurto a comercio,55
Antioquia,Bello,2022,5,Hurto de vehículos,37
Antioquia,Bello,2022,5,Lesiones personales,109
Antioquia,Bello,2022,5,Homicidio,10
Antioquia,Bello,2022,5,Violencia intrafamiliar,72
Antioquia,Bello,2022,5,Hurto a residencias,39
Antioquia,Bello,2022,5,Extorsión,6
Antioquia,Bello,2022,6,Hurto a personas,253
Antioquia,Bello,2022,6,Hurto a comercio,53
Antioquia,Bello,2022,6,Hurto de vehículos,35
Antioquia,Bello,2022,6,Lesiones personales,153
Antioquia,Bello,2022,6,Homicidio,9
Antioquia,Bello,2022,6,Violencia intrafamiliar,100
Antioquia,Bello,2022,6,Hurto a residencias,43
Antioquia,Bello,2022,6,Extorsión,7
Antioquia,Bello,2022,7,Hurto a personas,234
Antioquia,Bello,2022,7,Hurto a comercio,48
Antioquia,Bello,2022,7,Hurto de vehículos,42
Antioquia,Bello,2022,7,Lesiones personales,154
Antioquia,Bello,2022,7,Homicidio,8
Antioquia,Bello,2022,7,Violencia intrafamiliar,66
Antioquia,Bello,2022,7,Hurto a residencias,33
Antioquia,Bello,2022,7,Extorsión,5
Antioquia,Bello,2022,8,Hurto a personas,197
Antioquia,Bello,2022,8,Hurto a comercio,48
Antioquia,Bello,2022,8,Hurto de vehículos,30
Antioquia,Bello,2022,8,Lesiones personales,129
Antioquia,Bello,2022,8,Homicidio,10
Antioquia,Bello,2022,8,Violencia intrafamiliar,96
Antioquia,Bello,2022,8,Hurto a residencias,35
Antioquia,Bello,2022,8,Extorsión,6
Antioquia,Bello,2022,9,Hurto a personas,211
Antioquia,Bello,2022,9,Hurto a comercio,56
Antioquia,Bello,2022,9,Hurto de vehículos,40
Antioquia,Bello,2022,9,Lesiones personales,129
Antioquia,Bello,2022,9,Homicidio,12
Antioquia,Bello,2022,9,Violencia intrafamiliar,70
Antioquia,Bello,2022,9,Hurto a residencias,35
Antioquia,Bello,2022,9,Extorsión,7
Antioquia,Bello,2022,10,Hurto a personas,161
Antioquia,Bello,2022,10,Hurto a comercio,48
Antioquia,Bello,2022,10,Hurto de vehículos,37
Antioquia,Bello,2022,10,Lesiones personales,137
Antioquia,Bello,2022,10,Homicidio,9
Antioquia,Bello,2022,10,Violencia intrafamiliar,65
Antioquia,Bello,2022,10,Hurto a residencias,50
Antioquia,Bello,2022,10,Extorsión,5
Antioquia,Bello,2022,11,Hurto a personas,172
Antioquia,Bello,2022,11,Hurto a comercio,50
Antioquia,Bello,2022,11,Hurto de vehículos,43
Antioquia,Bello,2022,11,Lesiones personales,120
Antioquia,Bello,2022,11,Homicidio,11
Antioquia,Bello,2022,11,Violencia intrafamiliar,91
Antioquia,Bello,2022,11,Hurto a residencias,42
Antioquia,Bello,2022,11,Extorsión,6
Antioquia,Bello,2022,12,Hurto a personas,265
Antioquia,Bello,2022,12,Hurto a comercio,72
Antioquia,Bello,2022,12,Hurto de vehículos,41
Antioquia,Bello,2022,12,Lesiones personales,151
Antioquia,Bello,2022,12,Homicidio,14
Antioquia,Bello,2022,12,Violencia intrafamiliar,88
Antioquia,Bello,2022,12,Hurto a residencias,51
Antioquia,Bello,2022,12,Extorsión,7
Antioquia,Bello,2023,1,Hurto a personas,190
Antioquia,Bello,2023,1,Hurto a comercio,47
Antioquia,Bello,2023,1,Hurto de vehículos,34
Antioquia,Bello,2023,1,Lesiones personales,134
Antioquia,Bello,2023,1,Homicidio,11
Antioquia,Bello,2023,1,Violencia intrafamiliar,67
Antioquia,Bello,2023,1,Hurto a residencias,43
Antioquia,Bello,2023,1,Extorsión,5
Antioquia,Bello,2023,2,Hurto a personas,230
Antioquia,Bello,2023,2,Hurto a comercio,44
Antioquia,Bello,2023,2,Hurto de vehículos,40
Antioquia,Bello,2023,2,Lesiones personales,125
Antioquia,Bello,2023,2,Homicidio,9
Antioquia,Bello,2023,2,Violencia intrafamiliar,74
Antioquia,Bello,2023,2,Hurto a residencias,49
Antioquia,Bello,2023,2,Extorsión,5
Antioquia,Bello,2023,3,Hurto a personas,212
Antioquia,Bello,2023,3,Hurto a comercio,49
Antioquia,Bello,2023,3,Hurto de vehículos,42
Antioquia,Bello,2023,3,Lesiones personales,118
Antioquia,Bello,2023,3,Homicidio,11
Antioquia,Bello,2023,3,Violencia intrafamiliar,76
Antioquia,Bello,2023,3,Hurto a residencias,31
Antioquia,Bello,2023,3,Extorsión,5
Antioquia,Bello,2023,4,Hurto a personas,184
Antioquia,Bello,2023,4,Hurto a comercio,39
Antioquia,Bello,2023,4,Hurto de vehículos,30
Antioquia,Bello,2023,4,Lesiones personales,122
Antioquia,Bello,2023,4,Homicidio,9
Antioquia,Bello,2023,4,Violencia intrafamiliar,72
Antioquia,Bello,2023,4,Hurto a residencias,45
Antioquia,Bello,2023,4,Extorsión,7
Antioquia,Bello,2023,5,Hurto a personas,178
Antioquia,Bello,2023,5,Hurto a comercio,46
Antioquia,Bello,2023,5,Hurto de vehículos,43
Antioquia,Bello,2023,5,Lesiones personales,98
Antioquia,Bello,2023,5,Homicidio,9
Antioquia,Bello,2023,5,Violencia intrafamiliar,62
Antioquia,Bello,2023,5,Hurto a residencias,40
Antioquia,Bello,2023,5,Extorsión,4
Antioquia,Bello,2023,6,Hurto a personas,249
Antioquia,Bello,2023,6,Hurto a comercio,56
Antioquia,Bello,2023,6,Hurto de vehículos,42
Antioquia,Bello,2023,6,Lesiones personales,144
Antioquia,Bello,2023,6,Homicidio,11
Antioquia,Bello,2023,6,Violencia intrafamiliar,98
Antioquia,Bello,2023,6,Hurto a residencias,38
Antioquia,Bello,2023,6,Extorsión,5
Antioquia,Bello,2023,7,Hurto a personas,172
Antioquia,Bello,2023,7,Hurto a comercio,50
Antioquia,Bello,2023,7,Hurto de vehículos,34
Antioquia,Bello,2023,7,Lesiones personales,132
Antioquia,Bello,2023,7,Homicidio,8
Antioquia,Bello,2023,7,Violencia intrafamiliar,78
Antioquia,Bello,2023,7,Hurto a residencias,31
Antioquia,Bello,2023,7,Extorsión,7
Antioquia,Bello,2023,8,Hurto a personas,206
Antioquia,Bello,2023,8,Hurto a comercio,50
Antioquia,Bello,2023,8,Hurto de vehículos,33
Antioquia,Bello,2023,8,Lesiones personales,112
Antioquia,Bello,2023,8,Homicidio,8
Antioquia,Bello,2023,8,Violencia intrafamiliar,65
Antioquia,Bello,2023,8,Hurto a residencias,34
Antioquia,Bello,2023,8,Extorsión,5
Antioquia,Bello,2023,9,Hurto a personas,208
Antioquia,Bello,2023,9,Hurto a comercio,44
Antioquia,Bello,2023,9,Hurto de vehículos,47
Antioquia,Bello,2023,9,Lesiones personales,112
Antioquia,Bello,2023,9,Homicidio,10
Antioquia,Bello,2023,9,Violencia intrafamiliar,88
Antioquia,Bello,2023,9,Hurto a residencias,35
Antioquia,Bello,2023,9,Extorsión,7
Antioquia,Bello,2023,10,Hurto a personas,181
Antioquia,Bello,2023,10,Hurto a comercio,46
Antioquia,Bello,2023,10,Hurto de vehículos,37
Antioquia,Bello,2023,10,Lesiones personales,109
Antioquia,Bello,2023,10,Homicidio,10
Antioquia,Bello,2023,10,Violencia intrafamiliar,63
Antioquia,Bello,2023,10,Hurto a residencias,35
Antioquia,Bello,2023,10,Extorsión,6
Antioquia,Bello,2023,11,Hurto a personas,195
Antioquia,Bello,2023,11,Hurto a comercio,50
Antioquia,Bello,2023,11,Hurto de vehículos,29
Antioquia,Bello,2023,11,Lesiones personales,99
Antioquia,Bello,2023,11,Homicidio,9
Antioquia,Bello,2023,11,Violencia intrafamiliar,64
Antioquia,Bello,2023,11,Hurto a residencias,31
Antioquia,Bello,2023,11,Extorsión,7
Antioquia,Bello,2023,12,Hurto a personas,189
Antioquia,Bello,2023,12,Hurto a comercio,53
Antioquia,Bello,2023,12,Hurto de vehículos,44
Antioquia,Bello,2023,12,Lesiones personales,153
Antioquia,Bello,2023,12,Homicidio,13
Antioquia,Bello,2023,12,Violencia intrafamiliar,103
Antioquia,Bello,2023,12,Hurto a residencias,52
Antioquia,Bello,2023,12,Extorsión,6
Antioquia,Bello,2024,1,Hurto a personas,193
Antioquia,Bello,2024,1,Hurto a comercio,44
Antioquia,Bello,2024,1,Hurto de vehículos,36
Antioquia,Bello,2024,1,Lesiones personales,123
Antioquia,Bello,2024,1,Homicidio,8
Antioquia,Bello,2024,1,Violencia intrafamiliar,70
Antioquia,Bello,2024,1,Hurto a residencias,37
Antioquia,Bello,2024,1,Extorsión,5
Antioquia,Bello,2024,2,Hurto a personas,191
Antioquia,Bello,2024,2,Hurto a comercio,43
Antioquia,Bello,2024,2,Hurto de vehículos,31
Antioquia,Bello,2024,2,Lesiones personales,130
Antioquia,Bello,2024,2,Homicidio,10
Antioquia,Bello,2024,2,Violencia intrafamiliar,72
Antioquia,Bello,2024,2,Hurto a residencias,41
Antioquia,Bello,2024,2,Extorsión,5
Antioquia,Bello,2024,3,Hurto a personas,218
Antioquia,Bello,2024,3,Hurto a comercio,39
Antioquia,Bello,2024,3,Hurto de vehículos,28
Antioquia,Bello,2024,3,Lesiones personales,111
Antioquia,Bello,2024,3,Homicidio,9
Antioquia,Bello,2024,3,Violencia intrafamiliar,62
Antioquia,Bello,2024,3,Hurto a residencias,47
Antioquia,Bello,2024,3,Extorsión,5
Antioquia,Bello,2024,4,Hurto a personas,162
Antioquia,Bello,2024,4,Hurto a comercio,49
Antioquia,Bello,2024,4,Hurto de vehículos,34
Antioquia,Bello,2024,4,Lesiones personales,114
Antioquia,Bello,2024,4,Homicidio,9
Antioquia,Bello,2024,4,Violencia intrafamiliar,66
Antioquia,Bello,2024,4,Hurto a residencias,47
Antioquia,Bello,2024,4,Extorsión,6
Antioquia,Bello,2024,5,Hurto a personas,190
Antioquia,Bello,2024,5,Hurto a comercio,50
Antioquia,Bello,2024,5,Hurto de vehículos,31
Antioquia,Bello,2024,5,Lesiones personales,128
Antioquia,Bello,2024,5,Homicidio,11
Antioquia,Bello,2024,5,Violencia intrafamiliar,60
Antioquia,Bello,2024,5,Hurto a residencias,32
Antioquia,Bello,2024,5,Extorsión,6
Antioquia,Bello,2024,6,Hurto a personas,168
Antioquia,Bello,2024,6,Hurto a comercio,62
Antioquia,Bello,2024,6,Hurto de vehículos,35
Antioquia,Bello,2024,6,Lesiones personales,134
Antioquia,Bello,2024,6,Homicidio,11
Antioquia,Bello,2024,6,Violencia intrafamiliar,95
Antioquia,Bello,2024,6,Hurto a residencias,40
Antioquia,Bello,2024,6,Extorsión,6
Antioquia,Bello,2024,7,Hurto a personas,225
Antioquia,Bello,2024,7,Hurto a comercio,54
Antioquia,Bello,2024,7,Hurto de vehículos,33
Antioquia,Bello,2024,7,Lesiones personales,112
Antioquia,Bello,2024,7,Homicidio,9
Antioquia,Bello,2024,7,Violencia intrafamiliar,62
Antioquia,Bello,2024,7,Hurto a residencias,40
Antioquia,Bello,2024,7,Extorsión,5
Antioquia,Bello,2024,8,Hurto a personas,170
Antioquia,Bello,2024,8,Hurto a comercio,59
Antioquia,Bello,2024,8,Hurto de vehículos,28
Antioquia,Bello,2024,8,Lesiones personales,118
Antioquia,Bello,2024,8,Homicidio,11
Antioquia,Bello,2024,8,Violencia intrafamiliar,70
Antioquia,Bello,2024,8,Hurto a residencias,40
Antioquia,Bello,2024,8,Extorsión,6
Antioquia,Bello,2024,9,Hurto a personas,190
Antioquia,Bello,2024,9,Hurto a comercio,47
Antioquia,Bello,2024,9,Hurto de vehículos,28
Antioquia,Bello,2024,9,Lesiones personales,132
Antioquia,Bello,2024,9,Homicidio,8
Antioquia,Bello,2024,9,Violencia intrafamiliar,79
Antioquia,Bello,2024,9,Hurto a residencias,34
Antioquia,Bello,2024,9,Extorsión,6
Antioquia,Bello,2024,10,Hurto a personas,236
Antioquia,Bello,2024,10,Hurto a comercio,61
Antioquia,Bello,2024,10,Hurto de vehículos,38
Antioquia,Bello,2024,10,Lesiones personales,135
Antioquia,Bello,2024,10,Homicidio,9
Antioquia,Bello,2024,10,Violencia intrafamiliar,61
Antioquia,Bello,2024,10,Hurto a residencias,42
Antioquia,Bello,2024,10,Extorsión,7
Antioquia,Bello,2024,11,Hurto a personas,202
Antioquia,Bello,2024,11,Hurto a comercio,44
Antioquia,Bello,2024,11,Hurto de vehículos,32
Antioquia,Bello,2024,11,Lesiones personales,106
Antioquia,Bello,2024,11,Homicidio,10
Antioquia,Bello,2024,11,Violencia intrafamiliar,68
Antioquia,Bello,2024,11,Hurto a residencias,44
Antioquia,Bello,2024,11,Extorsión,5
Antioquia,Bello,2024,12,Hurto a personas,185
Antioquia,Bello,2024,12,Hurto a comercio,60
Antioquia,Bello,2024,12,Hurto de vehículos,42
Antioquia,Bello,2024,12,Lesiones personales,113
Antioquia,Bello,2024,12,Homicidio,11
Antioquia,Bello,2024,12,Violencia intrafamiliar,85
Antioquia,Bello,2024,12,Hurto a residencias,48
Antioquia,Bello,2024,12,Extorsión,7
Antioquia,Envigado,2020,1,Hurto a personas,53
Antioquia,Envigado,2020,1,Hurto a comercio,15
Antioquia,Envigado,2020,1,Hurto de vehículos,11
Antioquia,Envigado,2020,1,Lesiones personales,36
Antioquia,Envigado,2020,1,Homicidio,2
Antioquia,Envigado,2020,1,Violencia intrafamiliar,25
Antioquia,Envigado,2020,1,Hurto a residencias,13
Antioquia,Envigado,2020,1,Extorsión,1
Antioquia,Envigado,2020,2,Hurto a personas,56
Antioquia,Envigado,2020,2,Hurto a comercio,16
Antioquia,Envigado,2020,2,Hurto de vehículos,8
Antioquia,Envigado,2020,2,Lesiones personales,37
Antioquia,Envigado,2020,2,Homicidio,3
Antioquia,Envigado,2020,2,Violencia intrafamiliar,26
Antioquia,Envigado,2020,2,Hurto a residencias,9
Antioquia,Envigado,2020,2,Extorsión,2
Antioquia,Envigado,2020,3,Hurto a personas,66
Antioquia,Envigado,2020,3,Hurto a comercio,13
Antioquia,Envigado,2020,3,Hurto de vehículos,8
Antioquia,Envigado,2020,3,Lesiones personales,38
Antioquia,Envigado,2020,3,Homicidio,2
Antioquia,Envigado,2020,3,Violencia intrafamiliar,21
Antioquia,Envigado,2020,3,Hurto a residencias,12
Antioquia,Envigado,2020,3,Extorsión,2
Antioquia,Envigado,2020,4,Hurto a personas,50
Antioquia,Envigado,2020,4,Hurto a comercio,15
Antioquia,Envigado,2020,4,Hurto de vehículos,8
Antioquia,Envigado,2020,4,Lesiones personales,34
Antioquia,Envigado,2020,4,Homicidio,2
Antioquia,Envigado,2020,4,Violencia intrafamiliar,25
Antioquia,Envigado,2020,4,Hurto a residencias,14
Antioquia,Envigado,2020,4,Extorsión,1
Antioquia,Envigado,2020,5,Hurto a personas,46
Antioquia,Envigado,2020,5,Hurto a comercio,12
Antioquia,Envigado,2020,5,Hurto de vehículos,10
Antioquia,Envigado,2020,5,Lesiones personales,32
Antioquia,Envigado,2020,5,Homicidio,3
Antioquia,Envigado,2020,5,Violencia intrafamiliar,16
Antioquia,Envigado,2020,5,Hurto a residencias,12
Antioquia,Envigado,2020,5,Extorsión,1
Antioquia,Envigado,2020,6,Hurto a personas,57
Antioquia,Envigado,2020,6,Hurto a comercio,15
Antioquia,Envigado,2020,6,Hurto de vehículos,12
Antioquia,Envigado,2020,6,Lesiones personales,43
Antioquia,Envigado,2020,6,Homicidio,3
Antioquia,Envigado,2020,6,Violencia intrafamiliar,22
Antioquia,Envigado,2020,6,Hurto a residencias,11
Antioquia,Envigado,2020,6,Extorsión,1
Antioquia,Envigado,2020,7,Hurto a personas,49
Antioquia,Envigado,2020,7,Hurto a comercio,15
Antioquia,Envigado,2020,7,Hurto de vehículos,9
Antioquia,Envigado,2020,7,Lesiones personales,35
Antioquia,Envigado,2020,7,Homicidio,2
Antioquia,Envigado,2020,7,Violencia intrafamiliar,21
Antioquia,Envigado,2020,7,Hurto a residencias,10
Antioquia,Envigado,2020,7,Extorsión,1
Antioquia,Envigado,2020,8,Hurto a personas,61
Antioquia,Envigado,2020,8,Hurto a comercio,18
Antioquia,Envigado,2020,8,Hurto de vehículos,10
Antioquia,Envigado,2020,8,Lesiones personales,26
Antioquia,Envigado,2020,8,Homicidio,2
Antioquia,Envigado,2020,8,Violencia intrafamiliar,19
Antioquia,Envigado,2020,8,Hurto a residencias,11
Antioquia,Envigado,2020,8,Extorsión,1
Antioquia,Envigado,2020,9,Hurto a personas,51
Antioquia,Envigado,2020,9,Hurto a comercio,12
Antioquia,Envigado,2020,9,Hurto de vehículos,10
Antioquia,Envigado,2020,9,Lesiones personales,39
Antioquia,Envigado,2020,9,Homicidio,3
Antioquia,Envigado,2020,9,Violencia intrafamiliar,28
Antioquia,Envigado,2020,9,Hurto a residencias,13
Antioquia,Envigado,2020,9,Extorsión,1
Antioquia,Envigado,2020,10,Hurto a personas,63
Antioquia,Envigado,2020,10,Hurto a comercio,12
Antioquia,Envigado,2020,10,Hurto de vehículos,11
Antioquia,Envigado,2020,10,Lesiones personales,31
Antioquia,Envigado,2020,10,Homicidio,3
Antioquia,Envigado,2020,10,Violencia intrafamiliar,18
Antioquia,Envigado,2020,10,Hurto a residencias,12
Antioquia,Envigado,2020,10,Extorsión,1
Antioquia,Envigado,2020,11,Hurto a personas,52
Antioquia,Envigado,2020,11,Hurto a comercio,14
Antioquia,Envigado,2020,11,Hurto de vehículos,10
Antioquia,Envigado,2020,11,Lesiones personales,39
Antioquia,Envigado,2020,11,Homicidio,2
Antioquia,Envigado,2020,11,Violencia intrafamiliar,24
Antioquia,Envigado,2020,11,Hurto a residencias,12
Antioquia,Envigado,2020,11,Extorsión,2
Antioquia,Envigado,2020,12,Hurto a personas,75
Antioquia,Envigado,2020,12,Hurto a comercio,15
Antioquia,Envigado,2020,12,Hurto de vehículos,10
Antioquia,Envigado,2020,12,Lesiones personales,43
Antioquia,Envigado,2020,12,Homicidio,3
Antioquia,Envigado,2020,12,Violencia intrafamiliar,23
Antioquia,Envigado,2020,12,Hurto a residencias,12
Antioquia,Envigado,2020,12,Extorsión,2
Antioquia,Envigado,2021,1,Hurto a personas,63
Antioquia,Envigado,2021,1,Hurto a comercio,13
Antioquia,Envigado,2021,1,Hurto de vehículos,12
Antioquia,Envigado,2021,1,Lesiones personales,38
Antioquia,Envigado,2021,1,Homicidio,2
Antioquia,Envigado,2021,1,Violencia intrafamiliar,23
Antioquia,Envigado,2021,1,Hurto a residencias,12
Antioquia,Envigado,2021,1,Extorsión,2
Antioquia,Envigado,2021,2,Hurto a personas,43
Antioquia,Envigado,2021,2,Hurto a comercio,15
Antioquia,Envigado,2021,2,Hurto de vehículos,10
Antioquia,Envigado,2021,2,Lesiones personales,27
Antioquia,Envigado,2021,2,Homicidio,3
Antioquia,Envigado,2021,2,Violencia intrafamiliar,26
Antioquia,Envigado,2021,2,Hurto a residencias,11
Antioquia,Envigado,2021,2,Extorsión,2
Antioquia,Envigado,2021,3,Hurto a personas,50
Antioquia,Envigado,2021,3,Hurto a comercio,18
Antioquia,Envigado,2021,3,Hurto de vehículos,9
Antioquia,Envigado,2021,3,Lesiones personales,36
Antioquia,Envigado,2021,3,Homicidio,3
Antioquia,Envigado,2021,3,Violencia intrafamiliar,26
Antioquia,Envigado,2021,3,Hurto a residencias,8
Antioquia,Envigado,2021,3,Extorsión,1
Antioquia,Envigado,2021,4,Hurto a personas,60
Antioquia,Envigado,2021,4,Hurto a comercio,11
Antioquia,Envigado,2021,4,Hurto de vehículos,9
Antioquia,Envigado,2021,4,Lesiones personales,28
Antioquia,Envigado,2021,4,Homicidio,2
Antioquia,Envigado,2021,4,Violencia intrafamiliar,23
Antioquia,Envigado,2021,4,Hurto a residencias,10
Antioquia,Envigado,2021,4,Extorsión,1
Antioquia,Envigado,2021,5,Hurto a personas,45
Antioquia,Envigado,2021,5,Hurto a comercio,12
Antioquia,Envigado,2021,5,Hurto de vehículos,8
Antioquia,Envigado,2021,5,Lesiones personales,39
Antioquia,Envigado,2021,5,Homicidio,2
Antioquia,Envigado,2021,5,Violencia intrafamiliar,22
Antioquia,Envigado,2021,5,Hurto a residencias,13
Antioquia,Envigado,2021,5,Extorsión,1
Antioquia,Envigado,2021,6,Hurto a personas,59
Antioquia,Envigado,2021,6,Hurto a comercio,16
Antioquia,Envigado,2021,6,Hurto de vehículos,12
Antioquia,Envigado,2021,6,Lesiones personales,36
Antioquia,Envigado,2021,6,Homicidio,2
Antioquia,Envigado,2021,6,Violencia intrafamiliar,18
Antioquia,Envigado,2021,6,Hurto a residencias,13
Antioquia,Envigado,2021,6,Extorsión,2
Antioquia,Envigado,2021,7,Hurto a personas,49
Antioquia,Envigado,2021,7,Hurto a comercio,16
Antioquia,Envigado,2021,7,Hurto de vehículos,8
Antioquia,Envigado,2021,7,Lesiones personales,33
Antioquia,Envigado,2021,7,Homicidio,2
Antioquia,Envigado,2021,7,Violencia intrafamiliar,16
Antioquia,Envigado,2021,7,Hurto a residencias,12
Antioquia,Envigado,2021,7,Extorsión,1
Antioquia,Envigado,2021,8,Hurto a personas,45
Antioquia,Envigado,2021,8,Hurto a comercio,15
Antioquia,Envigado,2021,8,Hurto de vehículos,8
Antioquia,Envigado,2021,8,Lesiones personales,30
Antioquia,Envigado,2021,8,Homicidio,3
Antioquia,Envigado,2021,8,Violencia intrafamiliar,21
Antioquia,Envigado,2021,8,Hurto a residencias,14
Antioquia,Envigado,2021,8,Extorsión,1
Antioquia,Envigado,2021,9,Hurto a personas,52
Antioquia,Envigado,2021,9,Hurto a comercio,16
Antioquia,Envigado,2021,9,Hurto de vehículos,8
Antioquia,Envigado,2021,9,Lesiones personales,28
Antioquia,Envigado,2021,9,Homicidio,3
Antioquia,Envigado,2021,9,Violencia intrafamiliar,21
Antioquia,Envigado,2021,9,Hurto a residencias,9
Antioquia,Envigado,2021,9,Extorsión,1
Antioquia,Envigado,2021,10,Hurto a personas,59
Antioquia,Envigado,2021,10,Hurto a comercio,16
Antioquia,Envigado,2021,10,Hurto de vehículos,10
Antioquia,Envigado,2021,10,Lesiones personales,40
Antioquia,Envigado,2021,10,Homicidio,2
Antioquia,Envigado,2021,10,Violencia intrafamiliar,19
Antioquia,Envigado,2021,10,Hurto a residencias,9
Antioquia,Envigado,2021,10,Extorsión,1
Antioquia,Envigado,2021,11,Hurto a personas,45
Antioquia,Envigado,2021,11,Hurto a comercio,14
Antioquia,Envigado,2021,11,Hurto de vehículos,10
Antioquia,Envigado,2021,11,Lesiones personales,38
Antioquia,Envigado,2021,11,Homicidio,2
Antioquia,Envigado,2021,11,Violencia intrafamiliar,17
Antioquia,Envigado,2021,11,Hurto a residencias,12
Antioquia,Envigado,2021,11,Extorsión,2
Antioquia,Envigado,2021,12,Hurto a personas,51
Antioquia,Envigado,2021,12,Hurto a comercio,19
Antioquia,Envigado,2021,12,Hurto de vehículos,12
Antioquia,Envigado,2021,12,Lesiones personales,42
Antioquia,Envigado,2021,12,Homicidio,3
Antioquia,Envigado,2021,12,Violencia intrafamiliar,25
Antioquia,Envigado,2021,12,Hurto a residencias,13
Antioquia,Envigado,2021,12,Extorsión,2
Antioquia,Envigado,2022,1,Hurto a personas,58
Antioquia,Envigado,2022,1,Hurto a comercio,12
Antioquia,Envigado,2022,1,Hurto de vehículos,11
Antioquia,Envigado,2022,1,Lesiones personales,36
Antioquia,Envigado,2022,1,Homicidio,3
Antioquia,Envigado,2022,1,Violencia intrafamiliar,22
Antioquia,Envigado,2022,1,Hurto a residencias,13
Antioquia,Envigado,2022,1,Extorsión,1
Antioquia,Envigado,2022,2,Hurto a personas,65
Antioquia,Envigado,2022,2,Hurto a comercio,14
Antioquia,Envigado,2022,2,Hurto de vehículos,11
Antioquia,Envigado,2022,2,Lesiones personales,36
Antioquia,Envigado,2022,2,Homicidio,3
Antioquia,Envigado,2022,2,Violencia intrafamiliar,22
Antioquia,Envigado,2022,2,Hurto a residencias,9
Antioquia,Envigado,2022,2,Extorsión,1
Antioquia,Envigado,2022,3,Hurto a personas,53
Antioquia,Envigado,2022,3,Hurto a comercio,15
Antioquia,Envigado,2022,3,Hurto de vehículos,9
Antioquia,Envigado,2022,3,Lesiones personales,39
Antioquia,Envigado,2022,3,Homicidio,2
Antioquia,Envigado,2022,3,Violencia intrafamiliar,25
Antioquia,Envigado,2022,3,Hurto a residencias,10
Antioquia,Envigado,2022,3,Extorsión,2
Antioquia,Envigado,2022,4,Hurto a personas,51
Antioquia,Envigado,2022,4,Hurto a comercio,15
Antioquia,Envigado,2022,4,Hurto de vehículos,10
Antioquia,Envigado,2022,4,Lesiones personales,36
Antioquia,Envigado,2022,4,Homicidio,2
Antioquia,Envigado,2022,4,Violencia intrafamiliar,20
Antioquia,Envigado,2022,4,Hurto a residencias,11
Antioquia,Envigado,2022,4,Extorsión,1
Antioquia,Envigado,2022,5,Hurto a personas,65
Antioquia,Envigado,2022,5,Hurto a comercio,11
Antioquia,Envigado,2022,5,Hurto de vehículos,10
Antioquia,Envigado,2022,5,Lesiones personales,26
Antioquia,Envigado,2022,5,Homicidio,2
Antioquia,Envigado,2022,5,Violencia intrafamiliar,20
Antioquia,Envigado,2022,5,Hurto a residencias,12
Antioquia,Envigado,2022,5,Extorsión,1
Antioquia,Envigado,2022,6,Hurto a personas,64
Antioquia,Envigado,2022,6,Hurto a comercio,12
Antioquia,Envigado,2022,6,Hurto de vehículos,9
Antioquia,Envigado,2022,6,Lesiones personales,39
Antioquia,Envigado,2022,6,Homicidio,3
Antioquia,Envigado,2022,6,Violencia intrafamiliar,24
Antioquia,Envigado,2022,6,Hurto a residencias,9
Antioquia,Envigado,2022,6,Extorsión,1
Antioquia,Envigado,2022,7,Hurto a personas,50
Antioquia,Envigado,2022,7,Hurto a comercio,12
Antioquia,Envigado,2022,7,Hurto de vehículos,8
Antioquia,Envigado,2022,7,Lesiones personales,29
Antioquia,Envigado,2022,7,Homicidio,2
Antioquia,Envigado,2022,7,Violencia intrafamiliar,20
Antioquia,Envigado,2022,7,Hurto a residencias,10
Antioquia,Envigado,2022,7,Extorsión,1
Antioquia,Envigado,2022,8,Hurto a personas,57
Antioquia,Envigado,2022,8,Hurto a comercio,14
Antioquia,Envigado,2022,8,Hurto de vehículos,10
Antioquia,Envigado,2022,8,Lesiones personales,37
Antioquia,Envigado,2022,8,Homicidio,2
Antioquia,Envigado,2022,8,Violencia intrafamiliar,17
Antioquia,Envigado,2022,8,Hurto a residencias,10
Antioquia,Envigado,2022,8,Extorsión,1
Antioquia,Envigado,2022,9,Hurto a personas,46
Antioquia,Envigado,2022,9,Hurto a comercio,11
Antioquia,Envigado,2022,9,Hurto de vehículos,10
Antioquia,Envigado,2022,9,Lesiones personales,39
Antioquia,Envigado,2022,9,Homicidio,3
Antioquia,Envigado,2022,9,Violencia intrafamiliar,19
Antioquia,Envigado,2022,9,Hurto a residencias,10
Antioquia,Envigado,2022,9,Extorsión,1
Antioquia,Envigado,2022,10,Hurto a personas,40
Antioquia,Envigado,2022,10,Hurto a comercio,13
Antioquia,Envigado,2022,10,Hurto de vehículos,10
Antioquia,Envigado,2022,10,Lesiones personales,32
Antioquia,Envigado,2022,10,Homicidio,2
Antioquia,Envigado,2022,10,Violencia intrafamiliar,20
Antioquia,Envigado,2022,10,Hurto a residencias,11
Antioquia,Envigado,2022,10,Extorsión,1
Antioquia,Envigado,2022,11,Hurto a personas,55
Antioquia,Envigado,2022,11,Hurto a comercio,11
Antioquia,Envigado,2022,11,Hurto de vehículos,12
Antioquia,Envigado,2022,11,Lesiones personales,39
Antioquia,Envigado,2022,11,Homicidio,3
Antioquia,Envigado,2022,11,Violencia intrafamiliar,22
Antioquia,Envigado,2022,11,Hurto a residencias,10
Antioquia,Envigado,2022,11,Extorsión,1
Antioquia,Envigado,2022,12,Hurto a personas,56
Antioquia,Envigado,2022,12,Hurto a comercio,14
Antioquia,Envigado,2022,12,Hurto de vehículos,9
Antioquia,Envigado,2022,12,Lesiones personales,40
Antioquia,Envigado,2022,12,Homicidio,3
Antioquia,Envigado,2022,12,Violencia intrafamiliar,26
Antioquia,Envigado,2022,12,Hurto a residencias,12
Antioquia,Envigado,2022,12,Extorsión,2
Antioquia,Envigado,2023,1,Hurto a personas,63
Antioquia,Envigado,2023,1,Hurto a comercio,13
Antioquia,Envigado,2023,1,Hurto de vehículos,10
Antioquia,Envigado,2023,1,Lesiones personales,30
Antioquia,Envigado,2023,1,Homicidio,2
Antioquia,Envigado,2023,1,Violencia intrafamiliar,23
Antioquia,Envigado,2023,1,Hurto a residencias,10
Antioquia,Envigado,2023,1,Extorsión,2
Antioquia,Envigado,2023,2,Hurto a personas,41
Antioquia,Envigado,2023,2,Hurto a comercio,12
Antioquia,Envigado,2023,2,Hurto de vehículos,9
Antioquia,Envigado,2023,2,Lesiones personales,26
Antioquia,Envigado,2023,2,Homicidio,2
Antioquia,Envigado,2023,2,Violencia intrafamiliar,20
Antioquia,Envigado,2023,2,Hurto a residencias,10
Antioquia,Envigado,2023,2,Extorsión,1
Antioquia,Envigado,2023,3,Hurto a personas,39
Antioquia,Envigado,2023,3,Hurto a comercio,15
Antioquia,Envigado,2023,3,Hurto de vehículos,9
Antioquia,Envigado,2023,3,Lesiones personales,27
Antioquia,Envigado,2023,3,Homicidio,2
Antioquia,Envigado,2023,3,Violencia intrafamiliar,21
Antioquia,Envigado,2023,3,Hurto a residencias,11
Antioquia,Envigado,2023,3,Extorsión,1
Antioquia,Envigado,2023,4,Hurto a personas,46
Antioquia,Envigado,2023,4,Hurto a comercio,13
Antioquia,Envigado,2023,4,Hurto de vehículos,10
Antioquia,Envigado,2023,4,Lesiones personales,25
Antioquia,Envigado,2023,4,Homicidio,2
Antioquia,Envigado,2023,4,Violencia intrafamiliar,19
Antioquia,Envigado,2023,4,Hurto a residencias,11
Antioquia,Envigado,2023,4,Extorsión,2
Antioquia,Envigado,2023,5,Hurto a personas,38
Antioquia,Envigado,2023,5,Hurto a comercio,13
Antioquia,Envigado,2023,5,Hurto de vehículos,9
Antioquia,Envigado,2023,5,Lesiones personales,39
Antioquia,Envigado,2023,5,Homicidio,2
Antioquia,Envigado,2023,5,Violencia intrafamiliar,17
Antioquia,Envigado,2023,5,Hurto a residencias,9
Antioquia,Envigado,2023,5,Extorsión,1
Antioquia,Envigado,2023,6,Hurto a personas,59
Antioquia,Envigado,2023,6,Hurto a comercio,13
Antioquia,Envigado,2023,6,Hurto de vehículos,8
Antioquia,Envigado,2023,6,Lesiones personales,34
Antioquia,Envigado,2023,6,Homicidio,2
Antioquia,Envigado,2023,6,Violencia intrafamiliar,18
Antioquia,Envigado,2023,6,Hurto a residencias,10
Antioquia,Envigado,2023,6,Extorsión,1
Antioquia,Envigado,2023,7,Hurto a personas,56
Antioquia,Envigado,2023,7,Hurto a comercio,13
Antioquia,Envigado,2023,7,Hurto de vehículos,7
Antioquia,Envigado,2023,7,Lesiones personales,34
Antioquia,Envigado,2023,7,Homicidio,2
Antioquia,Envigado,2023,7,Violencia intrafamiliar,21
Antioquia,Envigado,2023,7,Hurto a residencias,9
Antioquia,Envigado,2023,7,Extorsión,1
Antioquia,Envigado,2023,8,Hurto a personas,49
Antioquia,Envigado,2023,8,Hurto a comercio,14
Antioquia,Envigado,2023,8,Hurto de vehículos,8
Antioquia,Envigado,2023,8,Lesiones personales,31
Antioquia,Envigado,2023,8,Homicidio,2
Antioquia,Envigado,2023,8,Violencia intrafamiliar,20
Antioquia,Envigado,2023,8,Hurto a residencias,9
Antioquia,Envigado,2023,8,Extorsión,2
Antioquia,Envigado,2023,9,Hurto a personas,54
Antioquia,Envigado,2023,9,Hurto a comercio,15
Antioquia,Envigado,2023,9,Hurto de vehículos,8
Antioquia,Envigado,2023,9,Lesiones personales,30
Antioquia,Envigado,2023,9,Homicidio,2
Antioquia,Envigado,2023,9,Violencia intrafamiliar,24
Antioquia,Envigado,2023,9,Hurto a residencias,10
Antioquia,Envigado,2023,9,Extorsión,1
Antioquia,Envigado,2023,10,Hurto a personas,59
Antioquia,Envigado,2023,10,Hurto a comercio,12
Antioquia,Envigado,2023,10,Hurto de vehículos,10
Antioquia,Envigado,2023,10,Lesiones personales,35
Antioquia,Envigado,2023,10,Homicidio,2
Antioquia,Envigado,2023,10,Violencia intrafamiliar,18
Antioquia,Envigado,2023,10,Hurto a residencias,9
Antioquia,Envigado,2023,10,Extorsión,1
Antioquia,Envigado,2023,11,Hurto a personas,64
Antioquia,Envigado,2023,11,Hurto a comercio,11
Antioquia,Envigado,2023,11,Hurto de vehículos,11
Antioquia,Envigado,2023,11,Lesiones personales,34
Antioquia,Envigado,2023,11,Homicidio,2
Antioquia,Envigado,2023,11,Violencia intrafamiliar,26
Antioquia,Envigado,2023,11,Hurto a residencias,11
Antioquia,Envigado,2023,11,Extorsión,1
Antioquia,Envigado,2023,12,Hurto a personas,64
Antioquia,Envigado,2023,12,Hurto a comercio,15
Antioquia,Envigado,2023,12,Hurto de vehículos,9
Antioquia,Envigado,2023,12,Lesiones personales,32
Antioquia,Envigado,2023,12,Homicidio,3
Antioquia,Envigado,2023,12,Violencia intrafamiliar,25
Antioquia,Envigado,2023,12,Hurto a residencias,10
Antioquia,Envigado,2023,12,Extorsión,2
Antioquia,Envigado,2024,1,Hurto a personas,62
Antioquia,Envigado,2024,1,Hurto a comercio,12
Antioquia,Envigado,2024,1,Hurto de vehículos,10
Antioquia,Envigado,2024,1,Lesiones personales,31
Antioquia,Envigado,2024,1,Homicidio,2
Antioquia,Envigado,2024,1,Violencia intrafamiliar,23
Antioquia,Envigado,2024,1,Hurto a residencias,9
Antioquia,Envigado,2024,1,Extorsión,1
Antioquia,Envigado,2024,2,Hurto a personas,56
Antioquia,Envigado,2024,2,Hurto a comercio,10
Antioquia,Envigado,2024,2,Hurto de vehículos,7
Antioquia,Envigado,2024,2,Lesiones personales,34
Antioquia,Envigado,2024,2,Homicidio,2
Antioquia,Envigado,2024,2,Violencia intrafamiliar,23
Antioquia,Envigado,2024,2,Hurto a residencias,7
Antioquia,Envigado,2024,2,Extorsión,1
Antioquia,Envigado,2024,3,Hurto a personas,48
Antioquia,Envigado,2024,3,Hurto a comercio,10
Antioquia,Envigado,2024,3,Hurto de vehículos,12
Antioquia,Envigado,2024,3,Lesiones personales,31
Antioquia,Envigado,2024,3,Homicidio,2
Antioquia,Envigado,2024,3,Violencia intrafamiliar,16
Antioquia,Envigado,2024,3,Hurto a residencias,10
Antioquia,Envigado,2024,3,Extorsión,1
Antioquia,Envigado,2024,4,Hurto a personas,43
Antioquia,Envigado,2024,4,Hurto a comercio,14
Antioquia,Envigado,2024,4,Hurto de vehículos,8
Antioquia,Envigado,2024,4,Lesiones personales,29
Antioquia,Envigado,2024,4,Homicidio,2
Antioquia,Envigado,2024,4,Violencia intrafamiliar,17
Antioquia,Envigado,2024,4,Hurto a residencias,12
Antioquia,Envigado,2024,4,Extorsión,1
Antioquia,Envigado,2024,5,Hurto a personas,57
Antioquia,Envigado,2024,5,Hurto a comercio,16
Antioquia,Envigado,2024,5,Hurto de vehículos,10
Antioquia,Envigado,2024,5,Lesiones personales,38
Antioquia,Envigado,2024,5,Homicidio,2
Antioquia,Envigado,2024,5,Violencia intrafamiliar,17
Antioquia,Envigado,2024,5,Hurto a residencias,13
Antioquia,Envigado,2024,5,Extorsión,1
Antioquia,Envigado,2024,6,Hurto a personas,61
Antioquia,Envigado,2024,6,Hurto a comercio,16
Antioquia,Envigado,2024,6,Hurto de vehículos,10
Antioquia,Envigado,2024,6,Lesiones personales,39
Antioquia,Envigado,2024,6,Homicidio,2
Antioquia,Envigado,2024,6,Violencia intrafamiliar,21
Antioquia,Envigado,2024,6,Hurto a residencias,12
Antioquia,Envigado,2024,6,Extorsión,1
Antioquia,Envigado,2024,7,Hurto a personas,42
Antioquia,Envigado,2024,7,Hurto a comercio,10
Antioquia,Envigado,2024,7,Hurto de vehículos,9
Antioquia,Envigado,2024,7,Lesiones personales,36
Antioquia,Envigado,2024,7,Homicidio,2
Antioquia,Envigado,2024,7,Violencia intrafamiliar,20
Antioquia,Envigado,2024,7,Hurto a residencias,9
Antioquia,Envigado,2024,7,Extorsión,1
Antioquia,Envigado,2024,8,Hurto a personas,52
Antioquia,Envigado,2024,8,Hurto a comercio,12
Antioquia,Envigado,2024,8,Hurto de vehículos,8
Antioquia,Envigado,2024,8,Lesiones personales,34
Antioquia,Envigado,2024,8,Homicidio,2
Antioquia,Envigado,2024,8,Violencia intrafamiliar,20
Antioquia,Envigado,2024,8,Hurto a residencias,10
Antioquia,Envigado,2024,8,Extorsión,1
Antioquia,Envigado,2024,9,Hurto a personas,41
Antioquia,Envigado,2024,9,Hurto a comercio,17
Antioquia,Envigado,2024,9,Hurto de vehículos,10
Antioquia,Envigado,2024,9,Lesiones personales,25
Antioquia,Envigado,2024,9,Homicidio,2
Antioquia,Envigado,2024,9,Violencia intrafamiliar,21
Antioquia,Envigado,2024,9,Hurto a residencias,9
Antioquia,Envigado,2024,9,Extorsión,1
Antioquia,Envigado,2024,10,Hurto a personas,52
Antioquia,Envigado,2024,10,Hurto a comercio,15
Antioquia,Envigado,2024,10,Hurto de vehículos,8
Antioquia,Envigado,2024,10,Lesiones personales,25
Antioquia,Envigado,2024,10,Homicidio,3
Antioquia,Envigado,2024,10,Violencia intrafamiliar,18
Antioquia,Envigado,2024,10,Hurto a residencias,9
Antioquia,Envigado,2024,10,Extorsión,1
Antioquia,Envigado,2024,11,Hurto a personas,39
Antioquia,Envigado,2024,11,Hurto a comercio,13
Antioquia,Envigado,2024,11,Hurto de vehículos,8
Antioquia,Envigado,2024,11,Lesiones personales,32
Antioquia,Envigado,2024,11,Homicidio,2
Antioquia,Envigado,2024,11,Violencia intrafamiliar,19
Antioquia,Envigado,2024,11,Hurto a residencias,12
Antioquia,Envigado,2024,11,Extorsión,1
Antioquia,Envigado,2024,12,Hurto a personas,46
Antioquia,Envigado,2024,12,Hurto a comercio,17
Antioquia,Envigado,2024,12,Hurto de vehículos,9
Antioquia,Envigado,2024,12,Lesiones personales,37
Antioquia,Envigado,2024,12,Homicidio,2
Antioquia,Envigado,2024,12,Violencia intrafamiliar,26
Antioquia,Envigado,2024,12,Hurto a residencias,11
Antioquia,Envigado,2024,12,Extorsión,1
Antioquia,Itagüí,2020,1,Hurto a personas,101
Antioquia,Itagüí,2020,1,Hurto a comercio,31
Antioquia,Itagüí,2020,1,Hurto de vehículos,24
Antioquia,Itagüí,2020,1,Lesiones personales,64
Antioquia,Itagüí,2020,1,Homicidio,7
Antioquia,Itagüí,2020,1,Violencia intrafamiliar,41
Antioquia,Itagüí,2020,1,Hurto a residencias,24
Antioquia,Itagüí,2020,1,Extorsión,2
Antioquia,Itagüí,2020,2,Hurto a personas,110
Antioquia,Itagüí,2020,2,Hurto a comercio,27
Antioquia,Itagüí,2020,2,Hurto de vehículos,23
Antioquia,Itagüí,2020,2,Lesiones personales,48
Antioquia,Itagüí,2020,2,Homicidio,5
Antioquia,Itagüí,2020,2,Violencia intrafamiliar,32
Antioquia,Itagüí,2020,2,Hurto a residencias,22
Antioquia,Itagüí,2020,2,Extorsión,3
Antioquia,Itagüí,2020,3,Hurto a personas,116
Antioquia,Itagüí,2020,3,Hurto a comercio,21
Antioquia,Itagüí,2020,3,Hurto de vehículos,17
Antioquia,Itagüí,2020,3,Lesiones personales,72
Antioquia,Itagüí,2020,3,Homicidio,4
Antioquia,Itagüí,2020,3,Violencia intrafamiliar,36
Antioquia,Itagüí,2020,3,Hurto a residencias,27
Antioquia,Itagüí,2020,3,Extorsión,2
Antioquia,Itagüí,2020,4,Hurto a personas,112
Antioquia,Itagüí,2020,4,Hurto a comercio,22
Antioquia,Itagüí,2020,4,Hurto de vehículos,17
Antioquia,Itagüí,2020,4,Lesiones personales,71
Antioquia,Itagüí,2020,4,Homicidio,6
Antioquia,Itagüí,2020,4,Violencia intrafamiliar,38
Antioquia,Itagüí,2020,4,Hurto a residencias,23
Antioquia,Itagüí,2020,4,Extorsión,3
Antioquia,Itagüí,2020,5,Hurto a personas,114
Antioquia,Itagüí,2020,5,Hurto a comercio,22
Antioquia,Itagüí,2020,5,Hurto de vehículos,20
Antioquia,Itagüí,2020,5,Lesiones personales,51
Antioquia,Itagüí,2020,5,Homicidio,5
Antioquia,Itagüí,2020,5,Violencia intrafamiliar,47
Antioquia,Itagüí,2020,5,Hurto a residencias,24
Antioquia,Itagüí,2020,5,Extorsión,3
Antioquia,Itagüí,2020,6,Hurto a personas,115
Antioquia,Itagüí,2020,6,Hurto a comercio,29
Antioquia,Itagüí,2020,6,Hurto de vehículos,25
Antioquia,Itagüí,2020,6,Lesiones personales,58
Antioquia,Itagüí,2020,6,Homicidio,6
Antioquia,Itagüí,2020,6,Violencia intrafamiliar,47
Antioquia,Itagüí,2020,6,Hurto a residencias,19
Antioquia,Itagüí,2020,6,Extorsión,3
Antioquia,Itagüí,2020,7,Hurto a personas,91
Antioquia,Itagüí,2020,7,Hurto a comercio,31
Antioquia,Itagüí,2020,7,Hurto de vehículos,22
Antioquia,Itagüí,2020,7,Lesiones personales,56
Antioquia,Itagüí,2020,7,Homicidio,4
Antioquia,Itagüí,2020,7,Violencia intrafamiliar,40
Antioquia,Itagüí,2020,7,Hurto a residencias,23
Antioquia,Itagüí,2020,7,Extorsión,3
Antioquia,Itagüí,2020,8,Hurto a personas,89
Antioquia,Itagüí,2020,8,Hurto a comercio,29
Antioquia,Itagüí,2020,8,Hurto de vehículos,19
Antioquia,Itagüí,2020,8,Lesiones personales,61
Antioquia,Itagüí,2020,8,Homicidio,5
Antioquia,Itagüí,2020,8,Violencia intrafamiliar,36
Antioquia,Itagüí,2020,8,Hurto a residencias,26
Antioquia,Itagüí,2020,8,Extorsión,2
Antioquia,Itagüí,2020,9,Hurto a personas,115
Antioquia,Itagüí,2020,9,Hurto a comercio,25
Antioquia,Itagüí,2020,9,Hurto de vehículos,18
Antioquia,Itagüí,2020,9,Lesiones personales,68
Antioquia,Itagüí,2020,9,Homicidio,4
Antioquia,Itagüí,2020,9,Violencia intrafamiliar,46
Antioquia,Itagüí,2020,9,Hurto a residencias,20
Antioquia,Itagüí,2020,9,Extorsión,3
Antioquia,Itagüí,2020,10,Hurto a personas,115
Antioquia,Itagüí,2020,10,Hurto a comercio,30
Antioquia,Itagüí,2020,10,Hurto de vehículos,19
Antioquia,Itagüí,2020,10,Lesiones personales,66
Antioquia,Itagüí,2020,10,Homicidio,4
Antioquia,Itagüí,2020,10,Violencia intrafamiliar,43
Antioquia,Itagüí,2020,10,Hurto a residencias,21
Antioquia,Itagüí,2020,10,Extorsión,4
Antioquia,Itagüí,2020,11,Hurto a personas,113
Antioquia,Itagüí,2020,11,Hurto a comercio,25
Antioquia,Itagüí,2020,11,Hurto de vehículos,15
Antioquia,Itagüí,2020,11,Lesiones personales,65
Antioquia,Itagüí,2020,11,Homicidio,6
Antioquia,Itagüí,2020,11,Violencia intrafamiliar,46
Antioquia,Itagüí,2020,11,Hurto a residencias,22
Antioquia,Itagüí,2020,11,Extorsión,2
Antioquia,Itagüí,2020,12,Hurto a personas,97
Antioquia,Itagüí,2020,12,Hurto a comercio,29
Antioquia,Itagüí,2020,12,Hurto de vehículos,26
Antioquia,Itagüí,2020,12,Lesiones personales,80
Antioquia,Itagüí,2020,12,Homicidio,6
Antioquia,Itagüí,2020,12,Violencia intrafamiliar,50
Antioquia,Itagüí,2020,12,Hurto a residencias,19
Antioquia,Itagüí,2020,12,Extorsión,4
Antioquia,Itagüí,2021,1,Hurto a personas,120
Antioquia,Itagüí,2021,1,Hurto a comercio,26
Antioquia,Itagüí,2021,1,Hurto de vehículos,22
Antioquia,Itagüí,2021,1,Lesiones personales,56
Antioquia,Itagüí,2021,1,Homicidio,5
Antioquia,Itagüí,2021,1,Violencia intrafamiliar,49
Antioquia,Itagüí,2021,1,Hurto a residencias,21
Antioquia,Itagüí,2021,1,Extorsión,3
Antioquia,Itagüí,2021,2,Hurto a personas,93
Antioquia,Itagüí,2021,2,Hurto a comercio,31
Antioquia,Itagüí,2021,2,Hurto de vehículos,14
Antioquia,Itagüí,2021,2,Lesiones personales,57
Antioquia,Itagüí,2021,2,Homicidio,4
Antioquia,Itagüí,2021,2,Violencia intrafamiliar,37
Antioquia,Itagüí,2021,2,Hurto a residencias,21
Antioquia,Itagüí,2021,2,Extorsión,3
Antioquia,Itagüí,2021,3,Hurto a personas,91
Antioquia,Itagüí,2021,3,Hurto a comercio,26
Antioquia,Itagüí,2021,3,Hurto de vehículos,20
Antioquia,Itagüí,2021,3,Lesiones personales,51
Antioquia,Itagüí,2021,3,Homicidio,4
Antioquia,Itagüí,2021,3,Violencia intrafamiliar,30
Antioquia,Itagüí,2021,3,Hurto a residencias,25
Antioquia,Itagüí,2021,3,Extorsión,3
Antioquia,Itagüí,2021,4,Hurto a personas,94
Antioquia,Itagüí,2021,4,Hurto a comercio,28
Antioquia,Itagüí,2021,4,Hurto de vehículos,17
Antioquia,Itagüí,2021,4,Lesiones personales,71
Antioquia,Itagüí,2021,4,Homicidio,4
Antioquia,Itagüí,2021,4,Violencia intrafamiliar,41
Antioquia,Itagüí,2021,4,Hurto a residencias,19
Antioquia,Itagüí,2021,4,Extorsión,3
Antioquia,Itagüí,2021,5,Hurto a personas,113
Antioquia,Itagüí,2021,5,Hurto a comercio,25
Antioquia,Itagüí,2021,5,Hurto de vehículos,16
Antioquia,Itagüí,2021,5,Lesiones personales,59
Antioquia,Itagüí,2021,5,Homicidio,4
Antioquia,Itagüí,2021,5,Violencia intrafamiliar,36
Antioquia,Itagüí,2021,5,Hurto a residencias,21
Antioquia,Itagüí,2021,5,Extorsión,3
Antioquia,Itagüí,2021,6,Hurto a personas,115
Antioquia,Itagüí,2021,6,Hurto a comercio,24
Antioquia,Itagüí,2021,6,Hurto de vehículos,17
Antioquia,Itagüí,2021,6,Lesiones personales,58
Antioquia,Itagüí,2021,6,Homicidio,6
Antioquia,Itagüí,2021,6,Violencia intrafamiliar,40
Antioquia,Itagüí,2021,6,Hurto a residencias,21
Antioquia,Itagüí,2021,6,Extorsión,3
Antioquia,Itagüí,2021,7,Hurto a personas,76
Antioquia,Itagüí,2021,7,Hurto a comercio,28
Antioquia,Itagüí,2021,7,Hurto de vehículos,24
Antioquia,Itagüí,2021,7,Lesiones personales,50
Antioquia,Itagüí,2021,7,Homicidio,5
Antioquia,Itagüí,2021,7,Violencia intrafamiliar,34
Antioquia,Itagüí,2021,7,Hurto a residencias,21
Antioquia,Itagüí,2021,7,Extorsión,3
Antioquia,Itagüí,2021,8,Hurto a personas,93
Antioquia,Itagüí,2021,8,Hurto a comercio,26
Antioquia,Itagüí,2021,8,Hurto de vehículos,16
Antioquia,Itagüí,2021,8,Lesiones personales,57
Antioquia,Itagüí,2021,8,Homicidio,4
Antioquia,Itagüí,2021,8,Violencia intrafamiliar,47
Antioquia,Itagüí,2021,8,Hurto a residencias,26
Antioquia,Itagüí,2021,8,Extorsión,2
Antioquia,Itagüí,2021,9,Hurto a personas,96
Antioquia,Itagüí,2021,9,Hurto a comercio,28
Antioquia,Itagüí,2021,9,Hurto de vehículos,17
Antioquia,Itagüí,2021,9,Lesiones personales,67
Antioquia,Itagüí,2021,9,Homicidio,4
Antioquia,Itagüí,2021,9,Violencia intrafamiliar,39
Antioquia,Itagüí,2021,9,Hurto a residencias,24
Antioquia,Itagüí,2021,9,Extorsión,3
Antioquia,Itagüí,2021,10,Hurto a personas,79
Antioquia,Itagüí,2021,10,Hurto a comercio,22
Antioquia,Itagüí,2021,10,Hurto de vehículos,16
Antioquia,Itagüí,2021,10,Lesiones personales,65
Antioquia,Itagüí,2021,10,Homicidio,4
Antioquia,Itagüí,2021,10,Violencia intrafamiliar,44
Antioquia,Itagüí,2021,10,Hurto a residencias,17
Antioquia,Itagüí,2021,10,Extorsión,3
Antioquia,Itagüí,2021,11,Hurto a personas,81
Antioquia,Itagüí,2021,11,Hurto a comercio,22
Antioquia,Itagüí,2021,11,Hurto de vehículos,20
Antioquia,Itagüí,2021,11,Lesiones personales,50
Antioquia,Itagüí,2021,11,Homicidio,5
Antioquia,Itagüí,2021,11,Violencia intrafamiliar,31
Antioquia,Itagüí,2021,11,Hurto a residencias,26
Antioquia,Itagüí,2021,11,Extorsión,2
Antioquia,Itagüí,2021,12,Hurto a personas,115
Antioquia,Itagüí,2021,12,Hurto a comercio,29
Antioquia,Itagüí,2021,12,Hurto de vehículos,23
Antioquia,Itagüí,2021,12,Lesiones personales,80
Antioquia,Itagüí,2021,12,Homicidio,5
Antioquia,Itagüí,2021,12,Violencia intrafamiliar,54
Antioquia,Itagüí,2021,12,Hurto a residencias,24
Antioquia,Itagüí,2021,12,Extorsión,3
Antioquia,Itagüí,2022,1,Hurto a personas,85
Antioquia,Itagüí,2022,1,Hurto a comercio,25
Antioquia,Itagüí,2022,1,Hurto de vehículos,18
Antioquia,Itagüí,2022,1,Lesiones personales,61
Antioquia,Itagüí,2022,1,Homicidio,5
Antioquia,Itagüí,2022,1,Violencia intrafamiliar,38
Antioquia,Itagüí,2022,1,Hurto a residencias,21
Antioquia,Itagüí,2022,1,Extorsión,3
Antioquia,Itagüí,2022,2,Hurto a personas,112
Antioquia,Itagüí,2022,2,Hurto a comercio,29
Antioquia,Itagüí,2022,2,Hurto de vehículos,21
Antioquia,Itagüí,2022,2,Lesiones personales,62
Antioquia,Itagüí,2022,2,Homicidio,5
Antioquia,Itagüí,2022,2,Violencia intrafamiliar,41
Antioquia,Itagüí,2022,2,Hurto a residencias,20
Antioquia,Itagüí,2022,2,Extorsión,3
Antioquia,Itagüí,2022,3,Hurto a personas,90
Antioquia,Itagüí,2022,3,Hurto a comercio,26
Antioquia,Itagüí,2022,3,Hurto de vehículos,19
Antioquia,Itagüí,2022,3,Lesiones personales,51
Antioquia,Itagüí,2022,3,Homicidio,4
Antioquia,Itagüí,2022,3,Violencia intrafamiliar,39
Antioquia,Itagüí,2022,3,Hurto a residencias,17
Antioquia,Itagüí,2022,3,Extorsión,2
Antioquia,Itagüí,2022,4,Hurto a personas,97
Antioquia,Itagüí,2022,4,Hurto a comercio,20
Antioquia,Itagüí,2022,4,Hurto de vehículos,22
Antioquia,Itagüí,2022,4,Lesiones personales,62
Antioquia,Itagüí,2022,4,Homicidio,5
Antioquia,Itagüí,2022,4,Violencia intrafamiliar,44
Antioquia,Itagüí,2022,4,Hurto a residencias,17
Antioquia,Itagüí,2022,4,Extorsión,3
Antioquia,Itagüí,2022,5,Hurto a personas,115
Antioquia,Itagüí,2022,5,Hurto a comercio,25
Antioquia,Itagüí,2022,5,Hurto de vehículos,15
Antioquia,Itagüí,2022,5,Lesiones personales,47
Antioquia,Itagüí,2022,5,Homicidio,6
Antioquia,Itagüí,2022,5,Violencia intrafamiliar,38
Antioquia,Itagüí,2022,5,Hurto a residencias,17
Antioquia,Itagüí,2022,5,Extorsión,3
Antioquia,Itagüí,2022,6,Hurto a personas,90
Antioquia,Itagüí,2022,6,Hurto a comercio,25
Antioquia,Itagüí,2022,6,Hurto de vehículos,19
Antioquia,Itagüí,2022,6,Lesiones personales,72
Antioquia,Itagüí,2022,6,Homicidio,6
Antioquia,Itagüí,2022,6,Violencia intrafamiliar,40
Antioquia,Itagüí,2022,6,Hurto a residencias,17
Antioquia,Itagüí,2022,6,Extorsión,3
Antioquia,Itagüí,2022,7,Hurto a personas,82
Antioquia,Itagüí,2022,7,Hurto a comercio,19
Antioquia,Itagüí,2022,7,Hurto de vehículos,22
Antioquia,Itagüí,2022,7,Lesiones personales,53
Antioquia,Itagüí,2022,7,Homicidio,5
Antioquia,Itagüí,2022,7,Violencia intrafamiliar,30
Antioquia,Itagüí,2022,7,Hurto a residencias,16
Antioquia,Itagüí,2022,7,Extorsión,2
Antioquia,Itagüí,2022,8,Hurto a personas,97
Antioquia,Itagüí,2022,8,Hurto a comercio,28
Antioquia,Itagüí,2022,8,Hurto de vehículos,21
Antioquia,Itagüí,2022,8,Lesiones personales,52
Antioquia,Itagüí,2022,8,Homicidio,5
Antioquia,Itagüí,2022,8,Violencia intrafamiliar,43
Antioquia,Itagüí,2022,8,Hurto a residencias,23
Antioquia,Itagüí,2022,8,Extorsión,2
Antioquia,Itagüí,2022,9,Hurto a personas,87
Antioquia,Itagüí,2022,9,Hurto a comercio,26
Antioquia,Itagüí,2022,9,Hurto de vehículos,14
Antioquia,Itagüí,2022,9,Lesiones personales,71
Antioquia,Itagüí,2022,9,Homicidio,5
Antioquia,Itagüí,2022,9,Violencia intrafamiliar,41
Antioquia,Itagüí,2022,9,Hurto a residencias,19
Antioquia,Itagüí,2022,9,Extorsión,3
Antioquia,Itagüí,2022,10,Hurto a personas,97
Antioquia,Itagüí,2022,10,Hurto a comercio,24
Antioquia,Itagüí,2022,10,Hurto de vehículos,17
Antioquia,Itagüí,2022,10,Lesiones personales,48
Antioquia,Itagüí,2022,10,Homicidio,5
Antioquia,Itagüí,2022,10,Violencia intrafamiliar,44
Antioquia,Itagüí,2022,10,Hurto a residencias,26
Antioquia,Itagüí,2022,10,Extorsión,3
Antioquia,Itagüí,2022,11,Hurto a personas,113
Antioquia,Itagüí,2022,11,Hurto a comercio,28
Antioquia,Itagüí,2022,11,Hurto de vehículos,17
Antioquia,Itagüí,2022,11,Lesiones personales,55
Antioquia,Itagüí,2022,11,Homicidio,5
Antioquia,Itagüí,2022,11,Violencia intrafamiliar,33
Antioquia,Itagüí,2022,11,Hurto a residencias,18
Antioquia,Itagüí,2022,11,Extorsión,3
Antioquia,Itagüí,2022,12,Hurto a personas,123
Antioquia,Itagüí,2022,12,Hurto a comercio,29
Antioquia,Itagüí,2022,12,Hurto de vehículos,24
Antioquia,Itagüí,2022,12,Lesiones personales,74
Antioquia,Itagüí,2022,12,Homicidio,6
Antioquia,Itagüí,2022,12,Violencia intrafamiliar,52
Antioquia,Itagüí,2022,12,Hurto a residencias,23
Antioquia,Itagüí,2022,12,Extorsión,3
Antioquia,Itagüí,2023,1,Hurto a personas,113
Antioquia,Itagüí,2023,1,Hurto a comercio,22
Antioquia,Itagüí,2023,1,Hurto de vehículos,16
Antioquia,Itagüí,2023,1,Lesiones personales,52
Antioquia,Itagüí,2023,1,Homicidio,5
Antioquia,Itagüí,2023,1,Violencia intrafamiliar,33
Antioquia,Itagüí,2023,1,Hurto a residencias,20
Antioquia,Itagüí,2023,1,Extorsión,3
Antioquia,Itagüí,2023,2,Hurto a personas,91
Antioquia,Itagüí,2023,2,Hurto a comercio,22
Antioquia,Itagüí,2023,2,Hurto de vehículos,18
Antioquia,Itagüí,2023,2,Lesiones personales,59
Antioquia,Itagüí,2023,2,Homicidio,5
Antioquia,Itagüí,2023,2,Violencia intrafamiliar,42
Antioquia,Itagüí,2023,2,Hurto a residencias,22
Antioquia,Itagüí,2023,2,Extorsión,2
Antioquia,Itagüí,2023,3,Hurto a personas,97
Antioquia,Itagüí,2023,3,Hurto a comercio,23
Antioquia,Itagüí,2023,3,Hurto de vehículos,15
Antioquia,Itagüí,2023,3,Lesiones personales,52
Antioquia,Itagüí,2023,3,Homicidio,4
Antioquia,Itagüí,2023,3,Violencia intrafamiliar,34
Antioquia,Itagüí,2023,3,Hurto a residencias,21
Antioquia,Itagüí,2023,3,Extorsión,3
Antioquia,Itagüí,2023,4,Hurto a personas,107
Antioquia,Itagüí,2023,4,Hurto a comercio,22
Antioquia,Itagüí,2023,4,Hurto de vehículos,14
Antioquia,Itagüí,2023,4,Lesiones personales,46
Antioquia,Itagüí,2023,4,Homicidio,4
Antioquia,Itagüí,2023,4,Violencia intrafamiliar,37
Antioquia,Itagüí,2023,4,Hurto a residencias,23
Antioquia,Itagüí,2023,4,Extorsión,3
Antioquia,Itagüí,2023,5,Hurto a personas,101
Antioquia,Itagüí,2023,5,Hurto a comercio,23
Antioquia,Itagüí,2023,5,Hurto de vehículos,16
Antioquia,Itagüí,2023,5,Lesiones personales,48
Antioquia,Itagüí,2023,5,Homicidio,6
Antioquia,Itagüí,2023,5,Violencia intrafamiliar,37
Antioquia,Itagüí,2023,5,Hurto a residencias,17
Antioquia,Itagüí,2023,5,Extorsión,2
Antioquia,Itagüí,2023,6,Hurto a personas,115
Antioquia,Itagüí,2023,6,Hurto a comercio,24
Antioquia,Itagüí,2023,6,Hurto de vehículos,15
Antioquia,Itagüí,2023,6,Lesiones personales,73
Antioquia,Itagüí,2023,6,Homicidio,6
Antioquia,Itagüí,2023,6,Violencia intrafamiliar,38
Antioquia,Itagüí,2023,6,Hurto a residencias,18
Antioquia,Itagüí,2023,6,Extorsión,3
Antioquia,Itagüí,2023,7,Hurto a personas,72
Antioquia,Itagüí,2023,7,Hurto a comercio,28
Antioquia,Itagüí,2023,7,Hurto de vehículos,18
Antioquia,Itagüí,2023,7,Lesiones personales,53
Antioquia,Itagüí,2023,7,Homicidio,4
Antioquia,Itagüí,2023,7,Violencia intrafamiliar,39
Antioquia,Itagüí,2023,7,Hurto a residencias,16
Antioquia,Itagüí,2023,7,Extorsión,3
Antioquia,Itagüí,2023,8,Hurto a personas,112
Antioquia,Itagüí,2023,8,Hurto a comercio,24
Antioquia,Itagüí,2023,8,Hurto de vehículos,19
Antioquia,Itagüí,2023,8,Lesiones personales,52
Antioquia,Itagüí,2023,8,Homicidio,5
Antioquia,Itagüí,2023,8,Violencia intrafamiliar,43
Antioquia,Itagüí,2023,8,Hurto a residencias,21
Antioquia,Itagüí,2023,8,Extorsión,2
Antioquia,Itagüí,2023,9,Hurto a personas,107
Antioquia,Itagüí,2023,9,Hurto a comercio,26
Antioquia,Itagüí,2023,9,Hurto de vehículos,22
Antioquia,Itagüí,2023,9,Lesiones personales,74
Antioquia,Itagüí,2023,9,Homicidio,4
Antioquia,Itagüí,2023,9,Violencia intrafamiliar,43
Antioquia,Itagüí,2023,9,Hurto a residencias,22
Antioquia,Itagüí,2023,9,Extorsión,2
Antioquia,Itagüí,2023,10,Hurto a personas,92
Antioquia,Itagüí,2023,10,Hurto a comercio,19
Antioquia,Itagüí,2023,10,Hurto de vehículos,15
Antioquia,Itagüí,2023,10,Lesiones personales,58
Antioquia,Itagüí,2023,10,Homicidio,5
Antioquia,Itagüí,2023,10,Violencia intrafamiliar,45
Antioquia,Itagüí,2023,10,Hurto a residencias,19
Antioquia,Itagüí,2023,10,Extorsión,2
Antioquia,Itagüí,2023,11,Hurto a personas,75
Antioquia,Itagüí,2023,11,Hurto a comercio,22
Antioquia,Itagüí,2023,11,Hurto de vehículos,17
Antioquia,Itagüí,2023,11,Lesiones personales,49
Antioquia,Itagüí,2023,11,Homicidio,4
Antioquia,Itagüí,2023,11,Violencia intrafamiliar,35
Antioquia,Itagüí,2023,11,Hurto a residencias,20
Antioquia,Itagüí,2023,11,Extorsión,2
Antioquia,Itagüí,2023,12,Hurto a personas,97
Antioquia,Itagüí,2023,12,Hurto a comercio,25
Antioquia,Itagüí,2023,12,Hurto de vehículos,17
Antioquia,Itagüí,2023,12,Lesiones personales,68
Antioquia,Itagüí,2023,12,Homicidio,5
Antioquia,Itagüí,2023,12,Violencia intrafamiliar,43
Antioquia,Itagüí,2023,12,Hurto a residencias,26
Antioquia,Itagüí,2023,12,Extorsión,3
Antioquia,Itagüí,2024,1,Hurto a personas,96
Antioquia,Itagüí,2024,1,Hurto a comercio,30
Antioquia,Itagüí,2024,1,Hurto de vehículos,16
Antioquia,Itagüí,2024,1,Lesiones personales,49
Antioquia,Itagüí,2024,1,Homicidio,4
Antioquia,Itagüí,2024,1,Violencia intrafamiliar,36
Antioquia,Itagüí,2024,1,Hurto a residencias,18
Antioquia,Itagüí,2024,1,Extorsión,3
Antioquia,Itagüí,2024,2,Hurto a personas,85
Antioquia,Itagüí,2024,2,Hurto a comercio,20
Antioquia,Itagüí,2024,2,Hurto de vehículos,13
Antioquia,Itagüí,2024,2,Lesiones personales,55
Antioquia,Itagüí,2024,2,Homicidio,5
Antioquia,Itagüí,2024,2,Violencia intrafamiliar,41
Antioquia,Itagüí,2024,2,Hurto a residencias,23
Antioquia,Itagüí,2024,2,Extorsión,3
Antioquia,Itagüí,2024,3,Hurto a personas,93
Antioquia,Itagüí,2024,3,Hurto a comercio,28
Antioquia,Itagüí,2024,3,Hurto de vehículos,16
Antioquia,Itagüí,2024,3,Lesiones personales,59
Antioquia,Itagüí,2024,3,Homicidio,4
Antioquia,Itagüí,2024,3,Violencia intrafamiliar,39
Antioquia,Itagüí,2024,3,Hurto a residencias,23
Antioquia,Itagüí,2024,3,Extorsión,3
Antioquia,Itagüí,2024,4,Hurto a personas,96
Antioquia,Itagüí,2024,4,Hurto a comercio,22
Antioquia,Itagüí,2024,4,Hurto de vehículos,18
Antioquia,Itagüí,2024,4,Lesiones personales,55
Antioquia,Itagüí,2024,4,Homicidio,5
Antioquia,Itagüí,2024,4,Violencia intrafamiliar,40
Antioquia,Itagüí,2024,4,Hurto a residencias,15
Antioquia,Itagüí,2024,4,Extorsión,3
Antioquia,Itagüí,2024,5,Hurto a personas,77
Antioquia,Itagüí,2024,5,Hurto a comercio,26
Antioquia,Itagüí,2024,5,Hurto de vehículos,15
Antioquia,Itagüí,2024,5,Lesiones personales,64
Antioquia,Itagüí,2024,5,Homicidio,5
Antioquia,Itagüí,2024,5,Violencia intrafamiliar,37
Antioquia,Itagüí,2024,5,Hurto a residencias,16
Antioquia,Itagüí,2024,5,Extorsión,2
Antioquia,Itagüí,2024,6,Hurto a personas,79
Antioquia,Itagüí,2024,6,Hurto a comercio,23
Antioquia,Itagüí,2024,6,Hurto de vehículos,19
Antioquia,Itagüí,2024,6,Lesiones personales,72
Antioquia,Itagüí,2024,6,Homicidio,5
Antioquia,Itagüí,2024,6,Violencia intrafamiliar,41
Antioquia,Itagüí,2024,6,Hurto a residencias,23
Antioquia,Itagüí,2024,6,Extorsión,3
Antioquia,Itagüí,2024,7,Hurto a personas,85
Antioquia,Itagüí,2024,7,Hurto a comercio,18
Antioquia,Itagüí,2024,7,Hurto de vehículos,20
Antioquia,Itagüí,2024,7,Lesiones personales,54
Antioquia,Itagüí,2024,7,Homicidio,5
Antioquia,Itagüí,2024,7,Violencia intrafamiliar,42
Antioquia,Itagüí,2024,7,Hurto a residencias,19
Antioquia,Itagüí,2024,7,Extorsión,2
Antioquia,Itagüí,2024,8,Hurto a personas,103
Antioquia,Itagüí,2024,8,Hurto a comercio,22
Antioquia,Itagüí,2024,8,Hurto de vehículos,13
Antioquia,Itagüí,2024,8,Lesiones personales,58
Antioquia,Itagüí,2024,8,Homicidio,5
Antioquia,Itagüí,2024,8,Violencia intrafamiliar,29
Antioquia,Itagüí,2024,8,Hurto a residencias,16
Antioquia,Itagüí,2024,8,Extorsión,2
Antioquia,Itagüí,2024,9,Hurto a personas,96
Antioquia,Itagüí,2024,9,Hurto a comercio,23
Antioquia,Itagüí,2024,9,Hurto de vehículos,17
Antioquia,Itagüí,2024,9,Lesiones personales,56
Antioquia,Itagüí,2024,9,Homicidio,5
Antioquia,Itagüí,2024,9,Violencia intrafamiliar,27
Antioquia,Itagüí,2024,9,Hurto a residencias,15
Antioquia,Itagüí,2024,9,Extorsión,2
Antioquia,Itagüí,2024,10,Hurto a personas,99
Antioquia,Itagüí,2024,10,Hurto a comercio,24
Antioquia,Itagüí,2024,10,Hurto de vehículos,16
Antioquia,Itagüí,2024,10,Lesiones personales,58
Antioquia,Itagüí,2024,10,Homicidio,5
Antioquia,Itagüí,2024,10,Violencia intrafamiliar,29
Antioquia,Itagüí,2024,10,Hurto a residencias,21
Antioquia,Itagüí,2024,10,Extorsión,2
Antioquia,Itagüí,2024,11,Hurto a personas,94
Antioquia,Itagüí,2024,11,Hurto a comercio,23
Antioquia,Itagüí,2024,11,Hurto de vehículos,14
Antioquia,Itagüí,2024,11,Lesiones personales,47
Antioquia,Itagüí,2024,11,Homicidio,4
Antioquia,Itagüí,2024,11,Violencia intrafamiliar,39
Antioquia,Itagüí,2024,11,Hurto a residencias,17
Antioquia,Itagüí,2024,11,Extorsión,2
Antioquia,Itagüí,2024,12,Hurto a personas,116
Antioquia,Itagüí,2024,12,Hurto a comercio,28
Antioquia,Itagüí,2024,12,Hurto de vehículos,23
Antioquia,Itagüí,2024,12,Lesiones personales,67
Antioquia,Itagüí,2024,12,Homicidio,5
Antioquia,Itagüí,2024,12,Violencia intrafamiliar,36
Antioquia,Itagüí,2024,12,Hurto a residencias,26
Antioquia,Itagüí,2024,12,Extorsión,3
Valle del Cauca,Cali,2020,1,Hurto a personas,1093
Valle del Cauca,Cali,2020,1,Hurto a comercio,357
Valle del Cauca,Cali,2020,1,Hurto de vehículos,271
Valle del Cauca,Cali,2020,1,Lesiones personales,692
Valle del Cauca,Cali,2020,1,Homicidio,59
Valle del Cauca,Cali,2020,1,Violencia intrafamiliar,641
Valle del Cauca,Cali,2020,1,Hurto a residencias,308
Valle del Cauca,Cali,2020,1,Extorsión,48
Valle del Cauca,Cali,2020,2,Hurto a personas,1213
Valle del Cauca,Cali,2020,2,Hurto a comercio,334
Valle del Cauca,Cali,2020,2,Hurto de vehículos,216
Valle del Cauca,Cali,2020,2,Lesiones personales,972
Valle del Cauca,Cali,2020,2,Homicidio,70
Valle del Cauca,Cali,2020,2,Violencia intrafamiliar,533
Valle del Cauca,Cali,2020,2,Hurto a residencias,294
Valle del Cauca,Cali,2020,2,Extorsión,45
Valle del Cauca,Cali,2020,3,Hurto a personas,1392
Valle del Cauca,Cali,2020,3,Hurto a comercio,327
Valle del Cauca,Cali,2020,3,Hurto de vehículos,260
Valle del Cauca,Cali,2020,3,Lesiones personales,775
Valle del Cauca,Cali,2020,3,Homicidio,66
Valle del Cauca,Cali,2020,3,Violencia intrafamiliar,544
Valle del Cauca,Cali,2020,3,Hurto a residencias,223
Valle del Cauca,Cali,2020,3,Extorsión,34
Valle del Cauca,Cali,2020,4,Hurto a personas,1410
Valle del Cauca,Cali,2020,4,Hurto a comercio,300
Valle del Cauca,Cali,2020,4,Hurto de vehículos,242
Valle del Cauca,Cali,2020,4,Lesiones personales,703
Valle del Cauca,Cali,2020,4,Homicidio,65
Valle del Cauca,Cali,2020,4,Violencia intrafamiliar,536
Valle del Cauca,Cali,2020,4,Hurto a residencias,245
Valle del Cauca,Cali,2020,4,Extorsión,45
Valle del Cauca,Cali,2020,5,Hurto a personas,1367
Valle del Cauca,Cali,2020,5,Hurto a comercio,338
Valle del Cauca,Cali,2020,5,Hurto de vehículos,211
Valle del Cauca,Cali,2020,5,Lesiones personales,854
Valle del Cauca,Cali,2020,5,Homicidio,65
Valle del Cauca,Cali,2020,5,Violencia intrafamiliar,471
Valle del Cauca,Cali,2020,5,Hurto a residencias,195
Valle del Cauca,Cali,2020,5,Extorsión,45
Valle del Cauca,Cali,2020,6,Hurto a personas,1442
Valle del Cauca,Cali,2020,6,Hurto a comercio,355
Valle del Cauca,Cali,2020,6,Hurto de vehículos,207
Valle del Cauca,Cali,2020,6,Lesiones personales,935
Valle del Cauca,Cali,2020,6,Homicidio,74
Valle del Cauca,Cali,2020,6,Violencia intrafamiliar,622
Valle del Cauca,Cali,2020,6,Hurto a residencias,254
Valle del Cauca,Cali,2020,6,Extorsión,53
Valle del Cauca,Cali,2020,7,Hurto a personas,1470
Valle del Cauca,Cali,2020,7,Hurto a comercio,266
Valle del Cauca,Cali,2020,7,Hurto de vehículos,225
Valle del Cauca,Cali,2020,7,Lesiones personales,917
Valle del Cauca,Cali,2020,7,Homicidio,85
Valle del Cauca,Cali,2020,7,Violencia intrafamiliar,405
Valle del Cauca,Cali,2020,7,Hurto a residencias,290
Valle del Cauca,Cali,2020,7,Extorsión,36
Valle del Cauca,Cali,2020,8,Hurto a personas,1541
Valle del Cauca,Cali,2020,8,Hurto a comercio,270
Valle del Cauca,Cali,2020,8,Hurto de vehículos,219
Valle del Cauca,Cali,2020,8,Lesiones personales,719
Valle del Cauca,Cali,2020,8,Homicidio,63
Valle del Cauca,Cali,2020,8,Violencia intrafamiliar,578
Valle del Cauca,Cali,2020,8,Hurto a residencias,242
Valle del Cauca,Cali,2020,8,Extorsión,42
Valle del Cauca,Cali,2020,9,Hurto a personas,1284
Valle del Cauca,Cali,2020,9,Hurto a comercio,358
Valle del Cauca,Cali,2020,9,Hurto de vehículos,259
Valle del Cauca,Cali,2020,9,Lesiones personales,687
Valle del Cauca,Cali,2020,9,Homicidio,65
Valle del Cauca,Cali,2020,9,Violencia intrafamiliar,468
Valle del Cauca,Cali,2020,9,Hurto a residencias,285
Valle del Cauca,Cali,2020,9,Extorsión,35
Valle del Cauca,Cali,2020,10,Hurto a personas,1313
Valle del Cauca,Cali,2020,10,Hurto a comercio,267
Valle del Cauca,Cali,2020,10,Hurto de vehículos,257
Valle del Cauca,Cali,2020,10,Lesiones personales,586
Valle del Cauca,Cali,2020,10,Homicidio,63
Valle del Cauca,Cali,2020,10,Violencia intrafamiliar,633
Valle del Cauca,Cali,2020,10,Hurto a residencias,311
Valle del Cauca,Cali,2020,10,Extorsión,35
Valle del Cauca,Cali,2020,11,Hurto a personas,1147
Valle del Cauca,Cali,2020,11,Hurto a comercio,365
Valle del Cauca,Cali,2020,11,Hurto de vehículos,282
Valle del Cauca,Cali,2020,11,Lesiones personales,860
Valle del Cauca,Cali,2020,11,Homicidio,57
Valle del Cauca,Cali,2020,11,Violencia intrafamiliar,441
Valle del Cauca,Cali,2020,11,Hurto a residencias,238
Valle del Cauca,Cali,2020,11,Extorsión,40
Valle del Cauca,Cali,2020,12,Hurto a personas,1283
Valle del Cauca,Cali,2020,12,Hurto a comercio,395
Valle del Cauca,Cali,2020,12,Hurto de vehículos,238
Valle del Cauca,Cali,2020,12,Lesiones personales,1020
Valle del Cauca,Cali,2020,12,Homicidio,78
Valle del Cauca,Cali,2020,12,Violencia intrafamiliar,664
Valle del Cauca,Cali,2020,12,Hurto a residencias,249
Valle del Cauca,Cali,2020,12,Extorsión,48
Valle del Cauca,Cali,2021,1,Hurto a personas,1554
Valle del Cauca,Cali,2021,1,Hurto a comercio,284
Valle del Cauca,Cali,2021,1,Hurto de vehículos,242
Valle del Cauca,Cali,2021,1,Lesiones personales,971
Valle del Cauca,Cali,2021,1,Homicidio,75
Valle del Cauca,Cali,2021,1,Violencia intrafamiliar,616
Valle del Cauca,Cali,2021,1,Hurto a residencias,312
Valle del Cauca,Cali,2021,1,Extorsión,35
Valle del Cauca,Cali,2021,2,Hurto a personas,1192
Valle del Cauca,Cali,2021,2,Hurto a comercio,279
Valle del Cauca,Cali,2021,2,Hurto de vehículos,256
Valle del Cauca,Cali,2021,2,Lesiones personales,825
Valle del Cauca,Cali,2021,2,Homicidio,58
Valle del Cauca,Cali,2021,2,Violencia intrafamiliar,447
Valle del Cauca,Cali,2021,2,Hurto a residencias,251
Valle del Cauca,Cali,2021,2,Extorsión,50
Valle del Cauca,Cali,2021,3,Hurto a personas,1251
Valle del Cauca,Cali,2021,3,Hurto a comercio,304
Valle del Cauca,Cali,2021,3,Hurto de vehículos,257
Valle del Cauca,Cali,2021,3,Lesiones personales,659
Valle del Cauca,Cali,2021,3,Homicidio,52
Valle del Cauca,Cali,2021,3,Violencia intrafamiliar,463
Valle del Cauca,Cali,2021,3,Hurto a residencias,263
Valle del Cauca,Cali,2021,3,Extorsión,41
Valle del Cauca,Cali,2021,4,Hurto a personas,1358
Valle del Cauca,Cali,2021,4,Hurto a comercio,352
Valle del Cauca,Cali,2021,4,Hurto de vehículos,221
Valle del Cauca,Cali,2021,4,Lesiones personales,631
Valle del Cauca,Cali,2021,4,Homicidio,67
Valle del Cauca,Cali,2021,4,Violencia intrafamiliar,560
Valle del Cauca,Cali,2021,4,Hurto a residencias,298
Valle del Cauca,Cali,2021,4,Extorsión,44
Valle del Cauca,Cali,2021,5,Hurto a personas,1433
Valle del Cauca,Cali,2021,5,Hurto a comercio,405
Valle del Cauca,Cali,2021,5,Hurto de vehículos,222
Valle del Cauca,Cali,2021,5,Lesiones personales,733
Valle del Cauca,Cali,2021,5,Homicidio,67
Valle del Cauca,Cali,2021,5,Violencia intrafamiliar,421
Valle del Cauca,Cali,2021,5,Hurto a residencias,248
Valle del Cauca,Cali,2021,5,Extorsión,46
Valle del Cauca,Cali,2021,6,Hurto a personas,1561
Valle del Cauca,Cali,2021,6,Hurto a comercio,300
Valle del Cauca,Cali,2021,6,Hurto de vehículos,226
Valle del Cauca,Cali,2021,6,Lesiones personales,700
Valle del Cauca,Cali,2021,6,Homicidio,77
Valle del Cauca,Cali,2021,6,Violencia intrafamiliar,484
Valle del Cauca,Cali,2021,6,Hurto a residencias,286
Valle del Cauca,Cali,2021,6,Extorsión,46
Valle del Cauca,Cali,2021,7,Hurto a personas,1145
Valle del Cauca,Cali,2021,7,Hurto a comercio,291
Valle del Cauca,Cali,2021,7,Hurto de vehículos,258
Valle del Cauca,Cali,2021,7,Lesiones personales,857
Valle del Cauca,Cali,2021,7,Homicidio,53
Valle del Cauca,Cali,2021,7,Violencia intrafamiliar,518
Valle del Cauca,Cali,2021,7,Hurto a residencias,217
Valle del Cauca,Cali,2021,7,Extorsión,38
Valle del Cauca,Cali,2021,8,Hurto a personas,1060
Valle del Cauca,Cali,2021,8,Hurto a comercio,294
Valle del Cauca,Cali,2021,8,Hurto de vehículos,262
Valle del Cauca,Cali,2021,8,Lesiones personales,955
Valle del Cauca,Cali,2021,8,Homicidio,64
Valle del Cauca,Cali,2021,8,Violencia intrafamiliar,376
Valle del Cauca,Cali,2021,8,Hurto a residencias,209
Valle del Cauca,Cali,2021,8,Extorsión,39
Valle del Cauca,Cali,2021,9,Hurto a personas,1019
Valle del Cauca,Cali,2021,9,Hurto a comercio,316
Valle del Cauca,Cali,2021,9,Hurto de vehículos,260
Valle del Cauca,Cali,2021,9,Lesiones personales,812
Valle del Cauca,Cali,2021,9,Homicidio,56
Valle del Cauca,Cali,2021,9,Violencia intrafamiliar,408
Valle del Cauca,Cali,2021,9,Hurto a residencias,226
Valle del Cauca,Cali,2021,9,Extorsión,42
Valle del Cauca,Cali,2021,10,Hurto a personas,1104
Valle del Cauca,Cali,2021,10,Hurto a comercio,349
Valle del Cauca,Cali,2021,10,Hurto de vehículos,208
Valle del Cauca,Cali,2021,10,Lesiones personales,671
Valle del Cauca,Cali,2021,10,Homicidio,61
Valle del Cauca,Cali,2021,10,Violencia intrafamiliar,424
Valle del Cauca,Cali,2021,10,Hurto a residencias,236
Valle del Cauca,Cali,2021,10,Extorsión,42
Valle del Cauca,Cali,2021,11,Hurto a personas,1180
Valle del Cauca,Cali,2021,11,Hurto a comercio,250
Valle del Cauca,Cali,2021,11,Hurto de vehículos,195
Valle del Cauca,Cali,2021,11,Lesiones personales,608
Valle del Cauca,Cali,2021,11,Homicidio,74
Valle del Cauca,Cali,2021,11,Violencia intrafamiliar,420
Valle del Cauca,Cali,2021,11,Hurto a residencias,247
Valle del Cauca,Cali,2021,11,Extorsión,36
Valle del Cauca,Cali,2021,12,Hurto a personas,1358
Valle del Cauca,Cali,2021,12,Hurto a comercio,435
Valle del Cauca,Cali,2021,12,Hurto de vehículos,223
Valle del Cauca,Cali,2021,12,Lesiones personales,818
Valle del Cauca,Cali,2021,12,Homicidio,68
Valle del Cauca,Cali,2021,12,Violencia intrafamiliar,474
Valle del Cauca,Cali,2021,12,Hurto a residencias,252
Valle del Cauca,Cali,2021,12,Extorsión,39
Valle del Cauca,Cali,2022,1,Hurto a personas,1389
Valle del Cauca,Cali,2022,1,Hurto a comercio,382
Valle del Cauca,Cali,2022,1,Hurto de vehículos,225
Valle del Cauca,Cali,2022,1,Lesiones personales,710
Valle del Cauca,Cali,2022,1,Homicidio,81
Valle del Cauca,Cali,2022,1,Violencia intrafamiliar,424
Valle del Cauca,Cali,2022,1,Hurto a residencias,246
Valle del Cauca,Cali,2022,1,Extorsión,47
Valle del Cauca,Cali,2022,2,Hurto a personas,1337
Valle del Cauca,Cali,2022,2,Hurto a comercio,311
Valle del Cauca,Cali,2022,2,Hurto de vehículos,189
Valle del Cauca,Cali,2022,2,Lesiones personales,738
Valle del Cauca,Cali,2022,2,Homicidio,66
Valle del Cauca,Cali,2022,2,Violencia intrafamiliar,396
Valle del Cauca,Cali,2022,2,Hurto a residencias,262
Valle del Cauca,Cali,2022,2,Extorsión,43
Valle del Cauca,Cali,2022,3,Hurto a personas,1395
Valle del Cauca,Cali,2022,3,Hurto a comercio,353
Valle del Cauca,Cali,2022,3,Hurto de vehículos,219
Valle del Cauca,Cali,2022,3,Lesiones personales,803
Valle del Cauca,Cali,2022,3,Homicidio,72
Valle del Cauca,Cali,2022,3,Violencia intrafamiliar,362
Valle del Cauca,Cali,2022,3,Hurto a residencias,278
Valle del Cauca,Cali,2022,3,Extorsión,34
Valle del Cauca,Cali,2022,4,Hurto a personas,1239
Valle del Cauca,Cali,2022,4,Hurto a comercio,334
Valle del Cauca,Cali,2022,4,Hurto de vehículos,207
Valle del Cauca,Cali,2022,4,Lesiones personales,841
Valle del Cauca,Cali,2022,4,Homicidio,62
Valle del Cauca,Cali,2022,4,Violencia intrafamiliar,567
Valle del Cauca,Cali,2022,4,Hurto a residencias,287
Valle del Cauca,Cali,2022,4,Extorsión,37
Valle del Cauca,Cali,2022,5,Hurto a personas,1458
Valle del Cauca,Cali,2022,5,Hurto a comercio,340
Valle del Cauca,Cali,2022,5,Hurto de vehículos,219
Valle del Cauca,Cali,2022,5,Lesiones personales,858
Valle del Cauca,Cali,2022,5,Homicidio,75
Valle del Cauca,Cali,2022,5,Violencia intrafamiliar,575
Valle del Cauca,Cali,2022,5,Hurto a residencias,233
Valle del Cauca,Cali,2022,5,Extorsión,41
Valle del Cauca,Cali,2022,6,Hurto a personas,1116
Valle del Cauca,Cali,2022,6,Hurto a comercio,364
Valle del Cauca,Cali,2022,6,Hurto de vehículos,219
Valle del Cauca,Cali,2022,6,Lesiones personales,832
Valle del Cauca,Cali,2022,6,Homicidio,75
Valle del Cauca,Cali,2022,6,Violencia intrafamiliar,540
Valle del Cauca,Cali,2022,6,Hurto a residencias,251
Valle del Cauca,Cali,2022,6,Extorsión,40
Valle del Cauca,Cali,2022,7,Hurto a personas,1456
Valle del Cauca,Cali,2022,7,Hurto a comercio,321
Valle del Cauca,Cali,2022,7,Hurto de vehículos,199
Valle del Cauca,Cali,2022,7,Lesiones personales,878
Valle del Cauca,Cali,2022,7,Homicidio,74
Valle del Cauca,Cali,2022,7,Violencia intrafamiliar,526
Valle del Cauca,Cali,2022,7,Hurto a residencias,223
Valle del Cauca,Cali,2022,7,Extorsión,38
Valle del Cauca,Cali,2022,8,Hurto a personas,1162
Valle del Cauca,Cali,2022,8,Hurto a comercio,329
Valle del Cauca,Cali,2022,8,Hurto de vehículos,203
Valle del Cauca,Cali,2022,8,Lesiones personales,750
Valle del Cauca,Cali,2022,8,Homicidio,62
Valle del Cauca,Cali,2022,8,Violencia intrafamiliar,532
Valle del Cauca,Cali,2022,8,Hurto a residencias,295
Valle del Cauca,Cali,2022,8,Extorsión,39
Valle del Cauca,Cali,2022,9,Hurto a personas,1148
Valle del Cauca,Cali,2022,9,Hurto a comercio,248
Valle del Cauca,Cali,2022,9,Hurto de vehículos,194
Valle del Cauca,Cali,2022,9,Lesiones personales,832
Valle del Cauca,Cali,2022,9,Homicidio,71
Valle del Cauca,Cali,2022,9,Violencia intrafamiliar,525
Valle del Cauca,Cali,2022,9,Hurto a residencias,257
Valle del Cauca,Cali,2022,9,Extorsión,35
Valle del Cauca,Cali,2022,10,Hurto a personas,950
Valle del Cauca,Cali,2022,10,Hurto a comercio,281
Valle del Cauca,Cali,2022,10,Hurto de vehículos,249
Valle del Cauca,Cali,2022,10,Lesiones personales,703
Valle del Cauca,Cali,2022,10,Homicidio,78
Valle del Cauca,Cali,2022,10,Violencia intrafamiliar,423
Valle del Cauca,Cali,2022,10,Hurto a residencias,246
Valle del Cauca,Cali,2022,10,Extorsión,43
Valle del Cauca,Cali,2022,11,Hurto a personas,1096
Valle del Cauca,Cali,2022,11,Hurto a comercio,260
Valle del Cauca,Cali,2022,11,Hurto de vehículos,218
Valle del Cauca,Cali,2022,11,Lesiones personales,562
Valle del Cauca,Cali,2022,11,Homicidio,58
Valle del Cauca,Cali,2022,11,Violencia intrafamiliar,531
Valle del Cauca,Cali,2022,11,Hurto a residencias,309
Valle del Cauca,Cali,2022,11,Extorsión,45
Valle del Cauca,Cali,2022,12,Hurto a personas,1378
Valle del Cauca,Cali,2022,12,Hurto a comercio,307
Valle del Cauca,Cali,2022,12,Hurto de vehículos,306
Valle del Cauca,Cali,2022,12,Lesiones personales,712
Valle del Cauca,Cali,2022,12,Homicidio,68
Valle del Cauca,Cali,2022,12,Violencia intrafamiliar,541
Valle del Cauca,Cali,2022,12,Hurto a residencias,265
Valle del Cauca,Cali,2022,12,Extorsión,48
Valle del Cauca,Cali,2023,1,Hurto a personas,1437
Valle del Cauca,Cali,2023,1,Hurto a comercio,327
Valle del Cauca,Cali,2023,1,Hurto de vehículos,261
Valle del Cauca,Cali,2023,1,Lesiones personales,687
Valle del Cauca,Cali,2023,1,Homicidio,54
Valle del Cauca,Cali,2023,1,Violencia intrafamiliar,407
Valle del Cauca,Cali,2023,1,Hurto a residencias,264
Valle del Cauca,Cali,2023,1,Extorsión,46
Valle del Cauca,Cali,2023,2,Hurto a personas,1077
Valle del Cauca,Cali,2023,2,Hurto a comercio,309
Valle del Cauca,Cali,2023,2,Hurto de vehículos,177
Valle del Cauca,Cali,2023,2,Lesiones personales,776
Valle del Cauca,Cali,2023,2,Homicidio,52
Valle del Cauca,Cali,2023,2,Violencia intrafamiliar,501
Valle del Cauca,Cali,2023,2,Hurto a residencias,266
Valle del Cauca,Cali,2023,2,Extorsión,41
Valle del Cauca,Cali,2023,3,Hurto a personas,1363
Valle del Cauca,Cali,2023,3,Hurto a comercio,338
Valle del Cauca,Cali,2023,3,Hurto de vehículos,254
Valle del Cauca,Cali,2023,3,Lesiones personales,633
Valle del Cauca,Cali,2023,3,Homicidio,62
Valle del Cauca,Cali,2023,3,Violencia intrafamiliar,427
Valle del Cauca,Cali,2023,3,Hurto a residencias,217
Valle del Cauca,Cali,2023,3,Extorsión,44
Valle del Cauca,Cali,2023,4,Hurto a personas,871
Valle del Cauca,Cali,2023,4,Hurto a comercio,345
Valle del Cauca,Cali,2023,4,Hurto de vehículos,192
Valle del Cauca,Cali,2023,4,Lesiones personales,813
Valle del Cauca,Cali,2023,4,Homicidio,58
Valle del Cauca,Cali,2023,4,Violencia intrafamiliar,441
Valle del Cauca,Cali,2023,4,Hurto a residencias,293
Valle del Cauca,Cali,2023,4,Extorsión,34
Valle del Cauca,Cali,2023,5,Hurto a personas,1262
Valle del Cauca,Cali,2023,5,Hurto a comercio,277
Valle del Cauca,Cali,2023,5,Hurto de vehículos,202
Valle del Cauca,Cali,2023,5,Lesiones personales,770
Valle del Cauca,Cali,2023,5,Homicidio,58
Valle del Cauca,Cali,2023,5,Violencia intrafamiliar,541
Valle del Cauca,Cali,2023,5,Hurto a residencias,256
Valle del Cauca,Cali,2023,5,Extorsión,40
Valle del Cauca,Cali,2023,6,Hurto a personas,1247
Valle del Cauca,Cali,2023,6,Hurto a comercio,306
Valle del Cauca,Cali,2023,6,Hurto de vehículos,276
Valle del Cauca,Cali,2023,6,Lesiones personales,786
Valle del Cauca,Cali,2023,6,Homicidio,69
Valle del Cauca,Cali,2023,6,Violencia intrafamiliar,513
Valle del Cauca,Cali,2023,6,Hurto a residencias,259
Valle del Cauca,Cali,2023,6,Extorsión,48
Valle del Cauca,Cali,2023,7,Hurto a personas,976
Valle del Cauca,Cali,2023,7,Hurto a comercio,351
Valle del Cauca,Cali,2023,7,Hurto de vehículos,208
Valle del Cauca,Cali,2023,7,Lesiones personales,780
Valle del Cauca,Cali,2023,7,Homicidio,66
Valle del Cauca,Cali,2023,7,Violencia intrafamiliar,529
Valle del Cauca,Cali,2023,7,Hurto a residencias,203
Valle del Cauca,Cali,2023,7,Extorsión,32
Valle del Cauca,Cali,2023,8,Hurto a personas,1221
Valle del Cauca,Cali,2023,8,Hurto a comercio,281
Valle del Cauca,Cali,2023,8,Hurto de vehículos,232
Valle del Cauca,Cali,2023,8,Lesiones personales,784
Valle del Cauca,Cali,2023,8,Homicidio,52
Valle del Cauca,Cali,2023,8,Violencia intrafamiliar,402
Valle del Cauca,Cali,2023,8,Hurto a residencias,281
Valle del Cauca,Cali,2023,8,Extorsión,48
Valle del Cauca,Cali,2023,9,Hurto a personas,1288
Valle del Cauca,Cali,2023,9,Hurto a comercio,356
Valle del Cauca,Cali,2023,9,Hurto de vehículos,206
Valle del Cauca,Cali,2023,9,Lesiones personales,866
Valle del Cauca,Cali,2023,9,Homicidio,59
Valle del Cauca,Cali,2023,9,Violencia intrafamiliar,514
Valle del Cauca,Cali,2023,9,Hurto a residencias,276
Valle del Cauca,Cali,2023,9,Extorsión,35
Valle del Cauca,Cali,2023,10,Hurto a personas,994
Valle del Cauca,Cali,2023,10,Hurto a comercio,366
Valle del Cauca,Cali,2023,10,Hurto de vehículos,193
Valle del Cauca,Cali,2023,10,Lesiones personales,616
Valle del Cauca,Cali,2023,10,Homicidio,67
Valle del Cauca,Cali,2023,10,Violencia intrafamiliar,479
Valle del Cauca,Cali,2023,10,Hurto a residencias,219
Valle del Cauca,Cali,2023,10,Extorsión,41
Valle del Cauca,Cali,2023,11,Hurto a personas,1089
Valle del Cauca,Cali,2023,11,Hurto a comercio,323
Valle del Cauca,Cali,2023,11,Hurto de vehículos,254
Valle del Cauca,Cali,2023,11,Lesiones personales,747
Valle del Cauca,Cali,2023,11,Homicidio,46
Valle del Cauca,Cali,2023,11,Violencia intrafamiliar,375
Valle del Cauca,Cali,2023,11,Hurto a residencias,293
Valle del Cauca,Cali,2023,11,Extorsión,39
Valle del Cauca,Cali,2023,12,Hurto a personas,1467
Valle del Cauca,Cali,2023,12,Hurto a comercio,415
Valle del Cauca,Cali,2023,12,Hurto de vehículos,216
Valle del Cauca,Cali,2023,12,Lesiones personales,688
Valle del Cauca,Cali,2023,12,Homicidio,57
Valle del Cauca,Cali,2023,12,Violencia intrafamiliar,592
Valle del Cauca,Cali,2023,12,Hurto a residencias,297
Valle del Cauca,Cali,2023,12,Extorsión,43
Valle del Cauca,Cali,2024,1,Hurto a personas,976
Valle del Cauca,Cali,2024,1,Hurto a comercio,351
Valle del Cauca,Cali,2024,1,Hurto de vehículos,239
Valle del Cauca,Cali,2024,1,Lesiones personales,887
Valle del Cauca,Cali,2024,1,Homicidio,76
Valle del Cauca,Cali,2024,1,Violencia intrafamiliar,427
Valle del Cauca,Cali,2024,1,Hurto a residencias,290
Valle del Cauca,Cali,2024,1,Extorsión,38
Valle del Cauca,Cali,2024,2,Hurto a personas,1082
Valle del Cauca,Cali,2024,2,Hurto a comercio,263
Valle del Cauca,Cali,2024,2,Hurto de vehículos,234
Valle del Cauca,Cali,2024,2,Lesiones personales,750
Valle del Cauca,Cali,2024,2,Homicidio,60
Valle del Cauca,Cali,2024,2,Violencia intrafamiliar,472
Valle del Cauca,Cali,2024,2,Hurto a residencias,273
Valle del Cauca,Cali,2024,2,Extorsión,36
Valle del Cauca,Cali,2024,3,Hurto a personas,1271
Valle del Cauca,Cali,2024,3,Hurto a comercio,322
Valle del Cauca,Cali,2024,3,Hurto de vehículos,171
Valle del Cauca,Cali,2024,3,Lesiones personales,734
Valle del Cauca,Cali,2024,3,Homicidio,70
Valle del Cauca,Cali,2024,3,Violencia intrafamiliar,455
Valle del Cauca,Cali,2024,3,Hurto a residencias,293
Valle del Cauca,Cali,2024,3,Extorsión,34
Valle del Cauca,Cali,2024,4,Hurto a personas,868
Valle del Cauca,Cali,2024,4,Hurto a comercio,321
Valle del Cauca,Cali,2024,4,Hurto de vehículos,200
Valle del Cauca,Cali,2024,4,Lesiones personales,595
Valle del Cauca,Cali,2024,4,Homicidio,64
Valle del Cauca,Cali,2024,4,Violencia intrafamiliar,438
Valle del Cauca,Cali,2024,4,Hurto a residencias,247
Valle del Cauca,Cali,2024,4,Extorsión,38
Valle del Cauca,Cali,2024,5,Hurto a personas,1257
Valle del Cauca,Cali,2024,5,Hurto a comercio,348
Valle del Cauca,Cali,2024,5,Hurto de vehículos,186
Valle del Cauca,Cali,2024,5,Lesiones personales,757
Valle del Cauca,Cali,2024,5,Homicidio,51
Valle del Cauca,Cali,2024,5,Violencia intrafamiliar,464
Valle del Cauca,Cali,2024,5,Hurto a residencias,216
Valle del Cauca,Cali,2024,5,Extorsión,45
Valle del Cauca,Cali,2024,6,Hurto a personas,1225
Valle del Cauca,Cali,2024,6,Hurto a comercio,341
Valle del Cauca,Cali,2024,6,Hurto de vehículos,226
Valle del Cauca,Cali,2024,6,Lesiones personales,859
Valle del Cauca,Cali,2024,6,Homicidio,63
Valle del Cauca,Cali,2024,6,Violencia intrafamiliar,410
Valle del Cauca,Cali,2024,6,Hurto a residencias,249
Valle del Cauca,Cali,2024,6,Extorsión,35
Valle del Cauca,Cali,2024,7,Hurto a personas,1193
Valle del Cauca,Cali,2024,7,Hurto a comercio,228
Valle del Cauca,Cali,2024,7,Hurto de vehículos,219
Valle del Cauca,Cali,2024,7,Lesiones personales,765
Valle del Cauca,Cali,2024,7,Homicidio,51
Valle del Cauca,Cali,2024,7,Violencia intrafamiliar,355
Valle del Cauca,Cali,2024,7,Hurto a residencias,234
Valle del Cauca,Cali,2024,7,Extorsión,45
Valle del Cauca,Cali,2024,8,Hurto a personas,1327
Valle del Cauca,Cali,2024,8,Hurto a comercio,333
Valle del Cauca,Cali,2024,8,Hurto de vehículos,215
Valle del Cauca,Cali,2024,8,Lesiones personales,766
Valle del Cauca,Cali,2024,8,Homicidio,65
Valle del Cauca,Cali,2024,8,Violencia intrafamiliar,512
Valle del Cauca,Cali,2024,8,Hurto a residencias,251
Valle del Cauca,Cali,2024,8,Extorsión,32
Valle del Cauca,Cali,2024,9,Hurto a personas,1186
Valle del Cauca,Cali,2024,9,Hurto a comercio,370
Valle del Cauca,Cali,2024,9,Hurto de vehículos,200
Valle del Cauca,Cali,2024,9,Lesiones personales,756
Valle del Cauca,Cali,2024,9,Homicidio,71
Valle del Cauca,Cali,2024,9,Violencia intrafamiliar,387
Valle del Cauca,Cali,2024,9,Hurto a residencias,219
Valle del Cauca,Cali,2024,9,Extorsión,41
Valle del Cauca,Cali,2024,10,Hurto a personas,1054
Valle del Cauca,Cali,2024,10,Hurto a comercio,302
Valle del Cauca,Cali,2024,10,Hurto de vehículos,249
Valle del Cauca,Cali,2024,10,Lesiones personales,714
Valle del Cauca,Cali,2024,10,Homicidio,64
Valle del Cauca,Cali,2024,10,Violencia intrafamiliar,462
Valle del Cauca,Cali,2024,10,Hurto a residencias,286
Valle del Cauca,Cali,2024,10,Extorsión,38
Valle del Cauca,Cali,2024,11,Hurto a personas,1107
Valle del Cauca,Cali,2024,11,Hurto a comercio,277
Valle del Cauca,Cali,2024,11,Hurto de vehículos,178
Valle del Cauca,Cali,2024,11,Lesiones personales,702
Valle del Cauca,Cali,2024,11,Homicidio,57
Valle del Cauca,Cali,2024,11,Violencia intrafamiliar,394
Valle del Cauca,Cali,2024,11,Hurto a residencias,218
Valle del Cauca,Cali,2024,11,Extorsión,34
Valle del Cauca,Cali,2024,12,Hurto a personas,1492
Valle del Cauca,Cali,2024,12,Hurto a comercio,306
Valle del Cauca,Cali,2024,12,Hurto de vehículos,219
Valle del Cauca,Cali,2024,12,Lesiones personales,903
Valle del Cauca,Cali,2024,12,Homicidio,75
Valle del Cauca,Cali,2024,12,Violencia intrafamiliar,435
Valle del Cauca,Cali,2024,12,Hurto a residencias,309
Valle del Cauca,Cali,2024,12,Extorsión,39
Valle del Cauca,Buenaventura,2020,1,Hurto a personas,191
Valle del Cauca,Buenaventura,2020,1,Hurto a comercio,57
Valle del Cauca,Buenaventura,2020,1,Hurto de vehículos,40
Valle del Cauca,Buenaventura,2020,1,Lesiones personales,133
Valle del Cauca,Buenaventura,2020,1,Homicidio,10
Valle del Cauca,Buenaventura,2020,1,Violencia intrafamiliar,94
Valle del Cauca,Buenaventura,2020,1,Hurto a residencias,50
Valle del Cauca,Buenaventura,2020,1,Extorsión,5
Valle del Cauca,Buenaventura,2020,2,Hurto a personas,145
Valle del Cauca,Buenaventura,2020,2,Hurto a comercio,45
Valle del Cauca,Buenaventura,2020,2,Hurto de vehículos,35
Valle del Cauca,Buenaventura,2020,2,Lesiones personales,136
Valle del Cauca,Buenaventura,2020,2,Homicidio,8
Valle del Cauca,Buenaventura,2020,2,Violencia intrafamiliar,86
Valle del Cauca,Buenaventura,2020,2,Hurto a residencias,35
Valle del Cauca,Buenaventura,2020,2,Extorsión,6
Valle del Cauca,Buenaventura,2020,3,Hurto a personas,154
Valle del Cauca,Buenaventura,2020,3,Hurto a comercio,50
Valle del Cauca,Buenaventura,2020,3,Hurto de vehículos,43
Valle del Cauca,Buenaventura,2020,3,Lesiones personales,93
Valle del Cauca,Buenaventura,2020,3,Homicidio,11
Valle del Cauca,Buenaventura,2020,3,Violencia intrafamiliar,67
Valle del Cauca,Buenaventura,2020,3,Hurto a residencias,40
Valle del Cauca,Buenaventura,2020,3,Extorsión,7
Valle del Cauca,Buenaventura,2020,4,Hurto a personas,222
Valle del Cauca,Buenaventura,2020,4,Hurto a comercio,47
Valle del Cauca,Buenaventura,2020,4,Hurto de vehículos,37
Valle del Cauca,Buenaventura,2020,4,Lesiones personales,116
Valle del Cauca,Buenaventura,2020,4,Homicidio,8
Valle del Cauca,Buenaventura,2020,4,Violencia intrafamiliar,74
Valle del Cauca,Buenaventura,2020,4,Hurto a residencias,39
Valle del Cauca,Buenaventura,2020,4,Extorsión,5
Valle del Cauca,Buenaventura,2020,5,Hurto a personas,159
Valle del Cauca,Buenaventura,2020,5,Hurto a comercio,47
Valle del Cauca,Buenaventura,2020,5,Hurto de vehículos,28
Valle del Cauca,Buenaventura,2020,5,Lesiones personales,135
Valle del Cauca,Buenaventura,2020,5,Homicidio,10
Valle del Cauca,Buenaventura,2020,5,Violencia intrafamiliar,61
Valle del Cauca,Buenaventura,2020,5,Hurto a residencias,37
Valle del Cauca,Buenaventura,2020,5,Extorsión,6
Valle del Cauca,Buenaventura,2020,6,Hurto a personas,185
Valle del Cauca,Buenaventura,2020,6,Hurto a comercio,43
Valle del Cauca,Buenaventura,2020,6,Hurto de vehículos,36
Valle del Cauca,Buenaventura,2020,6,Lesiones personales,130
Valle del Cauca,Buenaventura,2020,6,Homicidio,12
Valle del Cauca,Buenaventura,2020,6,Violencia intrafamiliar,81
Valle del Cauca,Buenaventura,2020,6,Hurto a residencias,48
Valle del Cauca,Buenaventura,2020,6,Extorsión,6
Valle del Cauca,Buenaventura,2020,7,Hurto a personas,162
Valle del Cauca,Buenaventura,2020,7,Hurto a comercio,46
Valle del Cauca,Buenaventura,2020,7,Hurto de vehículos,34
Valle del Cauca,Buenaventura,2020,7,Lesiones personales,147
Valle del Cauca,Buenaventura,2020,7,Homicidio,9
Valle del Cauca,Buenaventura,2020,7,Violencia intrafamiliar,59
Valle del Cauca,Buenaventura,2020,7,Hurto a residencias,41
Valle del Cauca,Buenaventura,2020,7,Extorsión,7
Valle del Cauca,Buenaventura,2020,8,Hurto a personas,193
Valle del Cauca,Buenaventura,2020,8,Hurto a comercio,50
Valle del Cauca,Buenaventura,2020,8,Hurto de vehículos,39
Valle del Cauca,Buenaventura,2020,8,Lesiones personales,115
Valle del Cauca,Buenaventura,2020,8,Homicidio,8
Valle del Cauca,Buenaventura,2020,8,Violencia intrafamiliar,55
Valle del Cauca,Buenaventura,2020,8,Hurto a residencias,35
Valle del Cauca,Buenaventura,2020,8,Extorsión,6
Valle del Cauca,Buenaventura,2020,9,Hurto a personas,174
Valle del Cauca,Buenaventura,2020,9,Hurto a comercio,54
Valle del Cauca,Buenaventura,2020,9,Hurto de vehículos,29
Valle del Cauca,Buenaventura,2020,9,Lesiones personales,110
Valle del Cauca,Buenaventura,2020,9,Homicidio,8
Valle del Cauca,Buenaventura,2020,9,Violencia intrafamiliar,78
Valle del Cauca,Buenaventura,2020,9,Hurto a residencias,44
Valle del Cauca,Buenaventura,2020,9,Extorsión,5
Valle del Cauca,Buenaventura,2020,10,Hurto a personas,230
Valle del Cauca,Buenaventura,2020,10,Hurto a comercio,54
Valle del Cauca,Buenaventura,2020,10,Hurto de vehículos,43
Valle del Cauca,Buenaventura,2020,10,Lesiones personales,118
Valle del Cauca,Buenaventura,2020,10,Homicidio,9
Valle del Cauca,Buenaventura,2020,10,Violencia intrafamiliar,65
Valle del Cauca,Buenaventura,2020,10,Hurto a residencias,42
Valle del Cauca,Buenaventura,2020,10,Extorsión,5
Valle del Cauca,Buenaventura,2020,11,Hurto a personas,192
Valle del Cauca,Buenaventura,2020,11,Hurto a comercio,41
Valle del Cauca,Buenaventura,2020,11,Hurto de vehículos,33
Valle del Cauca,Buenaventura,2020,11,Lesiones personales,88
Valle del Cauca,Buenaventura,2020,11,Homicidio,9
Valle del Cauca,Buenaventura,2020,11,Violencia intrafamiliar,56
Valle del Cauca,Buenaventura,2020,11,Hurto a residencias,43
Valle del Cauca,Buenaventura,2020,11,Extorsión,6
Valle del Cauca,Buenaventura,2020,12,Hurto a personas,189
Valle del Cauca,Buenaventura,2020,12,Hurto a comercio,64
Valle del Cauca,Buenaventura,2020,12,Hurto de vehículos,42
Valle del Cauca,Buenaventura,2020,12,Lesiones personales,129
Valle del Cauca,Buenaventura,2020,12,Homicidio,9
Valle del Cauca,Buenaventura,2020,12,Violencia intrafamiliar,73
Valle del Cauca,Buenaventura,2020,12,Hurto a residencias,52
Valle del Cauca,Buenaventura,2020,12,Extorsión,6
Valle del Cauca,Buenaventura,2021,1,Hurto a personas,219
Valle del Cauca,Buenaventura,2021,1,Hurto a comercio,46
Valle del Cauca,Buenaventura,2021,1,Hurto de vehículos,37
Valle del Cauca,Buenaventura,2021,1,Lesiones personales,132
Valle del Cauca,Buenaventura,2021,1,Homicidio,10
Valle del Cauca,Buenaventura,2021,1,Violencia intrafamiliar,72
Valle del Cauca,Buenaventura,2021,1,Hurto a residencias,45
Valle del Cauca,Buenaventura,2021,1,Extorsión,6
Valle del Cauca,Buenaventura,2021,2,Hurto a personas,187
Valle del Cauca,Buenaventura,2021,2,Hurto a comercio,35
Valle del Cauca,Buenaventura,2021,2,Hurto de vehículos,32
Valle del Cauca,Buenaventura,2021,2,Lesiones personales,122
Valle del Cauca,Buenaventura,2021,2,Homicidio,8
Valle del Cauca,Buenaventura,2021,2,Violencia intrafamiliar,74
Valle del Cauca,Buenaventura,2021,2,Hurto a residencias,45
Valle del Cauca,Buenaventura,2021,2,Extorsión,4
Valle del Cauca,Buenaventura,2021,3,Hurto a personas,211
Valle del Cauca,Buenaventura,2021,3,Hurto a comercio,44
Valle del Cauca,Buenaventura,2021,3,Hurto de vehículos,39
Valle del Cauca,Buenaventura,2021,3,Lesiones personales,104
Valle del Cauca,Buenaventura,2021,3,Homicidio,11
Valle del Cauca,Buenaventura,2021,3,Violencia intrafamiliar,81
Valle del Cauca,Buenaventura,2021,3,Hurto a residencias,34
Valle del Cauca,Buenaventura,2021,3,Extorsión,6
Valle del Cauca,Buenaventura,2021,4,Hurto a personas,191
Valle del Cauca,Buenaventura,2021,4,Hurto a comercio,53
Valle del Cauca,Buenaventura,2021,4,Hurto de vehículos,28
Valle del Cauca,Buenaventura,2021,4,Lesiones personales,137
Valle del Cauca,Buenaventura,2021,4,Homicidio,9
Valle del Cauca,Buenaventura,2021,4,Violencia intrafamiliar,80
Valle del Cauca,Buenaventura,2021,4,Hurto a residencias,42
Valle del Cauca,Buenaventura,2021,4,Extorsión,6
Valle del Cauca,Buenaventura,2021,5,Hurto a personas,156
Valle del Cauca,Buenaventura,2021,5,Hurto a comercio,52
Valle del Cauca,Buenaventura,2021,5,Hurto de vehículos,36
Valle del Cauca,Buenaventura,2021,5,Lesiones personales,102
Valle del Cauca,Buenaventura,2021,5,Homicidio,8
Valle del Cauca,Buenaventura,2021,5,Violencia intrafamiliar,67
Valle del Cauca,Buenaventura,2021,5,Hurto a residencias,35
Valle del Cauca,Buenaventura,2021,5,Extorsión,5
Valle del Cauca,Buenaventura,2021,6,Hurto a personas,220
Valle del Cauca,Buenaventura,2021,6,Hurto a comercio,58
Valle del Cauca,Buenaventura,2021,6,Hurto de vehículos,30
Valle del Cauca,Buenaventura,2021,6,Lesiones personales,122
Valle del Cauca,Buenaventura,2021,6,Homicidio,8
Valle del Cauca,Buenaventura,2021,6,Violencia intrafamiliar,77
Valle del Cauca,Buenaventura,2021,6,Hurto a residencias,40
Valle del Cauca,Buenaventura,2021,6,Extorsión,6
Valle del Cauca,Buenaventura,2021,7,Hurto a personas,163
Valle del Cauca,Buenaventura,2021,7,Hurto a comercio,50
Valle del Cauca,Buenaventura,2021,7,Hurto de vehículos,34
Valle del Cauca,Buenaventura,2021,7,Lesiones personales,123
Valle del Cauca,Buenaventura,2021,7,Homicidio,10
Valle del Cauca,Buenaventura,2021,7,Violencia intrafamiliar,75
Valle del Cauca,Buenaventura,2021,7,Hurto a residencias,37
Valle del Cauca,Buenaventura,2021,7,Extorsión,6
Valle del Cauca,Buenaventura,2021,8,Hurto a personas,209
Valle del Cauca,Buenaventura,2021,8,Hurto a comercio,48
Valle del Cauca,Buenaventura,2021,8,Hurto de vehículos,41
Valle del Cauca,Buenaventura,2021,8,Lesiones personales,86
Valle del Cauca,Buenaventura,2021,8,Homicidio,9
Valle del Cauca,Buenaventura,2021,8,Violencia intrafamiliar,60
Valle del Cauca,Buenaventura,2021,8,Hurto a residencias,41
Valle del Cauca,Buenaventura,2021,8,Extorsión,5
Valle del Cauca,Buenaventura,2021,9,Hurto a personas,182
Valle del Cauca,Buenaventura,2021,9,Hurto a comercio,41
Valle del Cauca,Buenaventura,2021,9,Hurto de vehículos,37
Valle del Cauca,Buenaventura,2021,9,Lesiones personales,97
Valle del Cauca,Buenaventura,2021,9,Homicidio,12
Valle del Cauca,Buenaventura,2021,9,Violencia intrafamiliar,78
Valle del Cauca,Buenaventura,2021,9,Hurto a residencias,38
Valle del Cauca,Buenaventura,2021,9,Extorsión,5
Valle del Cauca,Buenaventura,2021,10,Hurto a personas,204
Valle del Cauca,Buenaventura,2021,10,Hurto a comercio,42
Valle del Cauca,Buenaventura,2021,10,Hurto de vehículos,36
Valle del Cauca,Buenaventura,2021,10,Lesiones personales,136
Valle del Cauca,Buenaventura,2021,10,Homicidio,9
Valle del Cauca,Buenaventura,2021,10,Violencia intrafamiliar,85
Valle del Cauca,Buenaventura,2021,10,Hurto a residencias,42
Valle del Cauca,Buenaventura,2021,10,Extorsión,6
Valle del Cauca,Buenaventura,2021,11,Hurto a personas,209
Valle del Cauca,Buenaventura,2021,11,Hurto a comercio,49
Valle del Cauca,Buenaventura,2021,11,Hurto de vehículos,31
Valle del Cauca,Buenaventura,2021,11,Lesiones personales,106
Valle del Cauca,Buenaventura,2021,11,Homicidio,11
Valle del Cauca,Buenaventura,2021,11,Violencia intrafamiliar,81
Valle del Cauca,Buenaventura,2021,11,Hurto a residencias,36
Valle del Cauca,Buenaventura,2021,11,Extorsión,6
Valle del Cauca,Buenaventura,2021,12,Hurto a personas,225
Valle del Cauca,Buenaventura,2021,12,Hurto a comercio,56
Valle del Cauca,Buenaventura,2021,12,Hurto de vehículos,43
Valle del Cauca,Buenaventura,2021,12,Lesiones personales,116
Valle del Cauca,Buenaventura,2021,12,Homicidio,12
Valle del Cauca,Buenaventura,2021,12,Violencia intrafamiliar,67
Valle del Cauca,Buenaventura,2021,12,Hurto a residencias,37
Valle del Cauca,Buenaventura,2021,12,Extorsión,8
Valle del Cauca,Buenaventura,2022,1,Hurto a personas,226
Valle del Cauca,Buenaventura,2022,1,Hurto a comercio,50
Valle del Cauca,Buenaventura,2022,1,Hurto de vehículos,41
Valle del Cauca,Buenaventura,2022,1,Lesiones personales,122
Valle del Cauca,Buenaventura,2022,1,Homicidio,9
Valle del Cauca,Buenaventura,2022,1,Violencia intrafamiliar,67
Valle del Cauca,Buenaventura,2022,1,Hurto a residencias,47
Valle del Cauca,Buenaventura,2022,1,Extorsión,6
Valle del Cauca,Buenaventura,2022,2,Hurto a personas,168
Valle del Cauca,Buenaventura,2022,2,Hurto a comercio,48
Valle del Cauca,Buenaventura,2022,2,Hurto de vehículos,33
Valle del Cauca,Buenaventura,2022,2,Lesiones personales,86
Valle del Cauca,Buenaventura,2022,2,Homicidio,11
Valle del Cauca,Buenaventura,2022,2,Violencia intrafamiliar,69
Valle del Cauca,Buenaventura,2022,2,Hurto a residencias,37
Valle del Cauca,Buenaventura,2022,2,Extorsión,5
Valle del Cauca,Buenaventura,2022,3,Hurto a personas,186
Valle del Cauca,Buenaventura,2022,3,Hurto a comercio,50
Valle del Cauca,Buenaventura,2022,3,Hurto de vehículos,28
Valle del Cauca,Buenaventura,2022,3,Lesiones personales,108
Valle del Cauca,Buenaventura,2022,3,Homicidio,6
Valle del Cauca,Buenaventura,2022,3,Violencia intrafamiliar,77
Valle del Cauca,Buenaventura,2022,3,Hurto a residencias,32
Valle del Cauca,Buenaventura,2022,3,Extorsión,5
Valle del Cauca,Buenaventura,2022,4,Hurto a personas,197
Valle del Cauca,Buenaventura,2022,4,Hurto a comercio,43
Valle del Cauca,Buenaventura,2022,4,Hurto de vehículos,27
Valle del Cauca,Buenaventura,2022,4,Lesiones personales,117
Valle del Cauca,Buenaventura,2022,4,Homicidio,9
Valle del Cauca,Buenaventura,2022,4,Violencia intrafamiliar,65
Valle del Cauca,Buenaventura,2022,4,Hurto a residencias,36
Valle del Cauca,Buenaventura,2022,4,Extorsión,6
Valle del Cauca,Buenaventura,2022,5,Hurto a personas,215
Valle del Cauca,Buenaventura,2022,5,Hurto a comercio,50
Valle del Cauca,Buenaventura,2022,5,Hurto de vehículos,33
Valle del Cauca,Buenaventura,2022,5,Lesiones personales,136
Valle del Cauca,Buenaventura,2022,5,Homicidio,10
Valle del Cauca,Buenaventura,2022,5,Violencia intrafamiliar,84
Valle del Cauca,Buenaventura,2022,5,Hurto a residencias,38
Valle del Cauca,Buenaventura,2022,5,Extorsión,5
Valle del Cauca,Buenaventura,2022,6,Hurto a personas,191
Valle del Cauca,Buenaventura,2022,6,Hurto a comercio,40
Valle del Cauca,Buenaventura,2022,6,Hurto de vehículos,38
Valle del Cauca,Buenaventura,2022,6,Lesiones personales,107
Valle del Cauca,Buenaventura,2022,6,Homicidio,8
Valle del Cauca,Buenaventura,2022,6,Violencia intrafamiliar,84
Valle del Cauca,Buenaventura,2022,6,Hurto a residencias,43
Valle del Cauca,Buenaventura,2022,6,Extorsión,7
Valle del Cauca,Buenaventura,2022,7,Hurto a personas,197
Valle del Cauca,Buenaventura,2022,7,Hurto a comercio,54
Valle del Cauca,Buenaventura,2022,7,Hurto de vehículos,33
Valle del Cauca,Buenaventura,2022,7,Lesiones personales,118
Valle del Cauca,Buenaventura,2022,7,Homicidio,10
Valle del Cauca,Buenaventura,2022,7,Violencia intrafamiliar,73
Valle del Cauca,Buenaventura,2022,7,Hurto a residencias,46
Valle del Cauca,Buenaventura,2022,7,Extorsión,5
Valle del Cauca,Buenaventura,2022,8,Hurto a personas,191
Valle del Cauca,Buenaventura,2022,8,Hurto a comercio,43
Valle del Cauca,Buenaventura,2022,8,Hurto de vehículos,29
Valle del Cauca,Buenaventura,2022,8,Lesiones personales,105
Valle del Cauca,Buenaventura,2022,8,Homicidio,11
Valle del Cauca,Buenaventura,2022,8,Violencia intrafamiliar,75
Valle del Cauca,Buenaventura,2022,8,Hurto a residencias,35
Valle del Cauca,Buenaventura,2022,8,Extorsión,5
Valle del Cauca,Buenaventura,2022,9,Hurto a personas,188
Valle del Cauca,Buenaventura,2022,9,Hurto a comercio,42
Valle del Cauca,Buenaventura,2022,9,Hurto de vehículos,34
Valle del Cauca,Buenaventura,2022,9,Lesiones personales,114
Valle del Cauca,Buenaventura,2022,9,Homicidio,9
Valle del Cauca,Buenaventura,2022,9,Violencia intrafamiliar,71
Valle del Cauca,Buenaventura,2022,9,Hurto a residencias,44
Valle del Cauca,Buenaventura,2022,9,Extorsión,5
Valle del Cauca,Buenaventura,2022,10,Hurto a personas,164
Valle del Cauca,Buenaventura,2022,10,Hurto a comercio,42
Valle del Cauca,Buenaventura,2022,10,Hurto de vehículos,28
Valle del Cauca,Buenaventura,2022,10,Lesiones personales,90
Valle del Cauca,Buenaventura,2022,10,Homicidio,8
Valle del Cauca,Buenaventura,2022,10,Violencia intrafamiliar,80
Valle del Cauca,Buenaventura,2022,10,Hurto a residencias,39
Valle del Cauca,Buenaventura,2022,10,Extorsión,6
Valle del Cauca,Buenaventura,2022,11,Hurto a personas,155
Valle del Cauca,Buenaventura,2022,11,Hurto a comercio,52
Valle del Cauca,Buenaventura,2022,11,Hurto de vehículos,36
Valle del Cauca,Buenaventura,2022,11,Lesiones personales,116
Valle del Cauca,Buenaventura,2022,11,Homicidio,11
Valle del Cauca,Buenaventura,2022,11,Violencia intrafamiliar,64
Valle del Cauca,Buenaventura,2022,11,Hurto a residencias,37
Valle del Cauca,Buenaventura,2022,11,Extorsión,5
Valle del Cauca,Buenaventura,2022,12,Hurto a personas,226
Valle del Cauca,Buenaventura,2022,12,Hurto a comercio,58
Valle del Cauca,Buenaventura,2022,12,Hurto de vehículos,38
Valle del Cauca,Buenaventura,2022,12,Lesiones personales,130
Valle del Cauca,Buenaventura,2022,12,Homicidio,10
Valle del Cauca,Buenaventura,2022,12,Violencia intrafamiliar,72
Valle del Cauca,Buenaventura,2022,12,Hurto a residencias,42
Valle del Cauca,Buenaventura,2022,12,Extorsión,8
Valle del Cauca,Buenaventura,2023,1,Hurto a personas,207
Valle del Cauca,Buenaventura,2023,1,Hurto a comercio,49
Valle del Cauca,Buenaventura,2023,1,Hurto de vehículos,31
Valle del Cauca,Buenaventura,2023,1,Lesiones personales,105
Valle del Cauca,Buenaventura,2023,1,Homicidio,9
Valle del Cauca,Buenaventura,2023,1,Violencia intrafamiliar,72
Valle del Cauca,Buenaventura,2023,1,Hurto a residencias,34
Valle del Cauca,Buenaventura,2023,1,Extorsión,5
Valle del Cauca,Buenaventura,2023,2,Hurto a personas,145
Valle del Cauca,Buenaventura,2023,2,Hurto a comercio,35
Valle del Cauca,Buenaventura,2023,2,Hurto de vehículos,35
Valle del Cauca,Buenaventura,2023,2,Lesiones personales,123
Valle del Cauca,Buenaventura,2023,2,Homicidio,11
Valle del Cauca,Buenaventura,2023,2,Violencia intrafamiliar,73
Valle del Cauca,Buenaventura,2023,2,Hurto a residencias,34
Valle del Cauca,Buenaventura,2023,2,Extorsión,6
Valle del Cauca,Buenaventura,2023,3,Hurto a personas,156
Valle del Cauca,Buenaventura,2023,3,Hurto a comercio,50
Valle del Cauca,Buenaventura,2023,3,Hurto de vehículos,27
Valle del Cauca,Buenaventura,2023,3,Lesiones personales,108
Valle del Cauca,Buenaventura,2023,3,Homicidio,10
Valle del Cauca,Buenaventura,2023,3,Violencia intrafamiliar,78
Valle del Cauca,Buenaventura,2023,3,Hurto a residencias,30
Valle del Cauca,Buenaventura,2023,3,Extorsión,5
Valle del Cauca,Buenaventura,2023,4,Hurto a personas,200
Valle del Cauca,Buenaventura,2023,4,Hurto a comercio,49
Valle del Cauca,Buenaventura,2023,4,Hurto de vehículos,34
Valle del Cauca,Buenaventura,2023,4,Lesiones personales,84
Valle del Cauca,Buenaventura,2023,4,Homicidio,8
Valle del Cauca,Buenaventura,2023,4,Violencia intrafamiliar,66
Valle del Cauca,Buenaventura,2023,4,Hurto a residencias,31
Valle del Cauca,Buenaventura,2023,4,Extorsión,5
Valle del Cauca,Buenaventura,2023,5,Hurto a personas,178
Valle del Cauca,Buenaventura,2023,5,Hurto a comercio,46
Valle del Cauca,Buenaventura,2023,5,Hurto de vehículos,29
Valle del Cauca,Buenaventura,2023,5,Lesiones personales,100
Valle del Cauca,Buenaventura,2023,5,Homicidio,8
Valle del Cauca,Buenaventura,2023,5,Violencia intrafamiliar,75
Valle del Cauca,Buenaventura,2023,5,Hurto a residencias,43
Valle del Cauca,Buenaventura,2023,5,Extorsión,5
Valle del Cauca,Buenaventura,2023,6,Hurto a personas,169
Valle del Cauca,Buenaventura,2023,6,Hurto a comercio,58
Valle del Cauca,Buenaventura,2023,6,Hurto de vehículos,32
Valle del Cauca,Buenaventura,2023,6,Lesiones personales,127
Valle del Cauca,Buenaventura,2023,6,Homicidio,10
Valle del Cauca,Buenaventura,2023,6,Violencia intrafamiliar,62
Valle del Cauca,Buenaventura,2023,6,Hurto a residencias,43
Valle del Cauca,Buenaventura,2023,6,Extorsión,6
Valle del Cauca,Buenaventura,2023,7,Hurto a personas,183
Valle del Cauca,Buenaventura,2023,7,Hurto a comercio,53
Valle del Cauca,Buenaventura,2023,7,Hurto de vehículos,32
Valle del Cauca,Buenaventura,2023,7,Lesiones personales,105
Valle del Cauca,Buenaventura,2023,7,Homicidio,9
Valle del Cauca,Buenaventura,2023,7,Violencia intrafamiliar,72
Valle del Cauca,Buenaventura,2023,7,Hurto a residencias,31
Valle del Cauca,Buenaventura,2023,7,Extorsión,5
Valle del Cauca,Buenaventura,2023,8,Hurto a personas,172
Valle del Cauca,Buenaventura,2023,8,Hurto a comercio,51
Valle del Cauca,Buenaventura,2023,8,Hurto de vehículos,27
Valle del Cauca,Buenaventura,2023,8,Lesiones personales,115
Valle del Cauca,Buenaventura,2023,8,Homicidio,10
Valle del Cauca,Buenaventura,2023,8,Violencia intrafamiliar,73
Valle del Cauca,Buenaventura,2023,8,Hurto a residencias,31
Valle del Cauca,Buenaventura,2023,8,Extorsión,4
Valle del Cauca,Buenaventura,2023,9,Hurto a personas,172
Valle del Cauca,Buenaventura,2023,9,Hurto a comercio,46
Valle del Cauca,Buenaventura,2023,9,Hurto de vehículos,39
Valle del Cauca,Buenaventura,2023,9,Lesiones personales,86
Valle del Cauca,Buenaventura,2023,9,Homicidio,9
Valle del Cauca,Buenaventura,2023,9,Violencia intrafamiliar,72
Valle del Cauca,Buenaventura,2023,9,Hurto a residencias,31
Valle del Cauca,Buenaventura,2023,9,Extorsión,6
Valle del Cauca,Buenaventura,2023,10,Hurto a personas,126
Valle del Cauca,Buenaventura,2023,10,Hurto a comercio,45
Valle del Cauca,Buenaventura,2023,10,Hurto de vehículos,37
Valle del Cauca,Buenaventura,2023,10,Lesiones personales,91
Valle del Cauca,Buenaventura,2023,10,Homicidio,7
Valle del Cauca,Buenaventura,2023,10,Violencia intrafamiliar,61
Valle del Cauca,Buenaventura,2023,10,Hurto a residencias,32
Valle del Cauca,Buenaventura,2023,10,Extorsión,6
Valle del Cauca,Buenaventura,2023,11,Hurto a personas,209
Valle del Cauca,Buenaventura,2023,11,Hurto a comercio,45
Valle del Cauca,Buenaventura,2023,11,Hurto de vehículos,37
Valle del Cauca,Buenaventura,2023,11,Lesiones personales,124
Valle del Cauca,Buenaventura,2023,11,Homicidio,8
Valle del Cauca,Buenaventura,2023,11,Violencia intrafamiliar,75
Valle del Cauca,Buenaventura,2023,11,Hurto a residencias,37
Valle del Cauca,Buenaventura,2023,11,Extorsión,5
Valle del Cauca,Buenaventura,2023,12,Hurto a personas,224
Valle del Cauca,Buenaventura,2023,12,Hurto a comercio,44
Valle del Cauca,Buenaventura,2023,12,Hurto de vehículos,44
Valle del Cauca,Buenaventura,2023,12,Lesiones personales,112
Valle del Cauca,Buenaventura,2023,12,Homicidio,9
Valle del Cauca,Buenaventura,2023,12,Violencia intrafamiliar,64
Valle del Cauca,Buenaventura,2023,12,Hurto a residencias,45
Valle del Cauca,Buenaventura,2023,12,Extorsión,6
Valle del Cauca,Buenaventura,2024,1,Hurto a personas,145
Valle del Cauca,Buenaventura,2024,1,Hurto a comercio,50
Valle del Cauca,Buenaventura,2024,1,Hurto de vehículos,34
Valle del Cauca,Buenaventura,2024,1,Lesiones personales,107
Valle del Cauca,Buenaventura,2024,1,Homicidio,11
Valle del Cauca,Buenaventura,2024,1,Violencia intrafamiliar,65
Valle del Cauca,Buenaventura,2024,1,Hurto a residencias,38
Valle del Cauca,Buenaventura,2024,1,Extorsión,6
Valle del Cauca,Buenaventura,2024,2,Hurto a personas,143
Valle del Cauca,Buenaventura,2024,2,Hurto a comercio,49
Valle del Cauca,Buenaventura,2024,2,Hurto de vehículos,30
Valle del Cauca,Buenaventura,2024,2,Lesiones personales,89
Valle del Cauca,Buenaventura,2024,2,Homicidio,8
Valle del Cauca,Buenaventura,2024,2,Violencia intrafamiliar,74
Valle del Cauca,Buenaventura,2024,2,Hurto a residencias,41
Valle del Cauca,Buenaventura,2024,2,Extorsión,4
Valle del Cauca,Buenaventura,2024,3,Hurto a personas,145
Valle del Cauca,Buenaventura,2024,3,Hurto a comercio,49
Valle del Cauca,Buenaventura,2024,3,Hurto de vehículos,35
Valle del Cauca,Buenaventura,2024,3,Lesiones personales,101
Valle del Cauca,Buenaventura,2024,3,Homicidio,7
Valle del Cauca,Buenaventura,2024,3,Violencia intrafamiliar,66
Valle del Cauca,Buenaventura,2024,3,Hurto a residencias,36
Valle del Cauca,Buenaventura,2024,3,Extorsión,4
Valle del Cauca,Buenaventura,2024,4,Hurto a personas,181
Valle del Cauca,Buenaventura,2024,4,Hurto a comercio,54
Valle del Cauca,Buenaventura,2024,4,Hurto de vehículos,32
Valle del Cauca,Buenaventura,2024,4,Lesiones personales,111
Valle del Cauca,Buenaventura,2024,4,Homicidio,10
Valle del Cauca,Buenaventura,2024,4,Violencia intrafamiliar,74
Valle del Cauca,Buenaventura,2024,4,Hurto a residencias,36
Valle del Cauca,Buenaventura,2024,4,Extorsión,6
Valle del Cauca,Buenaventura,2024,5,Hurto a personas,149
Valle del Cauca,Buenaventura,2024,5,Hurto a comercio,41
Valle del Cauca,Buenaventura,2024,5,Hurto de vehículos,29
Valle del Cauca,Buenaventura,2024,5,Lesiones personales,96
Valle del Cauca,Buenaventura,2024,5,Homicidio,8
Valle del Cauca,Buenaventura,2024,5,Violencia intrafamiliar,74
Valle del Cauca,Buenaventura,2024,5,Hurto a residencias,30
Valle del Cauca,Buenaventura,2024,5,Extorsión,5
Valle del Cauca,Buenaventura,2024,6,Hurto a personas,157
Valle del Cauca,Buenaventura,2024,6,Hurto a comercio,52
Valle del Cauca,Buenaventura,2024,6,Hurto de vehículos,33
Valle del Cauca,Buenaventura,2024,6,Lesiones personales,116
Valle del Cauca,Buenaventura,2024,6,Homicidio,9
Valle del Cauca,Buenaventura,2024,6,Violencia intrafamiliar,74
Valle del Cauca,Buenaventura,2024,6,Hurto a residencias,33
Valle del Cauca,Buenaventura,2024,6,Extorsión,6
Valle del Cauca,Buenaventura,2024,7,Hurto a personas,153
Valle del Cauca,Buenaventura,2024,7,Hurto a comercio,46
Valle del Cauca,Buenaventura,2024,7,Hurto de vehículos,32
Valle del Cauca,Buenaventura,2024,7,Lesiones personales,82
Valle del Cauca,Buenaventura,2024,7,Homicidio,8
Valle del Cauca,Buenaventura,2024,7,Violencia intrafamiliar,68
Valle del Cauca,Buenaventura,2024,7,Hurto a residencias,41
Valle del Cauca,Buenaventura,2024,7,Extorsión,4
Valle del Cauca,Buenaventura,2024,8,Hurto a personas,206
Valle del Cauca,Buenaventura,2024,8,Hurto a comercio,38
Valle del Cauca,Buenaventura,2024,8,Hurto de vehículos,29
Valle del Cauca,Buenaventura,2024,8,Lesiones personales,115
Valle del Cauca,Buenaventura,2024,8,Homicidio,8
Valle del Cauca,Buenaventura,2024,8,Violencia intrafamiliar,66
Valle del Cauca,Buenaventura,2024,8,Hurto a residencias,33
Valle del Cauca,Buenaventura,2024,8,Extorsión,4
Valle del Cauca,Buenaventura,2024,9,Hurto a personas,153
Valle del Cauca,Buenaventura,2024,9,Hurto a comercio,44
Valle del Cauca,Buenaventura,2024,9,Hurto de vehículos,33
Valle del Cauca,Buenaventura,2024,9,Lesiones personales,101
Valle del Cauca,Buenaventura,2024,9,Homicidio,9
Valle del Cauca,Buenaventura,2024,9,Violencia intrafamiliar,66
Valle del Cauca,Buenaventura,2024,9,Hurto a residencias,37
Valle del Cauca,Buenaventura,2024,9,Extorsión,6
Valle del Cauca,Buenaventura,2024,10,Hurto a personas,185
Valle del Cauca,Buenaventura,2024,10,Hurto a comercio,47
Valle del Cauca,Buenaventura,2024,10,Hurto de vehículos,37
Valle del Cauca,Buenaventura,2024,10,Lesiones personales,99
Valle del Cauca,Buenaventura,2024,10,Homicidio,7
Valle del Cauca,Buenaventura,2024,10,Violencia intrafamiliar,75
Valle del Cauca,Buenaventura,2024,10,Hurto a residencias,35
Valle del Cauca,Buenaventura,2024,10,Extorsión,4
Valle del Cauca,Buenaventura,2024,11,Hurto a personas,176
Valle del Cauca,Buenaventura,2024,11,Hurto a comercio,40
Valle del Cauca,Buenaventura,2024,11,Hurto de vehículos,32
Valle del Cauca,Buenaventura,2024,11,Lesiones personales,89
Valle del Cauca,Buenaventura,2024,11,Homicidio,8
Valle del Cauca,Buenaventura,2024,11,Violencia intrafamiliar,77
Valle del Cauca,Buenaventura,2024,11,Hurto a residencias,39
Valle del Cauca,Buenaventura,2024,11,Extorsión,6
Valle del Cauca,Buenaventura,2024,12,Hurto a personas,202
Valle del Cauca,Buenaventura,2024,12,Hurto a comercio,49
Valle del Cauca,Buenaventura,2024,12,Hurto de vehículos,36
Valle del Cauca,Buenaventura,2024,12,Lesiones personales,107
Valle del Cauca,Buenaventura,2024,12,Homicidio,10
Valle del Cauca,Buenaventura,2024,12,Violencia intrafamiliar,74
Valle del Cauca,Buenaventura,2024,12,Hurto a residencias,37
Valle del Cauca,Buenaventura,2024,12,Extorsión,5
Valle del Cauca,Palmira,2020,1,Hurto a personas,152
Valle del Cauca,Palmira,2020,1,Hurto a comercio,45
Valle del Cauca,Palmira,2020,1,Hurto de vehículos,22
Valle del Cauca,Palmira,2020,1,Lesiones personales,79
Valle del Cauca,Palmira,2020,1,Homicidio,8
Valle del Cauca,Palmira,2020,1,Violencia intrafamiliar,59
Valle del Cauca,Palmira,2020,1,Hurto a residencias,33
Valle del Cauca,Palmira,2020,1,Extorsión,5
Valle del Cauca,Palmira,2020,2,Hurto a personas,119
Valle del Cauca,Palmira,2020,2,Hurto a comercio,39
Valle del Cauca,Palmira,2020,2,Hurto de vehículos,24
Valle del Cauca,Palmira,2020,2,Lesiones personales,70
Valle del Cauca,Palmira,2020,2,Homicidio,6
Valle del Cauca,Palmira,2020,2,Violencia intrafamiliar,57
Valle del Cauca,Palmira,2020,2,Hurto a residencias,26
Valle del Cauca,Palmira,2020,2,Extorsión,4
Valle del Cauca,Palmira,2020,3,Hurto a personas,116
Valle del Cauca,Palmira,2020,3,Hurto a comercio,29
Valle del Cauca,Palmira,2020,3,Hurto de vehículos,22
Valle del Cauca,Palmira,2020,3,Lesiones personales,102
Valle del Cauca,Palmira,2020,3,Homicidio,6
Valle del Cauca,Palmira,2020,3,Violencia intrafamiliar,60
Valle del Cauca,Palmira,2020,3,Hurto a residencias,37
Valle del Cauca,Palmira,2020,3,Extorsión,5
Valle del Cauca,Palmira,2020,4,Hurto a personas,130
Valle del Cauca,Palmira,2020,4,Hurto a comercio,34
Valle del Cauca,Palmira,2020,4,Hurto de vehículos,25
Valle del Cauca,Palmira,2020,4,Lesiones personales,74
Valle del Cauca,Palmira,2020,4,Homicidio,7
Valle del Cauca,Palmira,2020,4,Violencia intrafamiliar,47
Valle del Cauca,Palmira,2020,4,Hurto a residencias,26
Valle del Cauca,Palmira,2020,4,Extorsión,3
Valle del Cauca,Palmira,2020,5,Hurto a personas,133
Valle del Cauca,Palmira,2020,5,Hurto a comercio,44
Valle del Cauca,Palmira,2020,5,Hurto de vehículos,30
Valle del Cauca,Palmira,2020,5,Lesiones personales,72
Valle del Cauca,Palmira,2020,5,Homicidio,7
Valle del Cauca,Palmira,2020,5,Violencia intrafamiliar,50
Valle del Cauca,Palmira,2020,5,Hurto a residencias,29
Valle del Cauca,Palmira,2020,5,Extorsión,5
Valle del Cauca,Palmira,2020,6,Hurto a personas,145
Valle del Cauca,Palmira,2020,6,Hurto a comercio,34
Valle del Cauca,Palmira,2020,6,Hurto de vehículos,29
Valle del Cauca,Palmira,2020,6,Lesiones personales,84
Valle del Cauca,Palmira,2020,6,Homicidio,7
Valle del Cauca,Palmira,2020,6,Violencia intrafamiliar,52
Valle del Cauca,Palmira,2020,6,Hurto a residencias,36
Valle del Cauca,Palmira,2020,6,Extorsión,5
Valle del Cauca,Palmira,2020,7,Hurto a personas,120
Valle del Cauca,Palmira,2020,7,Hurto a comercio,42
Valle del Cauca,Palmira,2020,7,Hurto de vehículos,29
Valle del Cauca,Palmira,2020,7,Lesiones personales,82
Valle del Cauca,Palmira,2020,7,Homicidio,6
Valle del Cauca,Palmira,2020,7,Violencia intrafamiliar,54
Valle del Cauca,Palmira,2020,7,Hurto a residencias,23
Valle del Cauca,Palmira,2020,7,Extorsión,3
Valle del Cauca,Palmira,2020,8,Hurto a personas,128
Valle del Cauca,Palmira,2020,8,Hurto a comercio,38
Valle del Cauca,Palmira,2020,8,Hurto de vehículos,22
Valle del Cauca,Palmira,2020,8,Lesiones personales,73
Valle del Cauca,Palmira,2020,8,Homicidio,8
Valle del Cauca,Palmira,2020,8,Violencia intrafamiliar,59
Valle del Cauca,Palmira,2020,8,Hurto a residencias,23
Valle del Cauca,Palmira,2020,8,Extorsión,4
Valle del Cauca,Palmira,2020,9,Hurto a personas,128
Valle del Cauca,Palmira,2020,9,Hurto a comercio,37
Valle del Cauca,Palmira,2020,9,Hurto de vehículos,22
Valle del Cauca,Palmira,2020,9,Lesiones personales,91
Valle del Cauca,Palmira,2020,9,Homicidio,6
Valle del Cauca,Palmira,2020,9,Violencia intrafamiliar,64
Valle del Cauca,Palmira,2020,9,Hurto a residencias,34
Valle del Cauca,Palmira,2020,9,Extorsión,3
Valle del Cauca,Palmira,2020,10,Hurto a personas,138
Valle del Cauca,Palmira,2020,10,Hurto a comercio,41
Valle del Cauca,Palmira,2020,10,Hurto de vehículos,29
Valle del Cauca,Palmira,2020,10,Lesiones personales,84
Valle del Cauca,Palmira,2020,10,Homicidio,5
Valle del Cauca,Palmira,2020,10,Violencia intrafamiliar,62
Valle del Cauca,Palmira,2020,10,Hurto a residencias,32
Valle del Cauca,Palmira,2020,10,Extorsión,4
Valle del Cauca,Palmira,2020,11,Hurto a personas,156
Valle del Cauca,Palmira,2020,11,Hurto a comercio,35
Valle del Cauca,Palmira,2020,11,Hurto de vehículos,29
Valle del Cauca,Palmira,2020,11,Lesiones personales,95
Valle del Cauca,Palmira,2020,11,Homicidio,6
Valle del Cauca,Palmira,2020,11,Violencia intrafamiliar,65
Valle del Cauca,Palmira,2020,11,Hurto a residencias,24
Valle del Cauca,Palmira,2020,11,Extorsión,3
Valle del Cauca,Palmira,2020,12,Hurto a personas,154
Valle del Cauca,Palmira,2020,12,Hurto a comercio,39
Valle del Cauca,Palmira,2020,12,Hurto de vehículos,34
Valle del Cauca,Palmira,2020,12,Lesiones personales,80
Valle del Cauca,Palmira,2020,12,Homicidio,9
Valle del Cauca,Palmira,2020,12,Violencia intrafamiliar,73
Valle del Cauca,Palmira,2020,12,Hurto a residencias,35
Valle del Cauca,Palmira,2020,12,Extorsión,4
Valle del Cauca,Palmira,2021,1,Hurto a personas,116
Valle del Cauca,Palmira,2021,1,Hurto a comercio,32
Valle del Cauca,Palmira,2021,1,Hurto de vehículos,29
Valle del Cauca,Palmira,2021,1,Lesiones personales,81
Valle del Cauca,Palmira,2021,1,Homicidio,8
Valle del Cauca,Palmira,2021,1,Violencia intrafamiliar,65
Valle del Cauca,Palmira,2021,1,Hurto a residencias,25
Valle del Cauca,Palmira,2021,1,Extorsión,4
Valle del Cauca,Palmira,2021,2,Hurto a personas,126
Valle del Cauca,Palmira,2021,2,Hurto a comercio,29
Valle del Cauca,Palmira,2021,2,Hurto de vehículos,23
Valle del Cauca,Palmira,2021,2,Lesiones personales,82
Valle del Cauca,Palmira,2021,2,Homicidio,7
Valle del Cauca,Palmira,2021,2,Violencia intrafamiliar,46
Valle del Cauca,Palmira,2021,2,Hurto a residencias,23
Valle del Cauca,Palmira,2021,2,Extorsión,5
Valle del Cauca,Palmira,2021,3,Hurto a personas,159
Valle del Cauca,Palmira,2021,3,Hurto a comercio,31
Valle del Cauca,Palmira,2021,3,Hurto de vehículos,28
Valle del Cauca,Palmira,2021,3,Lesiones personales,94
Valle del Cauca,Palmira,2021,3,Homicidio,8
Valle del Cauca,Palmira,2021,3,Violencia intrafamiliar,47
Valle del Cauca,Palmira,2021,3,Hurto a residencias,22
Valle del Cauca,Palmira,2021,3,Extorsión,3
Valle del Cauca,Palmira,2021,4,Hurto a personas,107
Valle del Cauca,Palmira,2021,4,Hurto a comercio,34
Valle del Cauca,Palmira,2021,4,Hurto de vehículos,20
Valle del Cauca,Palmira,2021,4,Lesiones personales,89
Valle del Cauca,Palmira,2021,4,Homicidio,8
Valle del Cauca,Palmira,2021,4,Violencia intrafamiliar,46
Valle del Cauca,Palmira,2021,4,Hurto a residencias,24
Valle del Cauca,Palmira,2021,4,Extorsión,4
Valle del Cauca,Palmira,2021,5,Hurto a personas,144
Valle del Cauca,Palmira,2021,5,Hurto a comercio,36
Valle del Cauca,Palmira,2021,5,Hurto de vehículos,23
Valle del Cauca,Palmira,2021,5,Lesiones personales,72
Valle del Cauca,Palmira,2021,5,Homicidio,7
Valle del Cauca,Palmira,2021,5,Violencia intrafamiliar,47
Valle del Cauca,Palmira,2021,5,Hurto a residencias,30
Valle del Cauca,Palmira,2021,5,Extorsión,3
Valle del Cauca,Palmira,2021,6,Hurto a personas,138
Valle del Cauca,Palmira,2021,6,Hurto a comercio,44
Valle del Cauca,Palmira,2021,6,Hurto de vehículos,24
Valle del Cauca,Palmira,2021,6,Lesiones personales,94
Valle del Cauca,Palmira,2021,6,Homicidio,8
Valle del Cauca,Palmira,2021,6,Violencia intrafamiliar,67
Valle del Cauca,Palmira,2021,6,Hurto a residencias,30
Valle del Cauca,Palmira,2021,6,Extorsión,5
Valle del Cauca,Palmira,2021,7,Hurto a personas,120
Valle del Cauca,Palmira,2021,7,Hurto a comercio,43
Valle del Cauca,Palmira,2021,7,Hurto de vehículos,32
Valle del Cauca,Palmira,2021,7,Lesiones personales,94
Valle del Cauca,Palmira,2021,7,Homicidio,8
Valle del Cauca,Palmira,2021,7,Violencia intrafamiliar,60
Valle del Cauca,Palmira,2021,7,Hurto a residencias,26
Valle del Cauca,Palmira,2021,7,Extorsión,4
Valle del Cauca,Palmira,2021,8,Hurto a personas,109
Valle del Cauca,Palmira,2021,8,Hurto a comercio,41
Valle del Cauca,Palmira,2021,8,Hurto de vehículos,18
Valle del Cauca,Palmira,2021,8,Lesiones personales,95
Valle del Cauca,Palmira,2021,8,Homicidio,7
Valle del Cauca,Palmira,2021,8,Violencia intrafamiliar,57
Valle del Cauca,Palmira,2021,8,Hurto a residencias,25
Valle del Cauca,Palmira,2021,8,Extorsión,3
Valle del Cauca,Palmira,2021,9,Hurto a personas,122
Valle del Cauca,Palmira,2021,9,Hurto a comercio,36
Valle del Cauca,Palmira,2021,9,Hurto de vehículos,20
Valle del Cauca,Palmira,2021,9,Lesiones personales,84
Valle del Cauca,Palmira,2021,9,Homicidio,7
Valle del Cauca,Palmira,2021,9,Violencia intrafamiliar,46
Valle del Cauca,Palmira,2021,9,Hurto a residencias,22
Valle del Cauca,Palmira,2021,9,Extorsión,4
Valle del Cauca,Palmira,2021,10,Hurto a personas,131
Valle del Cauca,Palmira,2021,10,Hurto a comercio,40
Valle del Cauca,Palmira,2021,10,Hurto de vehículos,27
Valle del Cauca,Palmira,2021,10,Lesiones personales,68
Valle del Cauca,Palmira,2021,10,Homicidio,7
Valle del Cauca,Palmira,2021,10,Violencia intrafamiliar,62
Valle del Cauca,Palmira,2021,10,Hurto a residencias,30
Valle del Cauca,Palmira,2021,10,Extorsión,4
Valle del Cauca,Palmira,2021,11,Hurto a personas,125
Valle del Cauca,Palmira,2021,11,Hurto a comercio,32
Valle del Cauca,Palmira,2021,11,Hurto de vehículos,24
Valle del Cauca,Palmira,2021,11,Lesiones personales,70
Valle del Cauca,Palmira,2021,11,Homicidio,7
Valle del Cauca,Palmira,2021,11,Violencia intrafamiliar,46
Valle del Cauca,Palmira,2021,11,Hurto a residencias,33
Valle del Cauca,Palmira,2021,11,Extorsión,3
Valle del Cauca,Palmira,2021,12,Hurto a personas,161
Valle del Cauca,Palmira,2021,12,Hurto a comercio,44
Valle del Cauca,Palmira,2021,12,Hurto de vehículos,32
Valle del Cauca,Palmira,2021,12,Lesiones personales,114
Valle del Cauca,Palmira,2021,12,Homicidio,6
Valle del Cauca,Palmira,2021,12,Violencia intrafamiliar,72
Valle del Cauca,Palmira,2021,12,Hurto a residencias,30
Valle del Cauca,Palmira,2021,12,Extorsión,5
Valle del Cauca,Palmira,2022,1,Hurto a personas,136
Valle del Cauca,Palmira,2022,1,Hurto a comercio,41
Valle del Cauca,Palmira,2022,1,Hurto de vehículos,22
Valle del Cauca,Palmira,2022,1,Lesiones personales,89
Valle del Cauca,Palmira,2022,1,Homicidio,6
Valle del Cauca,Palmira,2022,1,Violencia intrafamiliar,59
Valle del Cauca,Palmira,2022,1,Hurto a residencias,34
Valle del Cauca,Palmira,2022,1,Extorsión,3
Valle del Cauca,Palmira,2022,2,Hurto a personas,113
Valle del Cauca,Palmira,2022,2,Hurto a comercio,34
Valle del Cauca,Palmira,2022,2,Hurto de vehículos,26
Valle del Cauca,Palmira,2022,2,Lesiones personales,92
Valle del Cauca,Palmira,2022,2,Homicidio,8
Valle del Cauca,Palmira,2022,2,Violencia intrafamiliar,41
Valle del Cauca,Palmira,2022,2,Hurto a residencias,23
Valle del Cauca,Palmira,2022,2,Extorsión,4
Valle del Cauca,Palmira,2022,3,Hurto a personas,137
Valle del Cauca,Palmira,2022,3,Hurto a comercio,28
Valle del Cauca,Palmira,2022,3,Hurto de vehículos,25
Valle del Cauca,Palmira,2022,3,Lesiones personales,72
Valle del Cauca,Palmira,2022,3,Homicidio,7
Valle del Cauca,Palmira,2022,3,Violencia intrafamiliar,45
Valle del Cauca,Palmira,2022,3,Hurto a residencias,27
Valle del Cauca,Palmira,2022,3,Extorsión,3
Valle del Cauca,Palmira,2022,4,Hurto a personas,109
Valle del Cauca,Palmira,2022,4,Hurto a comercio,31
Valle del Cauca,Palmira,2022,4,Hurto de vehículos,28
Valle del Cauca,Palmira,2022,4,Lesiones personales,76
Valle del Cauca,Palmira,2022,4,Homicidio,5
Valle del Cauca,Palmira,2022,4,Violencia intrafamiliar,58
Valle del Cauca,Palmira,2022,4,Hurto a residencias,22
Valle del Cauca,Palmira,2022,4,Extorsión,4
Valle del Cauca,Palmira,2022,5,Hurto a personas,104
Valle del Cauca,Palmira,2022,5,Hurto a comercio,40
Valle del Cauca,Palmira,2022,5,Hurto de vehículos,22
Valle del Cauca,Palmira,2022,5,Lesiones personales,73
Valle del Cauca,Palmira,2022,5,Homicidio,6
Valle del Cauca,Palmira,2022,5,Violencia intrafamiliar,40
Valle del Cauca,Palmira,2022,5,Hurto a residencias,32
Valle del Cauca,Palmira,2022,5,Extorsión,3
Valle del Cauca,Palmira,2022,6,Hurto a personas,166
Valle del Cauca,Palmira,2022,6,Hurto a comercio,41
Valle del Cauca,Palmira,2022,6,Hurto de vehículos,31
Valle del Cauca,Palmira,2022,6,Lesiones personales,70
Valle del Cauca,Palmira,2022,6,Homicidio,7
Valle del Cauca,Palmira,2022,6,Violencia intrafamiliar,62
Valle del Cauca,Palmira,2022,6,Hurto a residencias,33
Valle del Cauca,Palmira,2022,6,Extorsión,5
Valle del Cauca,Palmira,2022,7,Hurto a personas,168
Valle del Cauca,Palmira,2022,7,Hurto a comercio,31
Valle del Cauca,Palmira,2022,7,Hurto de vehículos,26
Valle del Cauca,Palmira,2022,7,Lesiones personales,65
Valle del Cauca,Palmira,2022,7,Homicidio,6
Valle del Cauca,Palmira,2022,7,Violencia intrafamiliar,45
Valle del Cauca,Palmira,2022,7,Hurto a residencias,22
Valle del Cauca,Palmira,2022,7,Extorsión,4
Valle del Cauca,Palmira,2022,8,Hurto a personas,138
Valle del Cauca,Palmira,2022,8,Hurto a comercio,38
Valle del Cauca,Palmira,2022,8,Hurto de vehículos,30
Valle del Cauca,Palmira,2022,8,Lesiones personales,70
Valle del Cauca,Palmira,2022,8,Homicidio,6
Valle del Cauca,Palmira,2022,8,Violencia intrafamiliar,49
Valle del Cauca,Palmira,2022,8,Hurto a residencias,22
Valle del Cauca,Palmira,2022,8,Extorsión,4
Valle del Cauca,Palmira,2022,9,Hurto a personas,126
Valle del Cauca,Palmira,2022,9,Hurto a comercio,38
Valle del Cauca,Palmira,2022,9,Hurto de vehículos,20
Valle del Cauca,Palmira,2022,9,Lesiones personales,91
Valle del Cauca,Palmira,2022,9,Homicidio,7
Valle del Cauca,Palmira,2022,9,Violencia intrafamiliar,49
Valle del Cauca,Palmira,2022,9,Hurto a residencias,31
Valle del Cauca,Palmira,2022,9,Extorsión,3
Valle del Cauca,Palmira,2022,10,Hurto a personas,109
Valle del Cauca,Palmira,2022,10,Hurto a comercio,38
Valle del Cauca,Palmira,2022,10,Hurto de vehículos,24
Valle del Cauca,Palmira,2022,10,Lesiones personales,82
Valle del Cauca,Palmira,2022,10,Homicidio,7
Valle del Cauca,Palmira,2022,10,Violencia intrafamiliar,55
Valle del Cauca,Palmira,2022,10,Hurto a residencias,24
Valle del Cauca,Palmira,2022,10,Extorsión,4
Valle del Cauca,Palmira,2022,11,Hurto a personas,142
Valle del Cauca,Palmira,2022,11,Hurto a comercio,39
Valle del Cauca,Palmira,2022,11,Hurto de vehículos,21
Valle del Cauca,Palmira,2022,11,Lesiones personales,82
Valle del Cauca,Palmira,2022,11,Homicidio,8
Valle del Cauca,Palmira,2022,11,Violencia intrafamiliar,55
Valle del Cauca,Palmira,2022,11,Hurto a residencias,35
Valle del Cauca,Palmira,2022,11,Extorsión,3
Valle del Cauca,Palmira,2022,12,Hurto a personas,142
Valle del Cauca,Palmira,2022,12,Hurto a comercio,34
Valle del Cauca,Palmira,2022,12,Hurto de vehículos,25
Valle del Cauca,Palmira,2022,12,Lesiones personales,86
Valle del Cauca,Palmira,2022,12,Homicidio,8
Valle del Cauca,Palmira,2022,12,Violencia intrafamiliar,60
Valle del Cauca,Palmira,2022,12,Hurto a residencias,35
Valle del Cauca,Palmira,2022,12,Extorsión,5
Valle del Cauca,Palmira,2023,1,Hurto a personas,144
Valle del Cauca,Palmira,2023,1,Hurto a comercio,34
Valle del Cauca,Palmira,2023,1,Hurto de vehículos,23
Valle del Cauca,Palmira,2023,1,Lesiones personales,87
Valle del Cauca,Palmira,2023,1,Homicidio,6
Valle del Cauca,Palmira,2023,1,Violencia intrafamiliar,59
Valle del Cauca,Palmira,2023,1,Hurto a residencias,29
Valle del Cauca,Palmira,2023,1,Extorsión,4
Valle del Cauca,Palmira,2023,2,Hurto a personas,152
Valle del Cauca,Palmira,2023,2,Hurto a comercio,30
Valle del Cauca,Palmira,2023,2,Hurto de vehículos,18
Valle del Cauca,Palmira,2023,2,Lesiones personales,66
Valle del Cauca,Palmira,2023,2,Homicidio,7
Valle del Cauca,Palmira,2023,2,Violencia intrafamiliar,39
Valle del Cauca,Palmira,2023,2,Hurto a residencias,20
Valle del Cauca,Palmira,2023,2,Extorsión,4
Valle del Cauca,Palmira,2023,3,Hurto a personas,115
Valle del Cauca,Palmira,2023,3,Hurto a comercio,40
Valle del Cauca,Palmira,2023,3,Hurto de vehículos,27
Valle del Cauca,Palmira,2023,3,Lesiones personales,92
Valle del Cauca,Palmira,2023,3,Homicidio,7
Valle del Cauca,Palmira,2023,3,Violencia intrafamiliar,49
Valle del Cauca,Palmira,2023,3,Hurto a residencias,29
Valle del Cauca,Palmira,2023,3,Extorsión,3
Valle del Cauca,Palmira,2023,4,Hurto a personas,129
Valle del Cauca,Palmira,2023,4,Hurto a comercio,26
Valle del Cauca,Palmira,2023,4,Hurto de vehículos,26
Valle del Cauca,Palmira,2023,4,Lesiones personales,74
Valle del Cauca,Palmira,2023,4,Homicidio,6
Valle del Cauca,Palmira,2023,4,Violencia intrafamiliar,51
Valle del Cauca,Palmira,2023,4,Hurto a residencias,28
Valle del Cauca,Palmira,2023,4,Extorsión,3
Valle del Cauca,Palmira,2023,5,Hurto a personas,127
Valle del Cauca,Palmira,2023,5,Hurto a comercio,32
Valle del Cauca,Palmira,2023,5,Hurto de vehículos,20
Valle del Cauca,Palmira,2023,5,Lesiones personales,68
Valle del Cauca,Palmira,2023,5,Homicidio,7
Valle del Cauca,Palmira,2023,5,Violencia intrafamiliar,48
Valle del Cauca,Palmira,2023,5,Hurto a residencias,19
Valle del Cauca,Palmira,2023,5,Extorsión,4
Valle del Cauca,Palmira,2023,6,Hurto a personas,129
Valle del Cauca,Palmira,2023,6,Hurto a comercio,36
Valle del Cauca,Palmira,2023,6,Hurto de vehículos,30
Valle del Cauca,Palmira,2023,6,Lesiones personales,90
Valle del Cauca,Palmira,2023,6,Homicidio,8
Valle del Cauca,Palmira,2023,6,Violencia intrafamiliar,60
Valle del Cauca,Palmira,2023,6,Hurto a residencias,32
Valle del Cauca,Palmira,2023,6,Extorsión,4
Valle del Cauca,Palmira,2023,7,Hurto a personas,121
Valle del Cauca,Palmira,2023,7,Hurto a comercio,33
Valle del Cauca,Palmira,2023,7,Hurto de vehículos,27
Valle del Cauca,Palmira,2023,7,Lesiones personales,82
Valle del Cauca,Palmira,2023,7,Homicidio,6
Valle del Cauca,Palmira,2023,7,Violencia intrafamiliar,43
Valle del Cauca,Palmira,2023,7,Hurto a residencias,21
Valle del Cauca,Palmira,2023,7,Extorsión,4
Valle del Cauca,Palmira,2023,8,Hurto a personas,129
Valle del Cauca,Palmira,2023,8,Hurto a comercio,31
Valle del Cauca,Palmira,2023,8,Hurto de vehículos,29
Valle del Cauca,Palmira,2023,8,Lesiones personales,78
Valle del Cauca,Palmira,2023,8,Homicidio,7
Valle del Cauca,Palmira,2023,8,Violencia intrafamiliar,61
Valle del Cauca,Palmira,2023,8,Hurto a residencias,23
Valle del Cauca,Palmira,2023,8,Extorsión,3
Valle del Cauca,Palmira,2023,9,Hurto a personas,132
Valle del Cauca,Palmira,2023,9,Hurto a comercio,29
Valle del Cauca,Palmira,2023,9,Hurto de vehículos,18
Valle del Cauca,Palmira,2023,9,Lesiones personales,81
Valle del Cauca,Palmira,2023,9,Homicidio,5
Valle del Cauca,Palmira,2023,9,Violencia intrafamiliar,48
Valle del Cauca,Palmira,2023,9,Hurto a residencias,27
Valle del Cauca,Palmira,2023,9,Extorsión,5
Valle del Cauca,Palmira,2023,10,Hurto a personas,110
Valle del Cauca,Palmira,2023,10,Hurto a comercio,28
Valle del Cauca,Palmira,2023,10,Hurto de vehículos,25
Valle del Cauca,Palmira,2023,10,Lesiones personales,65
Valle del Cauca,Palmira,2023,10,Homicidio,7
Valle del Cauca,Palmira,2023,10,Violencia intrafamiliar,47
Valle del Cauca,Palmira,2023,10,Hurto a residencias,24
Valle del Cauca,Palmira,2023,10,Extorsión,3
Valle del Cauca,Palmira,2023,11,Hurto a personas,131
Valle del Cauca,Palmira,2023,11,Hurto a comercio,26
Valle del Cauca,Palmira,2023,11,Hurto de vehículos,21
Valle del Cauca,Palmira,2023,11,Lesiones personales,78
Valle del Cauca,Palmira,2023,11,Homicidio,6
Valle del Cauca,Palmira,2023,11,Violencia intrafamiliar,39
Valle del Cauca,Palmira,2023,11,Hurto a residencias,29
Valle del Cauca,Palmira,2023,11,Extorsión,4
Valle del Cauca,Palmira,2023,12,Hurto a personas,118
Valle del Cauca,Palmira,2023,12,Hurto a comercio,33
Valle del Cauca,Palmira,2023,12,Hurto de vehículos,30
Valle del Cauca,Palmira,2023,12,Lesiones personales,95
Valle del Cauca,Palmira,2023,12,Homicidio,6
Valle del Cauca,Palmira,2023,12,Violencia intrafamiliar,56
Valle del Cauca,Palmira,2023,12,Hurto a residencias,26
Valle del Cauca,Palmira,2023,12,Extorsión,3
Valle del Cauca,Palmira,2024,1,Hurto a personas,106
Valle del Cauca,Palmira,2024,1,Hurto a comercio,35
Valle del Cauca,Palmira,2024,1,Hurto de vehículos,27
Valle del Cauca,Palmira,2024,1,Lesiones personales,73
Valle del Cauca,Palmira,2024,1,Homicidio,7
Valle del Cauca,Palmira,2024,1,Violencia intrafamiliar,57
Valle del Cauca,Palmira,2024,1,Hurto a residencias,24
Valle del Cauca,Palmira,2024,1,Extorsión,4
Valle del Cauca,Palmira,2024,2,Hurto a personas,105
Valle del Cauca,Palmira,2024,2,Hurto a comercio,35
Valle del Cauca,Palmira,2024,2,Hurto de vehículos,21
Valle del Cauca,Palmira,2024,2,Lesiones personales,77
Valle del Cauca,Palmira,2024,2,Homicidio,5
Valle del Cauca,Palmira,2024,2,Violencia intrafamiliar,52
Valle del Cauca,Palmira,2024,2,Hurto a residencias,21
Valle del Cauca,Palmira,2024,2,Extorsión,4
Valle del Cauca,Palmira,2024,3,Hurto a personas,123
Valle del Cauca,Palmira,2024,3,Hurto a comercio,33
Valle del Cauca,Palmira,2024,3,Hurto de vehículos,22
Valle del Cauca,Palmira,2024,3,Lesiones personales,77
Valle del Cauca,Palmira,2024,3,Homicidio,5
Valle del Cauca,Palmira,2024,3,Violencia intrafamiliar,40
Valle del Cauca,Palmira,2024,3,Hurto a residencias,29
Valle del Cauca,Palmira,2024,3,Extorsión,3
Valle del Cauca,Palmira,2024,4,Hurto a personas,105
Valle del Cauca,Palmira,2024,4,Hurto a comercio,31
Valle del Cauca,Palmira,2024,4,Hurto de vehículos,27
Valle del Cauca,Palmira,2024,4,Lesiones personales,70
Valle del Cauca,Palmira,2024,4,Homicidio,6
Valle del Cauca,Palmira,2024,4,Violencia intrafamiliar,42
Valle del Cauca,Palmira,2024,4,Hurto a residencias,29
Valle del Cauca,Palmira,2024,4,Extorsión,4
Valle del Cauca,Palmira,2024,5,Hurto a personas,146
Valle del Cauca,Palmira,2024,5,Hurto a comercio,29
Valle del Cauca,Palmira,2024,5,Hurto de vehículos,23
Valle del Cauca,Palmira,2024,5,Lesiones personales,88
Valle del Cauca,Palmira,2024,5,Homicidio,6
Valle del Cauca,Palmira,2024,5,Violencia intrafamiliar,39
Valle del Cauca,Palmira,2024,5,Hurto a residencias,27
Valle del Cauca,Palmira,2024,5,Extorsión,4
Valle del Cauca,Palmira,2024,6,Hurto a personas,132
Valle del Cauca,Palmira,2024,6,Hurto a comercio,29
Valle del Cauca,Palmira,2024,6,Hurto de vehículos,29
Valle del Cauca,Palmira,2024,6,Lesiones personales,75
Valle del Cauca,Palmira,2024,6,Homicidio,7
Valle del Cauca,Palmira,2024,6,Violencia intrafamiliar,52
Valle del Cauca,Palmira,2024,6,Hurto a residencias,32
Valle del Cauca,Palmira,2024,6,Extorsión,4
Valle del Cauca,Palmira,2024,7,Hurto a personas,109
Valle del Cauca,Palmira,2024,7,Hurto a comercio,31
Valle del Cauca,Palmira,2024,7,Hurto de vehículos,19
Valle del Cauca,Palmira,2024,7,Lesiones personales,85
Valle del Cauca,Palmira,2024,7,Homicidio,5
Valle del Cauca,Palmira,2024,7,Violencia intrafamiliar,46
Valle del Cauca,Palmira,2024,7,Hurto a residencias,26
Valle del Cauca,Palmira,2024,7,Extorsión,3
Valle del Cauca,Palmira,2024,8,Hurto a personas,158
Valle del Cauca,Palmira,2024,8,Hurto a comercio,28
Valle del Cauca,Palmira,2024,8,Hurto de vehículos,19
Valle del Cauca,Palmira,2024,8,Lesiones personales,68
Valle del Cauca,Palmira,2024,8,Homicidio,7
Valle del Cauca,Palmira,2024,8,Violencia intrafamiliar,54
Valle del Cauca,Palmira,2024,8,Hurto a residencias,25
Valle del Cauca,Palmira,2024,8,Extorsión,4
Valle del Cauca,Palmira,2024,9,Hurto a personas,117
Valle del Cauca,Palmira,2024,9,Hurto a comercio,29
Valle del Cauca,Palmira,2024,9,Hurto de vehículos,23
Valle del Cauca,Palmira,2024,9,Lesiones personales,67
Valle del Cauca,Palmira,2024,9,Homicidio,7
Valle del Cauca,Palmira,2024,9,Violencia intrafamiliar,49
Valle del Cauca,Palmira,2024,9,Hurto a residencias,19
Valle del Cauca,Palmira,2024,9,Extorsión,3
Valle del Cauca,Palmira,2024,10,Hurto a personas,154
Valle del Cauca,Palmira,2024,10,Hurto a comercio,40
Valle del Cauca,Palmira,2024,10,Hurto de vehículos,22
Valle del Cauca,Palmira,2024,10,Lesiones personales,66
Valle del Cauca,Palmira,2024,10,Homicidio,6
Valle del Cauca,Palmira,2024,10,Violencia intrafamiliar,45
Valle del Cauca,Palmira,2024,10,Hurto a residencias,21
Valle del Cauca,Palmira,2024,10,Extorsión,3
Valle del Cauca,Palmira,2024,11,Hurto a personas,127
Valle del Cauca,Palmira,2024,11,Hurto a comercio,36
Valle del Cauca,Palmira,2024,11,Hurto de vehículos,18
Valle del Cauca,Palmira,2024,11,Lesiones personales,93
Valle del Cauca,Palmira,2024,11,Homicidio,6
Valle del Cauca,Palmira,2024,11,Violencia intrafamiliar,46
Valle del Cauca,Palmira,2024,11,Hurto a residencias,22
Valle del Cauca,Palmira,2024,11,Extorsión,4
Valle del Cauca,Palmira,2024,12,Hurto a personas,161
Valle del Cauca,Palmira,2024,12,Hurto a comercio,44
Valle del Cauca,Palmira,2024,12,Hurto de vehículos,29
Valle del Cauca,Palmira,2024,12,Lesiones personales,88
Valle del Cauca,Palmira,2024,12,Homicidio,8
Valle del Cauca,Palmira,2024,12,Violencia intrafamiliar,45
Valle del Cauca,Palmira,2024,12,Hurto a residencias,31
Valle del Cauca,Palmira,2024,12,Extorsión,4
Atlántico,Barranquilla,2020,1,Hurto a personas,581
Atlántico,Barranquilla,2020,1,Hurto a comercio,137
Atlántico,Barranquilla,2020,1,Hurto de vehículos,118
Atlántico,Barranquilla,2020,1,Lesiones personales,397
Atlántico,Barranquilla,2020,1,Homicidio,26
Atlántico,Barranquilla,2020,1,Violencia intrafamiliar,193
Atlántico,Barranquilla,2020,1,Hurto a residencias,116
Atlántico,Barranquilla,2020,1,Extorsión,17
Atlántico,Barranquilla,2020,2,Hurto a personas,571
Atlántico,Barranquilla,2020,2,Hurto a comercio,143
Atlántico,Barranquilla,2020,2,Hurto de vehículos,108
Atlántico,Barranquilla,2020,2,Lesiones personales,311
Atlántico,Barranquilla,2020,2,Homicidio,25
Atlántico,Barranquilla,2020,2,Violencia intrafamiliar,222
Atlántico,Barranquilla,2020,2,Hurto a residencias,113
Atlántico,Barranquilla,2020,2,Extorsión,14
Atlántico,Barranquilla,2020,3,Hurto a personas,466
Atlántico,Barranquilla,2020,3,Hurto a comercio,164
Atlántico,Barranquilla,2020,3,Hurto de vehículos,108
Atlántico,Barranquilla,2020,3,Lesiones personales,255
Atlántico,Barranquilla,2020,3,Homicidio,29
Atlántico,Barranquilla,2020,3,Violencia intrafamiliar,159
Atlántico,Barranquilla,2020,3,Hurto a residencias,97
Atlántico,Barranquilla,2020,3,Extorsión,17
Atlántico,Barranquilla,2020,4,Hurto a personas,497
Atlántico,Barranquilla,2020,4,Hurto a comercio,128
Atlántico,Barranquilla,2020,4,Hurto de vehículos,80
Atlántico,Barranquilla,2020,4,Lesiones personales,307
Atlántico,Barranquilla,2020,4,Homicidio,26
Atlántico,Barranquilla,2020,4,Violencia intrafamiliar,207
Atlántico,Barranquilla,2020,4,Hurto a residencias,80
Atlántico,Barranquilla,2020,4,Extorsión,15
Atlántico,Barranquilla,2020,5,Hurto a personas,450
Atlántico,Barranquilla,2020,5,Hurto a comercio,119
Atlántico,Barranquilla,2020,5,Hurto de vehículos,105
Atlántico,Barranquilla,2020,5,Lesiones personales,327
Atlántico,Barranquilla,2020,5,Homicidio,27
Atlántico,Barranquilla,2020,5,Violencia intrafamiliar,227
Atlántico,Barranquilla,2020,5,Hurto a residencias,94
Atlántico,Barranquilla,2020,5,Extorsión,21
Atlántico,Barranquilla,2020,6,Hurto a personas,595
Atlántico,Barranquilla,2020,6,Hurto a comercio,133
Atlántico,Barranquilla,2020,6,Hurto de vehículos,98
Atlántico,Barranquilla,2020,6,Lesiones personales,282
Atlántico,Barranquilla,2020,6,Homicidio,33
Atlántico,Barranquilla,2020,6,Violencia intrafamiliar,196
Atlántico,Barranquilla,2020,6,Hurto a residencias,134
Atlántico,Barranquilla,2020,6,Extorsión,18
Atlántico,Barranquilla,2020,7,Hurto a personas,559
Atlántico,Barranquilla,2020,7,Hurto a comercio,150
Atlántico,Barranquilla,2020,7,Hurto de vehículos,95
Atlántico,Barranquilla,2020,7,Lesiones personales,278
Atlántico,Barranquilla,2020,7,Homicidio,26
Atlántico,Barranquilla,2020,7,Violencia intrafamiliar,171
Atlántico,Barranquilla,2020,7,Hurto a residencias,106
Atlántico,Barranquilla,2020,7,Extorsión,14
Atlántico,Barranquilla,2020,8,Hurto a personas,399
Atlántico,Barranquilla,2020,8,Hurto a comercio,154
Atlántico,Barranquilla,2020,8,Hurto de vehículos,102
Atlántico,Barranquilla,2020,8,Lesiones personales,313
Atlántico,Barranquilla,2020,8,Homicidio,24
Atlántico,Barranquilla,2020,8,Violencia intrafamiliar,220
Atlántico,Barranquilla,2020,8,Hurto a residencias,98
Atlántico,Barranquilla,2020,8,Extorsión,16
Atlántico,Barranquilla,2020,9,Hurto a personas,473
Atlántico,Barranquilla,2020,9,Hurto a comercio,173
Atlántico,Barranquilla,2020,9,Hurto de vehículos,79
Atlántico,Barranquilla,2020,9,Lesiones personales,348
Atlántico,Barranquilla,2020,9,Homicidio,22
Atlántico,Barranquilla,2020,9,Violencia intrafamiliar,232
Atlántico,Barranquilla,2020,9,Hurto a residencias,119
Atlántico,Barranquilla,2020,9,Extorsión,20
Atlántico,Barranquilla,2020,10,Hurto a personas,463
Atlántico,Barranquilla,2020,10,Hurto a comercio,101
Atlántico,Barranquilla,2020,10,Hurto de vehículos,106
Atlántico,Barranquilla,2020,10,Lesiones personales,331
Atlántico,Barranquilla,2020,10,Homicidio,20
Atlántico,Barranquilla,2020,10,Violencia intrafamiliar,257
Atlántico,Barranquilla,2020,10,Hurto a residencias,96
Atlántico,Barranquilla,2020,10,Extorsión,16
Atlántico,Barranquilla,2020,11,Hurto a personas,490
Atlántico,Barranquilla,2020,11,Hurto a comercio,172
Atlántico,Barranquilla,2020,11,Hurto de vehículos,91
Atlántico,Barranquilla,2020,11,Lesiones personales,292
Atlántico,Barranquilla,2020,11,Homicidio,30
Atlántico,Barranquilla,2020,11,Violencia intrafamiliar,215
Atlántico,Barranquilla,2020,11,Hurto a residencias,92
Atlántico,Barranquilla,2020,11,Extorsión,17
Atlántico,Barranquilla,2020,12,Hurto a personas,663
Atlántico,Barranquilla,2020,12,Hurto a comercio,152
Atlántico,Barranquilla,2020,12,Hurto de vehículos,90
Atlántico,Barranquilla,2020,12,Lesiones personales,352
Atlántico,Barranquilla,2020,12,Homicidio,34
Atlántico,Barranquilla,2020,12,Violencia intrafamiliar,251
Atlántico,Barranquilla,2020,12,Hurto a residencias,146
Atlántico,Barranquilla,2020,12,Extorsión,18
Atlántico,Barranquilla,2021,1,Hurto a personas,502
Atlántico,Barranquilla,2021,1,Hurto a comercio,147
Atlántico,Barranquilla,2021,1,Hurto de vehículos,108
Atlántico,Barranquilla,2021,1,Lesiones personales,348
Atlántico,Barranquilla,2021,1,Homicidio,26
Atlántico,Barranquilla,2021,1,Violencia intrafamiliar,185
Atlántico,Barranquilla,2021,1,Hurto a residencias,98
Atlántico,Barranquilla,2021,1,Extorsión,14
Atlántico,Barranquilla,2021,2,Hurto a personas,607
Atlántico,Barranquilla,2021,2,Hurto a comercio,109
Atlántico,Barranquilla,2021,2,Hurto de vehículos,88
Atlántico,Barranquilla,2021,2,Lesiones personales,296
Atlántico,Barranquilla,2021,2,Homicidio,23
Atlántico,Barranquilla,2021,2,Violencia intrafamiliar,187
Atlántico,Barranquilla,2021,2,Hurto a residencias,100
Atlántico,Barranquilla,2021,2,Extorsión,17
Atlántico,Barranquilla,2021,3,Hurto a personas,450
Atlántico,Barranquilla,2021,3,Hurto a comercio,145
Atlántico,Barranquilla,2021,3,Hurto de vehículos,93
Atlántico,Barranquilla,2021,3,Lesiones personales,264
Atlántico,Barranquilla,2021,3,Homicidio,29
Atlántico,Barranquilla,2021,3,Violencia intrafamiliar,177
Atlántico,Barranquilla,2021,3,Hurto a residencias,123
Atlántico,Barranquilla,2021,3,Extorsión,20
Atlántico,Barranquilla,2021,4,Hurto a personas,522
Atlántico,Barranquilla,2021,4,Hurto a comercio,145
Atlántico,Barranquilla,2021,4,Hurto de vehículos,74
Atlántico,Barranquilla,2021,4,Lesiones personales,331
Atlántico,Barranquilla,2021,4,Homicidio,21
Atlántico,Barranquilla,2021,4,Violencia intrafamiliar,207
Atlántico,Barranquilla,2021,4,Hurto a residencias,93
Atlántico,Barranquilla,2021,4,Extorsión,15
Atlántico,Barranquilla,2021,5,Hurto a personas,423
Atlántico,Barranquilla,2021,5,Hurto a comercio,123
Atlántico,Barranquilla,2021,5,Hurto de vehículos,86
Atlántico,Barranquilla,2021,5,Lesiones personales,338
Atlántico,Barranquilla,2021,5,Homicidio,26
Atlántico,Barranquilla,2021,5,Violencia intrafamiliar,212
Atlántico,Barranquilla,2021,5,Hurto a residencias,105
Atlántico,Barranquilla,2021,5,Extorsión,15
Atlántico,Barranquilla,2021,6,Hurto a personas,444
Atlántico,Barranquilla,2021,6,Hurto a comercio,145
Atlántico,Barranquilla,2021,6,Hurto de vehículos,81
Atlántico,Barranquilla,2021,6,Lesiones personales,266
Atlántico,Barranquilla,2021,6,Homicidio,32
Atlántico,Barranquilla,2021,6,Violencia intrafamiliar,229
Atlántico,Barranquilla,2021,6,Hurto a residencias,103
Atlántico,Barranquilla,2021,6,Extorsión,20
Atlántico,Barranquilla,2021,7,Hurto a personas,491
Atlántico,Barranquilla,2021,7,Hurto a comercio,135
Atlántico,Barranquilla,2021,7,Hurto de vehículos,76
Atlántico,Barranquilla,2021,7,Lesiones personales,271
Atlántico,Barranquilla,2021,7,Homicidio,31
Atlántico,Barranquilla,2021,7,Violencia intrafamiliar,198
Atlántico,Barranquilla,2021,7,Hurto a residencias,97
Atlántico,Barranquilla,2021,7,Extorsión,12
Atlántico,Barranquilla,2021,8,Hurto a personas,412
Atlántico,Barranquilla,2021,8,Hurto a comercio,116
Atlántico,Barranquilla,2021,8,Hurto de vehículos,82
Atlántico,Barranquilla,2021,8,Lesiones personales,338
Atlántico,Barranquilla,2021,8,Homicidio,27
Atlántico,Barranquilla,2021,8,Violencia intrafamiliar,190
Atlántico,Barranquilla,2021,8,Hurto a residencias,85
Atlántico,Barranquilla,2021,8,Extorsión,13
Atlántico,Barranquilla,2021,9,Hurto a personas,621
Atlántico,Barranquilla,2021,9,Hurto a comercio,150
Atlántico,Barranquilla,2021,9,Hurto de vehículos,100
Atlántico,Barranquilla,2021,9,Lesiones personales,245
Atlántico,Barranquilla,2021,9,Homicidio,26
Atlántico,Barranquilla,2021,9,Violencia intrafamiliar,182
Atlántico,Barranquilla,2021,9,Hurto a residencias,109
Atlántico,Barranquilla,2021,9,Extorsión,17
Atlántico,Barranquilla,2021,10,Hurto a personas,586
Atlántico,Barranquilla,2021,10,Hurto a comercio,156
Atlántico,Barranquilla,2021,10,Hurto de vehículos,85
Atlántico,Barranquilla,2021,10,Lesiones personales,267
Atlántico,Barranquilla,2021,10,Homicidio,23
Atlántico,Barranquilla,2021,10,Violencia intrafamiliar,161
Atlántico,Barranquilla,2021,10,Hurto a residencias,125
Atlántico,Barranquilla,2021,10,Extorsión,14
Atlántico,Barranquilla,2021,11,Hurto a personas,507
Atlántico,Barranquilla,2021,11,Hurto a comercio,157
Atlántico,Barranquilla,2021,11,Hurto de vehículos,102
Atlántico,Barranquilla,2021,11,Lesiones personales,257
Atlántico,Barranquilla,2021,11,Homicidio,29
Atlántico,Barranquilla,2021,11,Violencia intrafamiliar,196
Atlántico,Barranquilla,2021,11,Hurto a residencias,98
Atlántico,Barranquilla,2021,11,Extorsión,15
Atlántico,Barranquilla,2021,12,Hurto a personas,482
Atlántico,Barranquilla,2021,12,Hurto a comercio,156
Atlántico,Barranquilla,2021,12,Hurto de vehículos,98
Atlántico,Barranquilla,2021,12,Lesiones personales,309
Atlántico,Barranquilla,2021,12,Homicidio,26
Atlántico,Barranquilla,2021,12,Violencia intrafamiliar,189
Atlántico,Barranquilla,2021,12,Hurto a residencias,102
Atlántico,Barranquilla,2021,12,Extorsión,15
Atlántico,Barranquilla,2022,1,Hurto a personas,429
Atlántico,Barranquilla,2022,1,Hurto a comercio,142
Atlántico,Barranquilla,2022,1,Hurto de vehículos,106
Atlántico,Barranquilla,2022,1,Lesiones personales,383
Atlántico,Barranquilla,2022,1,Homicidio,26
Atlántico,Barranquilla,2022,1,Violencia intrafamiliar,231
Atlántico,Barranquilla,2022,1,Hurto a residencias,111
Atlántico,Barranquilla,2022,1,Extorsión,20
Atlántico,Barranquilla,2022,2,Hurto a personas,614
Atlántico,Barranquilla,2022,2,Hurto a comercio,127
Atlántico,Barranquilla,2022,2,Hurto de vehículos,90
Atlántico,Barranquilla,2022,2,Lesiones personales,238
Atlántico,Barranquilla,2022,2,Homicidio,22
Atlántico,Barranquilla,2022,2,Violencia intrafamiliar,148
Atlántico,Barranquilla,2022,2,Hurto a residencias,106
Atlántico,Barranquilla,2022,2,Extorsión,16
Atlántico,Barranquilla,2022,3,Hurto a personas,420
Atlántico,Barranquilla,2022,3,Hurto a comercio,122
Atlántico,Barranquilla,2022,3,Hurto de vehículos,82
Atlántico,Barranquilla,2022,3,Lesiones personales,229
Atlántico,Barranquilla,2022,3,Homicidio,30
Atlántico,Barranquilla,2022,3,Violencia intrafamiliar,181
Atlántico,Barranquilla,2022,3,Hurto a residencias,92
Atlántico,Barranquilla,2022,3,Extorsión,16
Atlántico,Barranquilla,2022,4,Hurto a personas,586
Atlántico,Barranquilla,2022,4,Hurto a comercio,123
Atlántico,Barranquilla,2022,4,Hurto de vehículos,88
Atlántico,Barranquilla,2022,4,Lesiones personales,266
Atlántico,Barranquilla,2022,4,Homicidio,24
Atlántico,Barranquilla,2022,4,Violencia intrafamiliar,221
Atlántico,Barranquilla,2022,4,Hurto a residencias,102
Atlántico,Barranquilla,2022,4,Extorsión,17
Atlántico,Barranquilla,2022,5,Hurto a personas,527
Atlántico,Barranquilla,2022,5,Hurto a comercio,106
Atlántico,Barranquilla,2022,5,Hurto de vehículos,79
Atlántico,Barranquilla,2022,5,Lesiones personales,286
Atlántico,Barranquilla,2022,5,Homicidio,29
Atlántico,Barranquilla,2022,5,Violencia intrafamiliar,165
Atlántico,Barranquilla,2022,5,Hurto a residencias,88
Atlántico,Barranquilla,2022,5,Extorsión,17
Atlántico,Barranquilla,2022,6,Hurto a personas,427
Atlántico,Barranquilla,2022,6,Hurto a comercio,138
Atlántico,Barranquilla,2022,6,Hurto de vehículos,85
Atlántico,Barranquilla,2022,6,Lesiones personales,314
Atlántico,Barranquilla,2022,6,Homicidio,28
Atlántico,Barranquilla,2022,6,Violencia intrafamiliar,167
Atlántico,Barranquilla,2022,6,Hurto a residencias,108
Atlántico,Barranquilla,2022,6,Extorsión,19
Atlántico,Barranquilla,2022,7,Hurto a personas,585
Atlántico,Barranquilla,2022,7,Hurto a comercio,130
Atlántico,Barranquilla,2022,7,Hurto de vehículos,89
Atlántico,Barranquilla,2022,7,Lesiones personales,275
Atlántico,Barranquilla,2022,7,Homicidio,26
Atlántico,Barranquilla,2022,7,Violencia intrafamiliar,205
Atlántico,Barranquilla,2022,7,Hurto a residencias,74
Atlántico,Barranquilla,2022,7,Extorsión,20
Atlántico,Barranquilla,2022,8,Hurto a personas,512
Atlántico,Barranquilla,2022,8,Hurto a comercio,149
Atlántico,Barranquilla,2022,8,Hurto de vehículos,80
Atlántico,Barranquilla,2022,8,Lesiones personales,244
Atlántico,Barranquilla,2022,8,Homicidio,29
Atlántico,Barranquilla,2022,8,Violencia intrafamiliar,237
Atlántico,Barranquilla,2022,8,Hurto a residencias,97
Atlántico,Barranquilla,2022,8,Extorsión,20
Atlántico,Barranquilla,2022,9,Hurto a personas,454
Atlántico,Barranquilla,2022,9,Hurto a comercio,114
Atlántico,Barranquilla,2022,9,Hurto de vehículos,79
Atlántico,Barranquilla,2022,9,Lesiones personales,272
Atlántico,Barranquilla,2022,9,Homicidio,30
Atlántico,Barranquilla,2022,9,Violencia intrafamiliar,190
Atlántico,Barranquilla,2022,9,Hurto a residencias,97
Atlántico,Barranquilla,2022,9,Extorsión,14
Atlántico,Barranquilla,2022,10,Hurto a personas,451
Atlántico,Barranquilla,2022,10,Hurto a comercio,147
Atlántico,Barranquilla,2022,10,Hurto de vehículos,88
Atlántico,Barranquilla,2022,10,Lesiones personales,298
Atlántico,Barranquilla,2022,10,Homicidio,27
Atlántico,Barranquilla,2022,10,Violencia intrafamiliar,158
Atlántico,Barranquilla,2022,10,Hurto a residencias,96
Atlántico,Barranquilla,2022,10,Extorsión,16
Atlántico,Barranquilla,2022,11,Hurto a personas,438
Atlántico,Barranquilla,2022,11,Hurto a comercio,132
Atlántico,Barranquilla,2022,11,Hurto de vehículos,71
Atlántico,Barranquilla,2022,11,Lesiones personales,267
Atlántico,Barranquilla,2022,11,Homicidio,24
Atlántico,Barranquilla,2022,11,Violencia intrafamiliar,215
Atlántico,Barranquilla,2022,11,Hurto a residencias,110
Atlántico,Barranquilla,2022,11,Extorsión,14
Atlántico,Barranquilla,2022,12,Hurto a personas,478
Atlántico,Barranquilla,2022,12,Hurto a comercio,171
Atlántico,Barranquilla,2022,12,Hurto de vehículos,94
Atlántico,Barranquilla,2022,12,Lesiones personales,403
Atlántico,Barranquilla,2022,12,Homicidio,25
Atlántico,Barranquilla,2022,12,Violencia intrafamiliar,227
Atlántico,Barranquilla,2022,12,Hurto a residencias,127
Atlántico,Barranquilla,2022,12,Extorsión,21
Atlántico,Barranquilla,2023,1,Hurto a personas,483
Atlántico,Barranquilla,2023,1,Hurto a comercio,109
Atlántico,Barranquilla,2023,1,Hurto de vehículos,99
Atlántico,Barranquilla,2023,1,Lesiones personales,276
Atlántico,Barranquilla,2023,1,Homicidio,25
Atlántico,Barranquilla,2023,1,Violencia intrafamiliar,171
Atlántico,Barranquilla,2023,1,Hurto a residencias,126
Atlántico,Barranquilla,2023,1,Extorsión,16
Atlántico,Barranquilla,2023,2,Hurto a personas,390
Atlántico,Barranquilla,2023,2,Hurto a comercio,141
Atlántico,Barranquilla,2023,2,Hurto de vehículos,80
Atlántico,Barranquilla,2023,2,Lesiones personales,272
Atlántico,Barranquilla,2023,2,Homicidio,22
Atlántico,Barranquilla,2023,2,Violencia intrafamiliar,199
Atlántico,Barranquilla,2023,2,Hurto a residencias,95
Atlántico,Barranquilla,2023,2,Extorsión,16
Atlántico,Barranquilla,2023,3,Hurto a personas,579
Atlántico,Barranquilla,2023,3,Hurto a comercio,114
Atlántico,Barranquilla,2023,3,Hurto de vehículos,86
Atlántico,Barranquilla,2023,3,Lesiones personales,256
Atlántico,Barranquilla,2023,3,Homicidio,22
Atlántico,Barranquilla,2023,3,Violencia intrafamiliar,185
Atlántico,Barranquilla,2023,3,Hurto a residencias,91
Atlántico,Barranquilla,2023,3,Extorsión,15
Atlántico,Barranquilla,2023,4,Hurto a personas,500
Atlántico,Barranquilla,2023,4,Hurto a comercio,141
Atlántico,Barranquilla,2023,4,Hurto de vehículos,97
Atlántico,Barranquilla,2023,4,Lesiones personales,282
Atlántico,Barranquilla,2023,4,Homicidio,29
Atlántico,Barranquilla,2023,4,Violencia intrafamiliar,170
Atlántico,Barranquilla,2023,4,Hurto a residencias,106
Atlántico,Barranquilla,2023,4,Extorsión,12
Atlántico,Barranquilla,2023,5,Hurto a personas,453
Atlántico,Barranquilla,2023,5,Hurto a comercio,90
Atlántico,Barranquilla,2023,5,Hurto de vehículos,89
Atlántico,Barranquilla,2023,5,Lesiones personales,375
Atlántico,Barranquilla,2023,5,Homicidio,29
Atlántico,Barranquilla,2023,5,Violencia intrafamiliar,182
Atlántico,Barranquilla,2023,5,Hurto a residencias,107
Atlántico,Barranquilla,2023,5,Extorsión,18
Atlántico,Barranquilla,2023,6,Hurto a personas,499
Atlántico,Barranquilla,2023,6,Hurto a comercio,135
Atlántico,Barranquilla,2023,6,Hurto de vehículos,111
Atlántico,Barranquilla,2023,6,Lesiones personales,266
Atlántico,Barranquilla,2023,6,Homicidio,26
Atlántico,Barranquilla,2023,6,Violencia intrafamiliar,205
Atlántico,Barranquilla,2023,6,Hurto a residencias,101
Atlántico,Barranquilla,2023,6,Extorsión,15
Atlántico,Barranquilla,2023,7,Hurto a personas,479
Atlántico,Barranquilla,2023,7,Hurto a comercio,118
Atlántico,Barranquilla,2023,7,Hurto de vehículos,80
Atlántico,Barranquilla,2023,7,Lesiones personales,300
Atlántico,Barranquilla,2023,7,Homicidio,26
Atlántico,Barranquilla,2023,7,Violencia intrafamiliar,220
Atlántico,Barranquilla,2023,7,Hurto a residencias,107
Atlántico,Barranquilla,2023,7,Extorsión,16
Atlántico,Barranquilla,2023,8,Hurto a personas,483
Atlántico,Barranquilla,2023,8,Hurto a comercio,139
Atlántico,Barranquilla,2023,8,Hurto de vehículos,105
Atlántico,Barranquilla,2023,8,Lesiones personales,240
Atlántico,Barranquilla,2023,8,Homicidio,29
Atlántico,Barranquilla,2023,8,Violencia intrafamiliar,145
Atlántico,Barranquilla,2023,8,Hurto a residencias,102
Atlántico,Barranquilla,2023,8,Extorsión,13
Atlántico,Barranquilla,2023,9,Hurto a personas,526
Atlántico,Barranquilla,2023,9,Hurto a comercio,135
Atlántico,Barranquilla,2023,9,Hurto de vehículos,108
Atlántico,Barranquilla,2023,9,Lesiones personales,246
Atlántico,Barranquilla,2023,9,Homicidio,29
Atlántico,Barranquilla,2023,9,Violencia intrafamiliar,208
Atlántico,Barranquilla,2023,9,Hurto a residencias,78
Atlántico,Barranquilla,2023,9,Extorsión,18
Atlántico,Barranquilla,2023,10,Hurto a personas,443
Atlántico,Barranquilla,2023,10,Hurto a comercio,112
Atlántico,Barranquilla,2023,10,Hurto de vehículos,89
Atlántico,Barranquilla,2023,10,Lesiones personales,271
Atlántico,Barranquilla,2023,10,Homicidio,26
Atlántico,Barranquilla,2023,10,Violencia intrafamiliar,157
Atlántico,Barranquilla,2023,10,Hurto a residencias,95
Atlántico,Barranquilla,2023,10,Extorsión,14
Atlántico,Barranquilla,2023,11,Hurto a personas,473
Atlántico,Barranquilla,2023,11,Hurto a comercio,113
Atlántico,Barranquilla,2023,11,Hurto de vehículos,79
Atlántico,Barranquilla,2023,11,Lesiones personales,346
Atlántico,Barranquilla,2023,11,Homicidio,27
Atlántico,Barranquilla,2023,11,Violencia intrafamiliar,219
Atlántico,Barranquilla,2023,11,Hurto a residencias,86
Atlántico,Barranquilla,2023,11,Extorsión,13
Atlántico,Barranquilla,2023,12,Hurto a personas,584
Atlántico,Barranquilla,2023,12,Hurto a comercio,138
Atlántico,Barranquilla,2023,12,Hurto de vehículos,90
Atlántico,Barranquilla,2023,12,Lesiones personales,343
Atlántico,Barranquilla,2023,12,Homicidio,23
Atlántico,Barranquilla,2023,12,Violencia intrafamiliar,200
Atlántico,Barranquilla,2023,12,Hurto a residencias,125
Atlántico,Barranquilla,2023,12,Extorsión,15
Atlántico,Barranquilla,2024,1,Hurto a personas,484
Atlántico,Barranquilla,2024,1,Hurto a comercio,104
Atlántico,Barranquilla,2024,1,Hurto de vehículos,108
Atlántico,Barranquilla,2024,1,Lesiones personales,271
Atlántico,Barranquilla,2024,1,Homicidio,26
Atlántico,Barranquilla,2024,1,Violencia intrafamiliar,232
Atlántico,Barranquilla,2024,1,Hurto a residencias,89
Atlántico,Barranquilla,2024,1,Extorsión,14
Atlántico,Barranquilla,2024,2,Hurto a personas,530
Atlántico,Barranquilla,2024,2,Hurto a comercio,122
Atlántico,Barranquilla,2024,2,Hurto de vehículos,93
Atlántico,Barranquilla,2024,2,Lesiones personales,296
Atlántico,Barranquilla,2024,2,Homicidio,19
Atlántico,Barranquilla,2024,2,Violencia intrafamiliar,230
Atlántico,Barranquilla,2024,2,Hurto a residencias,87
Atlántico,Barranquilla,2024,2,Extorsión,11
Atlántico,Barranquilla,2024,3,Hurto a personas,481
Atlántico,Barranquilla,2024,3,Hurto a comercio,102
Atlántico,Barranquilla,2024,3,Hurto de vehículos,88
Atlántico,Barranquilla,2024,3,Lesiones personales,355
Atlántico,Barranquilla,2024,3,Homicidio,25
Atlántico,Barranquilla,2024,3,Violencia intrafamiliar,194
Atlántico,Barranquilla,2024,3,Hurto a residencias,76
Atlántico,Barranquilla,2024,3,Extorsión,16
Atlántico,Barranquilla,2024,4,Hurto a personas,358
Atlántico,Barranquilla,2024,4,Hurto a comercio,115
Atlántico,Barranquilla,2024,4,Hurto de vehículos,92
Atlántico,Barranquilla,2024,4,Lesiones personales,269
Atlántico,Barranquilla,2024,4,Homicidio,19
Atlántico,Barranquilla,2024,4,Violencia intrafamiliar,203
Atlántico,Barranquilla,2024,4,Hurto a residencias,93
Atlántico,Barranquilla,2024,4,Extorsión,14
Atlántico,Barranquilla,2024,5,Hurto a personas,559
Atlántico,Barranquilla,2024,5,Hurto a comercio,133
Atlántico,Barranquilla,2024,5,Hurto de vehículos,92
Atlántico,Barranquilla,2024,5,Lesiones personales,329
Atlántico,Barranquilla,2024,5,Homicidio,22
Atlántico,Barranquilla,2024,5,Violencia intrafamiliar,175
Atlántico,Barranquilla,2024,5,Hurto a residencias,122
Atlántico,Barranquilla,2024,5,Extorsión,16
Atlántico,Barranquilla,2024,6,Hurto a personas,478
Atlántico,Barranquilla,2024,6,Hurto a comercio,115
Atlántico,Barranquilla,2024,6,Hurto de vehículos,85
Atlántico,Barranquilla,2024,6,Lesiones personales,297
Atlántico,Barranquilla,2024,6,Homicidio,25
Atlántico,Barranquilla,2024,6,Violencia intrafamiliar,190
Atlántico,Barranquilla,2024,6,Hurto a residencias,104
Atlántico,Barranquilla,2024,6,Extorsión,14
Atlántico,Barranquilla,2024,7,Hurto a personas,547
Atlántico,Barranquilla,2024,7,Hurto a comercio,129
Atlántico,Barranquilla,2024,7,Hurto de vehículos,89
Atlántico,Barranquilla,2024,7,Lesiones personales,296
Atlántico,Barranquilla,2024,7,Homicidio,22
Atlántico,Barranquilla,2024,7,Violencia intrafamiliar,146
Atlántico,Barranquilla,2024,7,Hurto a residencias,114
Atlántico,Barranquilla,2024,7,Extorsión,16
Atlántico,Barranquilla,2024,8,Hurto a personas,458
Atlántico,Barranquilla,2024,8,Hurto a comercio,144
Atlántico,Barranquilla,2024,8,Hurto de vehículos,104
Atlántico,Barranquilla,2024,8,Lesiones personales,210
Atlántico,Barranquilla,2024,8,Homicidio,19
Atlántico,Barranquilla,2024,8,Violencia intrafamiliar,177
Atlántico,Barranquilla,2024,8,Hurto a residencias,106
Atlántico,Barranquilla,2024,8,Extorsión,14
Atlántico,Barranquilla,2024,9,Hurto a personas,415
Atlántico,Barranquilla,2024,9,Hurto a comercio,97
Atlántico,Barranquilla,2024,9,Hurto de vehículos,87
Atlántico,Barranquilla,2024,9,Lesiones personales,288
Atlántico,Barranquilla,2024,9,Homicidio,20
Atlántico,Barranquilla,2024,9,Violencia intrafamiliar,157
Atlántico,Barranquilla,2024,9,Hurto a residencias,98
Atlántico,Barranquilla,2024,9,Extorsión,13
Atlántico,Barranquilla,2024,10,Hurto a personas,411
Atlántico,Barranquilla,2024,10,Hurto a comercio,138
Atlántico,Barranquilla,2024,10,Hurto de vehículos,101
Atlántico,Barranquilla,2024,10,Lesiones personales,348
Atlántico,Barranquilla,2024,10,Homicidio,18
Atlántico,Barranquilla,2024,10,Violencia intrafamiliar,165
Atlántico,Barranquilla,2024,10,Hurto a residencias,90
Atlántico,Barranquilla,2024,10,Extorsión,14
Atlántico,Barranquilla,2024,11,Hurto a personas,443
Atlántico,Barranquilla,2024,11,Hurto a comercio,106
Atlántico,Barranquilla,2024,11,Hurto de vehículos,69
Atlántico,Barranquilla,2024,11,Lesiones personales,209
Atlántico,Barranquilla,2024,11,Homicidio,22
Atlántico,Barranquilla,2024,11,Violencia intrafamiliar,175
Atlántico,Barranquilla,2024,11,Hurto a residencias,97
Atlántico,Barranquilla,2024,11,Extorsión,14
Atlántico,Barranquilla,2024,12,Hurto a personas,599
Atlántico,Barranquilla,2024,12,Hurto a comercio,120
Atlántico,Barranquilla,2024,12,Hurto de vehículos,94
Atlántico,Barranquilla,2024,12,Lesiones personales,305
Atlántico,Barranquilla,2024,12,Homicidio,23
Atlántico,Barranquilla,2024,12,Violencia intrafamiliar,218
Atlántico,Barranquilla,2024,12,Hurto a residencias,116
Atlántico,Barranquilla,2024,12,Extorsión,16
Atlántico,Soledad,2020,1,Hurto a personas,330
Atlántico,Soledad,2020,1,Hurto a comercio,76
Atlántico,Soledad,2020,1,Hurto de vehículos,72
Atlántico,Soledad,2020,1,Lesiones personales,192
Atlántico,Soledad,2020,1,Homicidio,19
Atlántico,Soledad,2020,1,Violencia intrafamiliar,147
Atlántico,Soledad,2020,1,Hurto a residencias,70
Atlántico,Soledad,2020,1,Extorsión,11
Atlántico,Soledad,2020,2,Hurto a personas,401
Atlántico,Soledad,2020,2,Hurto a comercio,78
Atlántico,Soledad,2020,2,Hurto de vehículos,65
Atlántico,Soledad,2020,2,Lesiones personales,214
Atlántico,Soledad,2020,2,Homicidio,15
Atlántico,Soledad,2020,2,Violencia intrafamiliar,113
Atlántico,Soledad,2020,2,Hurto a residencias,73
Atlántico,Soledad,2020,2,Extorsión,10
Atlántico,Soledad,2020,3,Hurto a personas,272
Atlántico,Soledad,2020,3,Hurto a comercio,79
Atlántico,Soledad,2020,3,Hurto de vehículos,66
Atlántico,Soledad,2020,3,Lesiones personales,238
Atlántico,Soledad,2020,3,Homicidio,14
Atlántico,Soledad,2020,3,Violencia intrafamiliar,124
Atlántico,Soledad,2020,3,Hurto a residencias,60
Atlántico,Soledad,2020,3,Extorsión,10
Atlántico,Soledad,2020,4,Hurto a personas,383
Atlántico,Soledad,2020,4,Hurto a comercio,84
Atlántico,Soledad,2020,4,Hurto de vehículos,61
Atlántico,Soledad,2020,4,Lesiones personales,214
Atlántico,Soledad,2020,4,Homicidio,17
Atlántico,Soledad,2020,4,Violencia intrafamiliar,129
Atlántico,Soledad,2020,4,Hurto a residencias,51
Atlántico,Soledad,2020,4,Extorsión,12
Atlántico,Soledad,2020,5,Hurto a personas,335
Atlántico,Soledad,2020,5,Hurto a comercio,68
Atlántico,Soledad,2020,5,Hurto de vehículos,64
Atlántico,Soledad,2020,5,Lesiones personales,208
Atlántico,Soledad,2020,5,Homicidio,17
Atlántico,Soledad,2020,5,Violencia intrafamiliar,141
Atlántico,Soledad,2020,5,Hurto a residencias,76
Atlántico,Soledad,2020,5,Extorsión,12
Atlántico,Soledad,2020,6,Hurto a personas,371
Atlántico,Soledad,2020,6,Hurto a comercio,93
Atlántico,Soledad,2020,6,Hurto de vehículos,76
Atlántico,Soledad,2020,6,Lesiones personales,248
Atlántico,Soledad,2020,6,Homicidio,18
Atlántico,Soledad,2020,6,Violencia intrafamiliar,162
Atlántico,Soledad,2020,6,Hurto a residencias,80
Atlántico,Soledad,2020,6,Extorsión,12
Atlántico,Soledad,2020,7,Hurto a personas,303
Atlántico,Soledad,2020,7,Hurto a comercio,72
Atlántico,Soledad,2020,7,Hurto de vehículos,66
Atlántico,Soledad,2020,7,Lesiones personales,193
Atlántico,Soledad,2020,7,Homicidio,17
Atlántico,Soledad,2020,7,Violencia intrafamiliar,131
Atlántico,Soledad,2020,7,Hurto a residencias,75
Atlántico,Soledad,2020,7,Extorsión,10
Atlántico,Soledad,2020,8,Hurto a personas,350
Atlántico,Soledad,2020,8,Hurto a comercio,79
Atlántico,Soledad,2020,8,Hurto de vehículos,71
Atlántico,Soledad,2020,8,Lesiones personales,200
Atlántico,Soledad,2020,8,Homicidio,21
Atlántico,Soledad,2020,8,Violencia intrafamiliar,121
Atlántico,Soledad,2020,8,Hurto a residencias,70
Atlántico,Soledad,2020,8,Extorsión,12
Atlántico,Soledad,2020,9,Hurto a personas,372
Atlántico,Soledad,2020,9,Hurto a comercio,80
Atlántico,Soledad,2020,9,Hurto de vehículos,44
Atlántico,Soledad,2020,9,Lesiones personales,214
Atlántico,Soledad,2020,9,Homicidio,14
Atlántico,Soledad,2020,9,Violencia intrafamiliar,143
Atlántico,Soledad,2020,9,Hurto a residencias,59
Atlántico,Soledad,2020,9,Extorsión,11
Atlántico,Soledad,2020,10,Hurto a personas,366
Atlántico,Soledad,2020,10,Hurto a comercio,84
Atlántico,Soledad,2020,10,Hurto de vehículos,44
Atlántico,Soledad,2020,10,Lesiones personales,173
Atlántico,Soledad,2020,10,Homicidio,14
Atlántico,Soledad,2020,10,Violencia intrafamiliar,141
Atlántico,Soledad,2020,10,Hurto a residencias,62
Atlántico,Soledad,2020,10,Extorsión,9
Atlántico,Soledad,2020,11,Hurto a personas,267
Atlántico,Soledad,2020,11,Hurto a comercio,93
Atlántico,Soledad,2020,11,Hurto de vehículos,71
Atlántico,Soledad,2020,11,Lesiones personales,172
Atlántico,Soledad,2020,11,Homicidio,13
Atlántico,Soledad,2020,11,Violencia intrafamiliar,114
Atlántico,Soledad,2020,11,Hurto a residencias,61
Atlántico,Soledad,2020,11,Extorsión,9
Atlántico,Soledad,2020,12,Hurto a personas,377
Atlántico,Soledad,2020,12,Hurto a comercio,84
Atlántico,Soledad,2020,12,Hurto de vehículos,69
Atlántico,Soledad,2020,12,Lesiones personales,231
Atlántico,Soledad,2020,12,Homicidio,22
Atlántico,Soledad,2020,12,Violencia intrafamiliar,116
Atlántico,Soledad,2020,12,Hurto a residencias,62
Atlántico,Soledad,2020,12,Extorsión,10
Atlántico,Soledad,2021,1,Hurto a personas,296
Atlántico,Soledad,2021,1,Hurto a comercio,102
Atlántico,Soledad,2021,1,Hurto de vehículos,62
Atlántico,Soledad,2021,1,Lesiones personales,215
Atlántico,Soledad,2021,1,Homicidio,15
Atlántico,Soledad,2021,1,Violencia intrafamiliar,129
Atlántico,Soledad,2021,1,Hurto a residencias,71
Atlántico,Soledad,2021,1,Extorsión,12
Atlántico,Soledad,2021,2,Hurto a personas,299
Atlántico,Soledad,2021,2,Hurto a comercio,81
Atlántico,Soledad,2021,2,Hurto de vehículos,71
Atlántico,Soledad,2021,2,Lesiones personales,204
Atlántico,Soledad,2021,2,Homicidio,17
Atlántico,Soledad,2021,2,Violencia intrafamiliar,153
Atlántico,Soledad,2021,2,Hurto a residencias,67
Atlántico,Soledad,2021,2,Extorsión,12
Atlántico,Soledad,2021,3,Hurto a personas,316
Atlántico,Soledad,2021,3,Hurto a comercio,82
Atlántico,Soledad,2021,3,Hurto de vehículos,60
Atlántico,Soledad,2021,3,Lesiones personales,156
Atlántico,Soledad,2021,3,Homicidio,14
Atlántico,Soledad,2021,3,Violencia intrafamiliar,121
Atlántico,Soledad,2021,3,Hurto a residencias,70
Atlántico,Soledad,2021,3,Extorsión,9
Atlántico,Soledad,2021,4,Hurto a personas,341
Atlántico,Soledad,2021,4,Hurto a comercio,77
Atlántico,Soledad,2021,4,Hurto de vehículos,61
Atlántico,Soledad,2021,4,Lesiones personales,200
Atlántico,Soledad,2021,4,Homicidio,21
Atlántico,Soledad,2021,4,Violencia intrafamiliar,127
Atlántico,Soledad,2021,4,Hurto a residencias,59
Atlántico,Soledad,2021,4,Extorsión,8
Atlántico,Soledad,2021,5,Hurto a personas,303
Atlántico,Soledad,2021,5,Hurto a comercio,97
Atlántico,Soledad,2021,5,Hurto de vehículos,72
Atlántico,Soledad,2021,5,Lesiones personales,170
Atlántico,Soledad,2021,5,Homicidio,17
Atlántico,Soledad,2021,5,Violencia intrafamiliar,111
Atlántico,Soledad,2021,5,Hurto a residencias,58
Atlántico,Soledad,2021,5,Extorsión,9
Atlántico,Soledad,2021,6,Hurto a personas,335
Atlántico,Soledad,2021,6,Hurto a comercio,85
Atlántico,Soledad,2021,6,Hurto de vehículos,62
Atlántico,Soledad,2021,6,Lesiones personales,224
Atlántico,Soledad,2021,6,Homicidio,17
Atlántico,Soledad,2021,6,Violencia intrafamiliar,117
Atlántico,Soledad,2021,6,Hurto a residencias,77
Atlántico,Soledad,2021,6,Extorsión,8
Atlántico,Soledad,2021,7,Hurto a personas,394
Atlántico,Soledad,2021,7,Hurto a comercio,100
Atlántico,Soledad,2021,7,Hurto de vehículos,63
Atlántico,Soledad,2021,7,Lesiones personales,160
Atlántico,Soledad,2021,7,Homicidio,19
Atlántico,Soledad,2021,7,Violencia intrafamiliar,133
Atlántico,Soledad,2021,7,Hurto a residencias,65
Atlántico,Soledad,2021,7,Extorsión,10
Atlántico,Soledad,2021,8,Hurto a personas,273
Atlántico,Soledad,2021,8,Hurto a comercio,64
Atlántico,Soledad,2021,8,Hurto de vehículos,58
Atlántico,Soledad,2021,8,Lesiones personales,172
Atlántico,Soledad,2021,8,Homicidio,18
Atlántico,Soledad,2021,8,Violencia intrafamiliar,132
Atlántico,Soledad,2021,8,Hurto a residencias,61
Atlántico,Soledad,2021,8,Extorsión,10
Atlántico,Soledad,2021,9,Hurto a personas,399
Atlántico,Soledad,2021,9,Hurto a comercio,87
Atlántico,Soledad,2021,9,Hurto de vehículos,64
Atlántico,Soledad,2021,9,Lesiones personales,196
Atlántico,Soledad,2021,9,Homicidio,17
Atlántico,Soledad,2021,9,Violencia intrafamiliar,142
Atlántico,Soledad,2021,9,Hurto a residencias,65
Atlántico,Soledad,2021,9,Extorsión,8
Atlántico,Soledad,2021,10,Hurto a personas,321
Atlántico,Soledad,2021,10,Hurto a comercio,75
Atlántico,Soledad,2021,10,Hurto de vehículos,61
Atlántico,Soledad,2021,10,Lesiones personales,200
Atlántico,Soledad,2021,10,Homicidio,16
Atlántico,Soledad,2021,10,Violencia intrafamiliar,112
Atlántico,Soledad,2021,10,Hurto a residencias,63
Atlántico,Soledad,2021,10,Extorsión,11
Atlántico,Soledad,2021,11,Hurto a personas,261
Atlántico,Soledad,2021,11,Hurto a comercio,77
Atlántico,Soledad,2021,11,Hurto de vehículos,58
Atlántico,Soledad,2021,11,Lesiones personales,172
Atlántico,Soledad,2021,11,Homicidio,14
Atlántico,Soledad,2021,11,Violencia intrafamiliar,150
Atlántico,Soledad,2021,11,Hurto a residencias,74
Atlántico,Soledad,2021,11,Extorsión,8
Atlántico,Soledad,2021,12,Hurto a personas,287
Atlántico,Soledad,2021,12,Hurto a comercio,95
Atlántico,Soledad,2021,12,Hurto de vehículos,59
Atlántico,Soledad,2021,12,Lesiones personales,193
Atlántico,Soledad,2021,12,Homicidio,21
Atlántico,Soledad,2021,12,Violencia intrafamiliar,126
Atlántico,Soledad,2021,12,Hurto a residencias,83
Atlántico,Soledad,2021,12,Extorsión,12
Atlántico,Soledad,2022,1,Hurto a personas,287
Atlántico,Soledad,2022,1,Hurto a comercio,86
Atlántico,Soledad,2022,1,Hurto de vehículos,65
Atlántico,Soledad,2022,1,Lesiones personales,199
Atlántico,Soledad,2022,1,Homicidio,17
Atlántico,Soledad,2022,1,Violencia intrafamiliar,125
Atlántico,Soledad,2022,1,Hurto a residencias,67
Atlántico,Soledad,2022,1,Extorsión,11
Atlántico,Soledad,2022,2,Hurto a personas,272
Atlántico,Soledad,2022,2,Hurto a comercio,85
Atlántico,Soledad,2022,2,Hurto de vehículos,50
Atlántico,Soledad,2022,2,Lesiones personales,170
Atlántico,Soledad,2022,2,Homicidio,14
Atlántico,Soledad,2022,2,Violencia intrafamiliar,130
Atlántico,Soledad,2022,2,Hurto a residencias,51
Atlántico,Soledad,2022,2,Extorsión,8
Atlántico,Soledad,2022,3,Hurto a personas,321
Atlántico,Soledad,2022,3,Hurto a comercio,68
Atlántico,Soledad,2022,3,Hurto de vehículos,56
Atlántico,Soledad,2022,3,Lesiones personales,157
Atlántico,Soledad,2022,3,Homicidio,13
Atlántico,Soledad,2022,3,Violencia intrafamiliar,137
Atlántico,Soledad,2022,3,Hurto a residencias,67
Atlántico,Soledad,2022,3,Extorsión,10
Atlántico,Soledad,2022,4,Hurto a personas,294
Atlántico,Soledad,2022,4,Hurto a comercio,70
Atlántico,Soledad,2022,4,Hurto de vehículos,59
Atlántico,Soledad,2022,4,Lesiones personales,181
Atlántico,Soledad,2022,4,Homicidio,13
Atlántico,Soledad,2022,4,Violencia intrafamiliar,125
Atlántico,Soledad,2022,4,Hurto a residencias,65
Atlántico,Soledad,2022,4,Extorsión,9
Atlántico,Soledad,2022,5,Hurto a personas,254
Atlántico,Soledad,2022,5,Hurto a comercio,73
Atlántico,Soledad,2022,5,Hurto de vehículos,61
Atlántico,Soledad,2022,5,Lesiones personales,170
Atlántico,Soledad,2022,5,Homicidio,15
Atlántico,Soledad,2022,5,Violencia intrafamiliar,100
Atlántico,Soledad,2022,5,Hurto a residencias,64
Atlántico,Soledad,2022,5,Extorsión,9
Atlántico,Soledad,2022,6,Hurto a personas,305
Atlántico,Soledad,2022,6,Hurto a comercio,96
Atlántico,Soledad,2022,6,Hurto de vehículos,63
Atlántico,Soledad,2022,6,Lesiones personales,231
Atlántico,Soledad,2022,6,Homicidio,20
Atlántico,Soledad,2022,6,Violencia intrafamiliar,143
Atlántico,Soledad,2022,6,Hurto a residencias,56
Atlántico,Soledad,2022,6,Extorsión,10
Atlántico,Soledad,2022,7,Hurto a personas,343
Atlántico,Soledad,2022,7,Hurto a comercio,67
Atlántico,Soledad,2022,7,Hurto de vehículos,46
Atlántico,Soledad,2022,7,Lesiones personales,170
Atlántico,Soledad,2022,7,Homicidio,17
Atlántico,Soledad,2022,7,Violencia intrafamiliar,102
Atlántico,Soledad,2022,7,Hurto a residencias,57
Atlántico,Soledad,2022,7,Extorsión,9
Atlántico,Soledad,2022,8,Hurto a personas,264
Atlántico,Soledad,2022,8,Hurto a comercio,92
Atlántico,Soledad,2022,8,Hurto de vehículos,54
Atlántico,Soledad,2022,8,Lesiones personales,169
Atlántico,Soledad,2022,8,Homicidio,14
Atlántico,Soledad,2022,8,Violencia intrafamiliar,130
Atlántico,Soledad,2022,8,Hurto a residencias,81
Atlántico,Soledad,2022,8,Extorsión,9
Atlántico,Soledad,2022,9,Hurto a personas,257
Atlántico,Soledad,2022,9,Hurto a comercio,90
Atlántico,Soledad,2022,9,Hurto de vehículos,56
Atlántico,Soledad,2022,9,Lesiones personales,203
Atlántico,Soledad,2022,9,Homicidio,19
Atlántico,Soledad,2022,9,Violencia intrafamiliar,101
Atlántico,Soledad,2022,9,Hurto a residencias,59
Atlántico,Soledad,2022,9,Extorsión,7
Atlántico,Soledad,2022,10,Hurto a personas,258
Atlántico,Soledad,2022,10,Hurto a comercio,73
Atlántico,Soledad,2022,10,Hurto de vehículos,70
Atlántico,Soledad,2022,10,Lesiones personales,224
Atlántico,Soledad,2022,10,Homicidio,14
Atlántico,Soledad,2022,10,Violencia intrafamiliar,105
Atlántico,Soledad,2022,10,Hurto a residencias,55
Atlántico,Soledad,2022,10,Extorsión,9
Atlántico,Soledad,2022,11,Hurto a personas,228
Atlántico,Soledad,2022,11,Hurto a comercio,66
Atlántico,Soledad,2022,11,Hurto de vehículos,54
Atlántico,Soledad,2022,11,Lesiones personales,217
Atlántico,Soledad,2022,11,Homicidio,13
Atlántico,Soledad,2022,11,Violencia intrafamiliar,120
Atlántico,Soledad,2022,11,Hurto a residencias,74
Atlántico,Soledad,2022,11,Extorsión,10
Atlántico,Soledad,2022,12,Hurto a personas,314
Atlántico,Soledad,2022,12,Hurto a comercio,102
Atlántico,Soledad,2022,12,Hurto de vehículos,72
Atlántico,Soledad,2022,12,Lesiones personales,232
Atlántico,Soledad,2022,12,Homicidio,20
Atlántico,Soledad,2022,12,Violencia intrafamiliar,145
Atlántico,Soledad,2022,12,Hurto a residencias,80
Atlántico,Soledad,2022,12,Extorsión,10
Atlántico,Soledad,2023,1,Hurto a personas,269
Atlántico,Soledad,2023,1,Hurto a comercio,68
Atlántico,Soledad,2023,1,Hurto de vehículos,48
Atlántico,Soledad,2023,1,Lesiones personales,163
Atlántico,Soledad,2023,1,Homicidio,13
Atlántico,Soledad,2023,1,Violencia intrafamiliar,122
Atlántico,Soledad,2023,1,Hurto a residencias,54
Atlántico,Soledad,2023,1,Extorsión,9
Atlántico,Soledad,2023,2,Hurto a personas,328
Atlántico,Soledad,2023,2,Hurto a comercio,68
Atlántico,Soledad,2023,2,Hurto de vehículos,50
Atlántico,Soledad,2023,2,Lesiones personales,139
Atlántico,Soledad,2023,2,Homicidio,19
Atlántico,Soledad,2023,2,Violencia intrafamiliar,102
Atlántico,Soledad,2023,2,Hurto a residencias,48
Atlántico,Soledad,2023,2,Extorsión,10
Atlántico,Soledad,2023,3,Hurto a personas,287
Atlántico,Soledad,2023,3,Hurto a comercio,62
Atlántico,Soledad,2023,3,Hurto de vehículos,47
Atlántico,Soledad,2023,3,Lesiones personales,173
Atlántico,Soledad,2023,3,Homicidio,19
Atlántico,Soledad,2023,3,Violencia intrafamiliar,106
Atlántico,Soledad,2023,3,Hurto a residencias,60
Atlántico,Soledad,2023,3,Extorsión,9
Atlántico,Soledad,2023,4,Hurto a personas,282
Atlántico,Soledad,2023,4,Hurto a comercio,56
Atlántico,Soledad,2023,4,Hurto de vehículos,66
Atlántico,Soledad,2023,4,Lesiones personales,183
Atlántico,Soledad,2023,4,Homicidio,14
Atlántico,Soledad,2023,4,Violencia intrafamiliar,123
Atlántico,Soledad,2023,4,Hurto a residencias,71
Atlántico,Soledad,2023,4,Extorsión,10
Atlántico,Soledad,2023,5,Hurto a personas,351
Atlántico,Soledad,2023,5,Hurto a comercio,69
Atlántico,Soledad,2023,5,Hurto de vehículos,52
Atlántico,Soledad,2023,5,Lesiones personales,196
Atlántico,Soledad,2023,5,Homicidio,15
Atlántico,Soledad,2023,5,Violencia intrafamiliar,117
Atlántico,Soledad,2023,5,Hurto a residencias,53
Atlántico,Soledad,2023,5,Extorsión,10
Atlántico,Soledad,2023,6,Hurto a personas,328
Atlántico,Soledad,2023,6,Hurto a comercio,90
Atlántico,Soledad,2023,6,Hurto de vehículos,64
Atlántico,Soledad,2023,6,Lesiones personales,161
Atlántico,Soledad,2023,6,Homicidio,15
Atlántico,Soledad,2023,6,Violencia intrafamiliar,110
Atlántico,Soledad,2023,6,Hurto a residencias,73
Atlántico,Soledad,2023,6,Extorsión,9
Atlántico,Soledad,2023,7,Hurto a personas,245
Atlántico,Soledad,2023,7,Hurto a comercio,68
Atlántico,Soledad,2023,7,Hurto de vehículos,44
Atlántico,Soledad,2023,7,Lesiones personales,173
Atlántico,Soledad,2023,7,Homicidio,16
Atlántico,Soledad,2023,7,Violencia intrafamiliar,113
Atlántico,Soledad,2023,7,Hurto a residencias,58
Atlántico,Soledad,2023,7,Extorsión,9
Atlántico,Soledad,2023,8,Hurto a personas,263
Atlántico,Soledad,2023,8,Hurto a comercio,58
Atlántico,Soledad,2023,8,Hurto de vehículos,56
Atlántico,Soledad,2023,8,Lesiones personales,183
Atlántico,Soledad,2023,8,Homicidio,15
Atlántico,Soledad,2023,8,Violencia intrafamiliar,116
Atlántico,Soledad,2023,8,Hurto a residencias,54
Atlántico,Soledad,2023,8,Extorsión,10
Atlántico,Soledad,2023,9,Hurto a personas,298
Atlántico,Soledad,2023,9,Hurto a comercio,89
Atlántico,Soledad,2023,9,Hurto de vehículos,46
Atlántico,Soledad,2023,9,Lesiones personales,186
Atlántico,Soledad,2023,9,Homicidio,13
Atlántico,Soledad,2023,9,Violencia intrafamiliar,97
Atlántico,Soledad,2023,9,Hurto a residencias,72
Atlántico,Soledad,2023,9,Extorsión,12
Atlántico,Soledad,2023,10,Hurto a personas,313
Atlántico,Soledad,2023,10,Hurto a comercio,92
Atlántico,Soledad,2023,10,Hurto de vehículos,56
Atlántico,Soledad,2023,10,Lesiones personales,143
Atlántico,Soledad,2023,10,Homicidio,13
Atlántico,Soledad,2023,10,Violencia intrafamiliar,104
Atlántico,Soledad,2023,10,Hurto a residencias,59
Atlántico,Soledad,2023,10,Extorsión,10
Atlántico,Soledad,2023,11,Hurto a personas,298
Atlántico,Soledad,2023,11,Hurto a comercio,97
Atlántico,Soledad,2023,11,Hurto de vehículos,63
Atlántico,Soledad,2023,11,Lesiones personales,189
Atlántico,Soledad,2023,11,Homicidio,17
Atlántico,Soledad,2023,11,Violencia intrafamiliar,101
Atlántico,Soledad,2023,11,Hurto a residencias,51
Atlántico,Soledad,2023,11,Extorsión,7
Atlántico,Soledad,2023,12,Hurto a personas,266
Atlántico,Soledad,2023,12,Hurto a comercio,78
Atlántico,Soledad,2023,12,Hurto de vehículos,56
Atlántico,Soledad,2023,12,Lesiones personales,241
Atlántico,Soledad,2023,12,Homicidio,19
Atlántico,Soledad,2023,12,Violencia intrafamiliar,143
Atlántico,Soledad,2023,12,Hurto a residencias,79
Atlántico,Soledad,2023,12,Extorsión,11
Atlántico,Soledad,2024,1,Hurto a personas,347
Atlántico,Soledad,2024,1,Hurto a comercio,78
Atlántico,Soledad,2024,1,Hurto de vehículos,58
Atlántico,Soledad,2024,1,Lesiones personales,204
Atlántico,Soledad,2024,1,Homicidio,16
Atlántico,Soledad,2024,1,Violencia intrafamiliar,113
Atlántico,Soledad,2024,1,Hurto a residencias,61
Atlántico,Soledad,2024,1,Extorsión,12
Atlántico,Soledad,2024,2,Hurto a personas,213
Atlántico,Soledad,2024,2,Hurto a comercio,79
Atlántico,Soledad,2024,2,Hurto de vehículos,49
Atlántico,Soledad,2024,2,Lesiones personales,148
Atlántico,Soledad,2024,2,Homicidio,13
Atlántico,Soledad,2024,2,Violencia intrafamiliar,138
Atlántico,Soledad,2024,2,Hurto a residencias,71
Atlántico,Soledad,2024,2,Extorsión,10
Atlántico,Soledad,2024,3,Hurto a personas,241
Atlántico,Soledad,2024,3,Hurto a comercio,73
Atlántico,Soledad,2024,3,Hurto de vehículos,65
Atlántico,Soledad,2024,3,Lesiones personales,181
Atlántico,Soledad,2024,3,Homicidio,13
Atlántico,Soledad,2024,3,Violencia intrafamiliar,125
Atlántico,Soledad,2024,3,Hurto a residencias,73
Atlántico,Soledad,2024,3,Extorsión,11
Atlántico,Soledad,2024,4,Hurto a personas,305
Atlántico,Soledad,2024,4,Hurto a comercio,59
Atlántico,Soledad,2024,4,Hurto de vehículos,42
Atlántico,Soledad,2024,4,Lesiones personales,174
Atlántico,Soledad,2024,4,Homicidio,15
Atlántico,Soledad,2024,4,Violencia intrafamiliar,117
Atlántico,Soledad,2024,4,Hurto a residencias,46
Atlántico,Soledad,2024,4,Extorsión,8
Atlántico,Soledad,2024,5,Hurto a personas,239
Atlántico,Soledad,2024,5,Hurto a comercio,80
Atlántico,Soledad,2024,5,Hurto de vehículos,48
Atlántico,Soledad,2024,5,Lesiones personales,157
Atlántico,Soledad,2024,5,Homicidio,13
Atlántico,Soledad,2024,5,Violencia intrafamiliar,140
Atlántico,Soledad,2024,5,Hurto a residencias,61
Atlántico,Soledad,2024,5,Extorsión,12
Atlántico,Soledad,2024,6,Hurto a personas,251
Atlántico,Soledad,2024,6,Hurto a comercio,75
Atlántico,Soledad,2024,6,Hurto de vehículos,66
Atlántico,Soledad,2024,6,Lesiones personales,194
Atlántico,Soledad,2024,6,Homicidio,17
Atlántico,Soledad,2024,6,Violencia intrafamiliar,131
Atlántico,Soledad,2024,6,Hurto a residencias,70
Atlántico,Soledad,2024,6,Extorsión,9
Atlántico,Soledad,2024,7,Hurto a personas,237
Atlántico,Soledad,2024,7,Hurto a comercio,56
Atlántico,Soledad,2024,7,Hurto de vehículos,59
Atlántico,Soledad,2024,7,Lesiones personales,193
Atlántico,Soledad,2024,7,Homicidio,15
Atlántico,Soledad,2024,7,Violencia intrafamiliar,93
Atlántico,Soledad,2024,7,Hurto a residencias,58
Atlántico,Soledad,2024,7,Extorsión,7
Atlántico,Soledad,2024,8,Hurto a personas,343
Atlántico,Soledad,2024,8,Hurto a comercio,76
Atlántico,Soledad,2024,8,Hurto de vehículos,47
Atlántico,Soledad,2024,8,Lesiones personales,195
Atlántico,Soledad,2024,8,Homicidio,14
Atlántico,Soledad,2024,8,Violencia intrafamiliar,122
Atlántico,Soledad,2024,8,Hurto a residencias,50
Atlántico,Soledad,2024,8,Extorsión,9
Atlántico,Soledad,2024,9,Hurto a personas,258
Atlántico,Soledad,2024,9,Hurto a comercio,62
Atlántico,Soledad,2024,9,Hurto de vehículos,64
Atlántico,Soledad,2024,9,Lesiones personales,195
Atlántico,Soledad,2024,9,Homicidio,18
Atlántico,Soledad,2024,9,Violencia intrafamiliar,104
Atlántico,Soledad,2024,9,Hurto a residencias,63
Atlántico,Soledad,2024,9,Extorsión,9
Atlántico,Soledad,2024,10,Hurto a personas,334
Atlántico,Soledad,2024,10,Hurto a comercio,73
Atlántico,Soledad,2024,10,Hurto de vehículos,60
Atlántico,Soledad,2024,10,Lesiones personales,200
Atlántico,Soledad,2024,10,Homicidio,16
Atlántico,Soledad,2024,10,Violencia intrafamiliar,121
Atlántico,Soledad,2024,10,Hurto a residencias,65
Atlántico,Soledad,2024,10,Extorsión,9
Atlántico,Soledad,2024,11,Hurto a personas,278
Atlántico,Soledad,2024,11,Hurto a comercio,77
Atlántico,Soledad,2024,11,Hurto de vehículos,51
Atlántico,Soledad,2024,11,Lesiones personales,145
Atlántico,Soledad,2024,11,Homicidio,17
Atlántico,Soledad,2024,11,Violencia intrafamiliar,104
Atlántico,Soledad,2024,11,Hurto a residencias,52
Atlántico,Soledad,2024,11,Extorsión,10
Atlántico,Soledad,2024,12,Hurto a personas,386
Atlántico,Soledad,2024,12,Hurto a comercio,84
Atlántico,Soledad,2024,12,Hurto de vehículos,65
Atlántico,Soledad,2024,12,Lesiones personales,200
Atlántico,Soledad,2024,12,Homicidio,15
Atlántico,Soledad,2024,12,Violencia intrafamiliar,153
Atlántico,Soledad,2024,12,Hurto a residencias,68
Atlántico,Soledad,2024,12,Extorsión,9
Bolívar,Cartagena,2020,1,Hurto a personas,424
Bolívar,Cartagena,2020,1,Hurto a comercio,108
Bolívar,Cartagena,2020,1,Hurto de vehículos,83
Bolívar,Cartagena,2020,1,Lesiones personales,342
Bolívar,Cartagena,2020,1,Homicidio,30
Bolívar,Cartagena,2020,1,Violencia intrafamiliar,170
Bolívar,Cartagena,2020,1,Hurto a residencias,125
Bolívar,Cartagena,2020,1,Extorsión,15
Bolívar,Cartagena,2020,2,Hurto a personas,463
Bolívar,Cartagena,2020,2,Hurto a comercio,143
Bolívar,Cartagena,2020,2,Hurto de vehículos,88
Bolívar,Cartagena,2020,2,Lesiones personales,292
Bolívar,Cartagena,2020,2,Homicidio,21
Bolívar,Cartagena,2020,2,Violencia intrafamiliar,176
Bolívar,Cartagena,2020,2,Hurto a residencias,115
Bolívar,Cartagena,2020,2,Extorsión,18
Bolívar,Cartagena,2020,3,Hurto a personas,495
Bolívar,Cartagena,2020,3,Hurto a comercio,105
Bolívar,Cartagena,2020,3,Hurto de vehículos,70
Bolívar,Cartagena,2020,3,Lesiones personales,314
Bolívar,Cartagena,2020,3,Homicidio,25
Bolívar,Cartagena,2020,3,Violencia intrafamiliar,195
Bolívar,Cartagena,2020,3,Hurto a residencias,91
Bolívar,Cartagena,2020,3,Extorsión,13
Bolívar,Cartagena,2020,4,Hurto a personas,454
Bolívar,Cartagena,2020,4,Hurto a comercio,122
Bolívar,Cartagena,2020,4,Hurto de vehículos,82
Bolívar,Cartagena,2020,4,Lesiones personales,289
Bolívar,Cartagena,2020,4,Homicidio,21
Bolívar,Cartagena,2020,4,Violencia intrafamiliar,185
Bolívar,Cartagena,2020,4,Hurto a residencias,85
Bolívar,Cartagena,2020,4,Extorsión,18
Bolívar,Cartagena,2020,5,Hurto a personas,438
Bolívar,Cartagena,2020,5,Hurto a comercio,126
Bolívar,Cartagena,2020,5,Hurto de vehículos,71
Bolívar,Cartagena,2020,5,Lesiones personales,300
Bolívar,Cartagena,2020,5,Homicidio,27
Bolívar,Cartagena,2020,5,Violencia intrafamiliar,168
Bolívar,Cartagena,2020,5,Hurto a residencias,76
Bolívar,Cartagena,2020,5,Extorsión,16
Bolívar,Cartagena,2020,6,Hurto a personas,459
Bolívar,Cartagena,2020,6,Hurto a comercio,129
Bolívar,Cartagena,2020,6,Hurto de vehículos,83
Bolívar,Cartagena,2020,6,Lesiones personales,251
Bolívar,Cartagena,2020,6,Homicidio,21
Bolívar,Cartagena,2020,6,Violencia intrafamiliar,181
Bolívar,Cartagena,2020,6,Hurto a residencias,113
Bolívar,Cartagena,2020,6,Extorsión,18
Bolívar,Cartagena,2020,7,Hurto a personas,430
Bolívar,Cartagena,2020,7,Hurto a comercio,93
Bolívar,Cartagena,2020,7,Hurto de vehículos,80
Bolívar,Cartagena,2020,7,Lesiones personales,283
Bolívar,Cartagena,2020,7,Homicidio,24
Bolívar,Cartagena,2020,7,Violencia intrafamiliar,181
Bolívar,Cartagena,2020,7,Hurto a residencias,89
Bolívar,Cartagena,2020,7,Extorsión,16
Bolívar,Cartagena,2020,8,Hurto a personas,425
Bolívar,Cartagena,2020,8,Hurto a comercio,144
Bolívar,Cartagena,2020,8,Hurto de vehículos,102
Bolívar,Cartagena,2020,8,Lesiones personales,287
Bolívar,Cartagena,2020,8,Homicidio,20
Bolívar,Cartagena,2020,8,Violencia intrafamiliar,170
Bolívar,Cartagena,2020,8,Hurto a residencias,81
Bolívar,Cartagena,2020,8,Extorsión,16
Bolívar,Cartagena,2020,9,Hurto a personas,511
Bolívar,Cartagena,2020,9,Hurto a comercio,123
Bolívar,Cartagena,2020,9,Hurto de vehículos,78
Bolívar,Cartagena,2020,9,Lesiones personales,278
Bolívar,Cartagena,2020,9,Homicidio,27
Bolívar,Cartagena,2020,9,Violencia intrafamiliar,142
Bolívar,Cartagena,2020,9,Hurto a residencias,86
Bolívar,Cartagena,2020,9,Extorsión,13
Bolívar,Cartagena,2020,10,Hurto a personas,420
Bolívar,Cartagena,2020,10,Hurto a comercio,109
Bolívar,Cartagena,2020,10,Hurto de vehículos,86
Bolívar,Cartagena,2020,10,Lesiones personales,257
Bolívar,Cartagena,2020,10,Homicidio,24
Bolívar,Cartagena,2020,10,Violencia intrafamiliar,180
Bolívar,Cartagena,2020,10,Hurto a residencias,86
Bolívar,Cartagena,2020,10,Extorsión,12
Bolívar,Cartagena,2020,11,Hurto a personas,418
Bolívar,Cartagena,2020,11,Hurto a comercio,130
Bolívar,Cartagena,2020,11,Hurto de vehículos,88
Bolívar,Cartagena,2020,11,Lesiones personales,227
Bolívar,Cartagena,2020,11,Homicidio,21
Bolívar,Cartagena,2020,11,Violencia intrafamiliar,183
Bolívar,Cartagena,2020,11,Hurto a residencias,111
Bolívar,Cartagena,2020,11,Extorsión,14
Bolívar,Cartagena,2020,12,Hurto a personas,553
Bolívar,Cartagena,2020,12,Hurto a comercio,127
Bolívar,Cartagena,2020,12,Hurto de vehículos,105
Bolívar,Cartagena,2020,12,Lesiones personales,396
Bolívar,Cartagena,2020,12,Homicidio,23
Bolívar,Cartagena,2020,12,Violencia intrafamiliar,238
Bolívar,Cartagena,2020,12,Hurto a residencias,117
Bolívar,Cartagena,2020,12,Extorsión,14
Bolívar,Cartagena,2021,1,Hurto a personas,495
Bolívar,Cartagena,2021,1,Hurto a comercio,118
Bolívar,Cartagena,2021,1,Hurto de vehículos,98
Bolívar,Cartagena,2021,1,Lesiones personales,348
Bolívar,Cartagena,2021,1,Homicidio,29
Bolívar,Cartagena,2021,1,Violencia intrafamiliar,191
Bolívar,Cartagena,2021,1,Hurto a residencias,96
Bolívar,Cartagena,2021,1,Extorsión,14
Bolívar,Cartagena,2021,2,Hurto a personas,418
Bolívar,Cartagena,2021,2,Hurto a comercio,144
Bolívar,Cartagena,2021,2,Hurto de vehículos,95
Bolívar,Cartagena,2021,2,Lesiones personales,244
Bolívar,Cartagena,2021,2,Homicidio,23
Bolívar,Cartagena,2021,2,Violencia intrafamiliar,179
Bolívar,Cartagena,2021,2,Hurto a residencias,90
Bolívar,Cartagena,2021,2,Extorsión,12
Bolívar,Cartagena,2021,3,Hurto a personas,492
Bolívar,Cartagena,2021,3,Hurto a comercio,95
Bolívar,Cartagena,2021,3,Hurto de vehículos,97
Bolívar,Cartagena,2021,3,Lesiones personales,256
Bolívar,Cartagena,2021,3,Homicidio,22
Bolívar,Cartagena,2021,3,Violencia intrafamiliar,221
Bolívar,Cartagena,2021,3,Hurto a residencias,96
Bolívar,Cartagena,2021,3,Extorsión,15
Bolívar,Cartagena,2021,4,Hurto a personas,384
Bolívar,Cartagena,2021,4,Hurto a comercio,147
Bolívar,Cartagena,2021,4,Hurto de vehículos,100
Bolívar,Cartagena,2021,4,Lesiones personales,295
Bolívar,Cartagena,2021,4,Homicidio,22
Bolívar,Cartagena,2021,4,Violencia intrafamiliar,144
Bolívar,Cartagena,2021,4,Hurto a residencias,82
Bolívar,Cartagena,2021,4,Extorsión,14
Bolívar,Cartagena,2021,5,Hurto a personas,490
Bolívar,Cartagena,2021,5,Hurto a comercio,103
Bolívar,Cartagena,2021,5,Hurto de vehículos,71
Bolívar,Cartagena,2021,5,Lesiones personales,263
Bolívar,Cartagena,2021,5,Homicidio,19
Bolívar,Cartagena,2021,5,Violencia intrafamiliar,203
Bolívar,Cartagena,2021,5,Hurto a residencias,110
Bolívar,Cartagena,2021,5,Extorsión,13
Bolívar,Cartagena,2021,6,Hurto a personas,392
Bolívar,Cartagena,2021,6,Hurto a comercio,103
Bolívar,Cartagena,2021,6,Hurto de vehículos,94
Bolívar,Cartagena,2021,6,Lesiones personales,292
Bolívar,Cartagena,2021,6,Homicidio,27
Bolívar,Cartagena,2021,6,Violencia intrafamiliar,199
Bolívar,Cartagena,2021,6,Hurto a residencias,98
Bolívar,Cartagena,2021,6,Extorsión,13
Bolívar,Cartagena,2021,7,Hurto a personas,424
Bolívar,Cartagena,2021,7,Hurto a comercio,108
Bolívar,Cartagena,2021,7,Hurto de vehículos,95
Bolívar,Cartagena,2021,7,Lesiones personales,236
Bolívar,Cartagena,2021,7,Homicidio,23
Bolívar,Cartagena,2021,7,Violencia intrafamiliar,156
Bolívar,Cartagena,2021,7,Hurto a residencias,96
Bolívar,Cartagena,2021,7,Extorsión,16
Bolívar,Cartagena,2021,8,Hurto a personas,385
Bolívar,Cartagena,2021,8,Hurto a comercio,118
Bolívar,Cartagena,2021,8,Hurto de vehículos,91
Bolívar,Cartagena,2021,8,Lesiones personales,308
Bolívar,Cartagena,2021,8,Homicidio,21
Bolívar,Cartagena,2021,8,Violencia intrafamiliar,220
Bolívar,Cartagena,2021,8,Hurto a residencias,83
Bolívar,Cartagena,2021,8,Extorsión,16
Bolívar,Cartagena,2021,9,Hurto a personas,371
Bolívar,Cartagena,2021,9,Hurto a comercio,115
Bolívar,Cartagena,2021,9,Hurto de vehículos,70
Bolívar,Cartagena,2021,9,Lesiones personales,223
Bolívar,Cartagena,2021,9,Homicidio,24
Bolívar,Cartagena,2021,9,Violencia intrafamiliar,157
Bolívar,Cartagena,2021,9,Hurto a residencias,116
Bolívar,Cartagena,2021,9,Extorsión,12
Bolívar,Cartagena,2021,10,Hurto a personas,343
Bolívar,Cartagena,2021,10,Hurto a comercio,137
Bolívar,Cartagena,2021,10,Hurto de vehículos,105
Bolívar,Cartagena,2021,10,Lesiones personales,244
Bolívar,Cartagena,2021,10,Homicidio,19
Bolívar,Cartagena,2021,10,Violencia intrafamiliar,165
Bolívar,Cartagena,2021,10,Hurto a residencias,88
Bolívar,Cartagena,2021,10,Extorsión,16
Bolívar,Cartagena,2021,11,Hurto a personas,440
Bolívar,Cartagena,2021,11,Hurto a comercio,126
Bolívar,Cartagena,2021,11,Hurto de vehículos,80
Bolívar,Cartagena,2021,11,Lesiones personales,295
Bolívar,Cartagena,2021,11,Homicidio,27
Bolívar,Cartagena,2021,11,Violencia intrafamiliar,164
Bolívar,Cartagena,2021,11,Hurto a residencias,106
Bolívar,Cartagena,2021,11,Extorsión,13
Bolívar,Cartagena,2021,12,Hurto a personas,582
Bolívar,Cartagena,2021,12,Hurto a comercio,137
Bolívar,Cartagena,2021,12,Hurto de vehículos,111
Bolívar,Cartagena,2021,12,Lesiones personales,360
Bolívar,Cartagena,2021,12,Homicidio,25
Bolívar,Cartagena,2021,12,Violencia intrafamiliar,172
Bolívar,Cartagena,2021,12,Hurto a residencias,119
Bolívar,Cartagena,2021,12,Extorsión,14
Bolívar,Cartagena,2022,1,Hurto a personas,412
Bolívar,Cartagena,2022,1,Hurto a comercio,131
Bolívar,Cartagena,2022,1,Hurto de vehículos,85
Bolívar,Cartagena,2022,1,Lesiones personales,251
Bolívar,Cartagena,2022,1,Homicidio,26
Bolívar,Cartagena,2022,1,Violencia intrafamiliar,175
Bolívar,Cartagena,2022,1,Hurto a residencias,112
Bolívar,Cartagena,2022,1,Extorsión,14
Bolívar,Cartagena,2022,2,Hurto a personas,459
Bolívar,Cartagena,2022,2,Hurto a comercio,96
Bolívar,Cartagena,2022,2,Hurto de vehículos,75
Bolívar,Cartagena,2022,2,Lesiones personales,282
Bolívar,Cartagena,2022,2,Homicidio,26
Bolívar,Cartagena,2022,2,Violencia intrafamiliar,189
Bolívar,Cartagena,2022,2,Hurto a residencias,70
Bolívar,Cartagena,2022,2,Extorsión,10
Bolívar,Cartagena,2022,3,Hurto a personas,368
Bolívar,Cartagena,2022,3,Hurto a comercio,128
Bolívar,Cartagena,2022,3,Hurto de vehículos,82
Bolívar,Cartagena,2022,3,Lesiones personales,235
Bolívar,Cartagena,2022,3,Homicidio,20
Bolívar,Cartagena,2022,3,Violencia intrafamiliar,164
Bolívar,Cartagena,2022,3,Hurto a residencias,97
Bolívar,Cartagena,2022,3,Extorsión,15
Bolívar,Cartagena,2022,4,Hurto a personas,460
Bolívar,Cartagena,2022,4,Hurto a comercio,132
Bolívar,Cartagena,2022,4,Hurto de vehículos,105
Bolívar,Cartagena,2022,4,Lesiones personales,220
Bolívar,Cartagena,2022,4,Homicidio,24
Bolívar,Cartagena,2022,4,Violencia intrafamiliar,178
Bolívar,Cartagena,2022,4,Hurto a residencias,75
Bolívar,Cartagena,2022,4,Extorsión,14
Bolívar,Cartagena,2022,5,Hurto a personas,359
Bolívar,Cartagena,2022,5,Hurto a comercio,112
Bolívar,Cartagena,2022,5,Hurto de vehículos,83
Bolívar,Cartagena,2022,5,Lesiones personales,249
Bolívar,Cartagena,2022,5,Homicidio,21
Bolívar,Cartagena,2022,5,Violencia intrafamiliar,142
Bolívar,Cartagena,2022,5,Hurto a residencias,97
Bolívar,Cartagena,2022,5,Extorsión,16
Bolívar,Cartagena,2022,6,Hurto a personas,490
Bolívar,Cartagena,2022,6,Hurto a comercio,142
Bolívar,Cartagena,2022,6,Hurto de vehículos,77
Bolívar,Cartagena,2022,6,Lesiones personales,301
Bolívar,Cartagena,2022,6,Homicidio,22
Bolívar,Cartagena,2022,6,Violencia intrafamiliar,169
Bolívar,Cartagena,2022,6,Hurto a residencias,82
Bolívar,Cartagena,2022,6,Extorsión,14
Bolívar,Cartagena,2022,7,Hurto a personas,454
Bolívar,Cartagena,2022,7,Hurto a comercio,88
Bolívar,Cartagena,2022,7,Hurto de vehículos,92
Bolívar,Cartagena,2022,7,Lesiones personales,290
Bolívar,Cartagena,2022,7,Homicidio,23
Bolívar,Cartagena,2022,7,Violencia intrafamiliar,150
Bolívar,Cartagena,2022,7,Hurto a residencias,94
Bolívar,Cartagena,2022,7,Extorsión,15
Bolívar,Cartagena,2022,8,Hurto a personas,511
Bolívar,Cartagena,2022,8,Hurto a comercio,123
Bolívar,Cartagena,2022,8,Hurto de vehículos,74
Bolívar,Cartagena,2022,8,Lesiones personales,264
Bolívar,Cartagena,2022,8,Homicidio,22
Bolívar,Cartagena,2022,8,Violencia intrafamiliar,197
Bolívar,Cartagena,2022,8,Hurto a residencias,106
Bolívar,Cartagena,2022,8,Extorsión,14
Bolívar,Cartagena,2022,9,Hurto a personas,415
Bolívar,Cartagena,2022,9,Hurto a comercio,128
Bolívar,Cartagena,2022,9,Hurto de vehículos,81
Bolívar,Cartagena,2022,9,Lesiones personales,224
Bolívar,Cartagena,2022,9,Homicidio,24
Bolívar,Cartagena,2022,9,Violencia intrafamiliar,220
Bolívar,Cartagena,2022,9,Hurto a residencias,98
Bolívar,Cartagena,2022,9,Extorsión,11
Bolívar,Cartagena,2022,10,Hurto a personas,350
Bolívar,Cartagena,2022,10,Hurto a comercio,131
Bolívar,Cartagena,2022,10,Hurto de vehículos,85
Bolívar,Cartagena,2022,10,Lesiones personales,219
Bolívar,Cartagena,2022,10,Homicidio,22
Bolívar,Cartagena,2022,10,Violencia intrafamiliar,167
Bolívar,Cartagena,2022,10,Hurto a residencias,93
Bolívar,Cartagena,2022,10,Extorsión,13
Bolívar,Cartagena,2022,11,Hurto a personas,381
Bolívar,Cartagena,2022,11,Hurto a comercio,143
Bolívar,Cartagena,2022,11,Hurto de vehículos,65
Bolívar,Cartagena,2022,11,Lesiones personales,274
Bolívar,Cartagena,2022,11,Homicidio,25
Bolívar,Cartagena,2022,11,Violencia intrafamiliar,223
Bolívar,Cartagena,2022,11,Hurto a residencias,106
Bolívar,Cartagena,2022,11,Extorsión,14
Bolívar,Cartagena,2022,12,Hurto a personas,593
Bolívar,Cartagena,2022,12,Hurto a comercio,125
Bolívar,Cartagena,2022,12,Hurto de vehículos,86
Bolívar,Cartagena,2022,12,Lesiones personales,258
Bolívar,Cartagena,2022,12,Homicidio,31
Bolívar,Cartagena,2022,12,Violencia intrafamiliar,176
Bolívar,Cartagena,2022,12,Hurto a residencias,121
Bolívar,Cartagena,2022,12,Extorsión,16
Bolívar,Cartagena,2023,1,Hurto a personas,548
Bolívar,Cartagena,2023,1,Hurto a comercio,140
Bolívar,Cartagena,2023,1,Hurto de vehículos,100
Bolívar,Cartagena,2023,1,Lesiones personales,274
Bolívar,Cartagena,2023,1,Homicidio,20
Bolívar,Cartagena,2023,1,Violencia intrafamiliar,148
Bolívar,Cartagena,2023,1,Hurto a residencias,105
Bolívar,Cartagena,2023,1,Extorsión,18
Bolívar,Cartagena,2023,2,Hurto a personas,413
Bolívar,Cartagena,2023,2,Hurto a comercio,99
Bolívar,Cartagena,2023,2,Hurto de vehículos,82
Bolívar,Cartagena,2023,2,Lesiones personales,304
Bolívar,Cartagena,2023,2,Homicidio,23
Bolívar,Cartagena,2023,2,Violencia intrafamiliar,147
Bolívar,Cartagena,2023,2,Hurto a residencias,76
Bolívar,Cartagena,2023,2,Extorsión,13
Bolívar,Cartagena,2023,3,Hurto a personas,483
Bolívar,Cartagena,2023,3,Hurto a comercio,114
Bolívar,Cartagena,2023,3,Hurto de vehículos,77
Bolívar,Cartagena,2023,3,Lesiones personales,314
Bolívar,Cartagena,2023,3,Homicidio,18
Bolívar,Cartagena,2023,3,Violencia intrafamiliar,190
Bolívar,Cartagena,2023,3,Hurto a residencias,84
Bolívar,Cartagena,2023,3,Extorsión,16
Bolívar,Cartagena,2023,4,Hurto a personas,409
Bolívar,Cartagena,2023,4,Hurto a comercio,139
Bolívar,Cartagena,2023,4,Hurto de vehículos,70
Bolívar,Cartagena,2023,4,Lesiones personales,279
Bolívar,Cartagena,2023,4,Homicidio,28
Bolívar,Cartagena,2023,4,Violencia intrafamiliar,164
Bolívar,Cartagena,2023,4,Hurto a residencias,105
Bolívar,Cartagena,2023,4,Extorsión,12
Bolívar,Cartagena,2023,5,Hurto a personas,370
Bolívar,Cartagena,2023,5,Hurto a comercio,91
Bolívar,Cartagena,2023,5,Hurto de vehículos,80
Bolívar,Cartagena,2023,5,Lesiones personales,265
Bolívar,Cartagena,2023,5,Homicidio,20
Bolívar,Cartagena,2023,5,Violencia intrafamiliar,181
Bolívar,Cartagena,2023,5,Hurto a residencias,100
Bolívar,Cartagena,2023,5,Extorsión,16
Bolívar,Cartagena,2023,6,Hurto a personas,368
Bolívar,Cartagena,2023,6,Hurto a comercio,124
Bolívar,Cartagena,2023,6,Hurto de vehículos,100
Bolívar,Cartagena,2023,6,Lesiones personales,320
Bolívar,Cartagena,2023,6,Homicidio,25
Bolívar,Cartagena,2023,6,Violencia intrafamiliar,170
Bolívar,Cartagena,2023,6,Hurto a residencias,98
Bolívar,Cartagena,2023,6,Extorsión,15
Bolívar,Cartagena,2023,7,Hurto a personas,491
Bolívar,Cartagena,2023,7,Hurto a comercio,95
Bolívar,Cartagena,2023,7,Hurto de vehículos,79
Bolívar,Cartagena,2023,7,Lesiones personales,244
Bolívar,Cartagena,2023,7,Homicidio,19
Bolívar,Cartagena,2023,7,Violencia intrafamiliar,179
Bolívar,Cartagena,2023,7,Hurto a residencias,87
Bolívar,Cartagena,2023,7,Extorsión,13
Bolívar,Cartagena,2023,8,Hurto a personas,383
Bolívar,Cartagena,2023,8,Hurto a comercio,98
Bolívar,Cartagena,2023,8,Hurto de vehículos,71
Bolívar,Cartagena,2023,8,Lesiones personales,283
Bolívar,Cartagena,2023,8,Homicidio,19
Bolívar,Cartagena,2023,8,Violencia intrafamiliar,174
Bolívar,Cartagena,2023,8,Hurto a residencias,103
Bolívar,Cartagena,2023,8,Extorsión,10
Bolívar,Cartagena,2023,9,Hurto a personas,541
Bolívar,Cartagena,2023,9,Hurto a comercio,104
Bolívar,Cartagena,2023,9,Hurto de vehículos,95
Bolívar,Cartagena,2023,9,Lesiones personales,265
Bolívar,Cartagena,2023,9,Homicidio,18
Bolívar,Cartagena,2023,9,Violencia intrafamiliar,193
Bolívar,Cartagena,2023,9,Hurto a residencias,88
Bolívar,Cartagena,2023,9,Extorsión,15
Bolívar,Cartagena,2023,10,Hurto a personas,406
Bolívar,Cartagena,2023,10,Hurto a comercio,104
Bolívar,Cartagena,2023,10,Hurto de vehículos,70
Bolívar,Cartagena,2023,10,Lesiones personales,246
Bolívar,Cartagena,2023,10,Homicidio,27
Bolívar,Cartagena,2023,10,Violencia intrafamiliar,189
Bolívar,Cartagena,2023,10,Hurto a residencias,106
Bolívar,Cartagena,2023,10,Extorsión,11
Bolívar,Cartagena,2023,11,Hurto a personas,383
Bolívar,Cartagena,2023,11,Hurto a comercio,128
Bolívar,Cartagena,2023,11,Hurto de vehículos,77
Bolívar,Cartagena,2023,11,Lesiones personales,206
Bolívar,Cartagena,2023,11,Homicidio,26
Bolívar,Cartagena,2023,11,Violencia intrafamiliar,166
Bolívar,Cartagena,2023,11,Hurto a residencias,105
Bolívar,Cartagena,2023,11,Extorsión,11
Bolívar,Cartagena,2023,12,Hurto a personas,398
Bolívar,Cartagena,2023,12,Hurto a comercio,139
Bolívar,Cartagena,2023,12,Hurto de vehículos,88
Bolívar,Cartagena,2023,12,Lesiones personales,259
Bolívar,Cartagena,2023,12,Homicidio,26
Bolívar,Cartagena,2023,12,Violencia intrafamiliar,158
Bolívar,Cartagena,2023,12,Hurto a residencias,113
Bolívar,Cartagena,2023,12,Extorsión,13
Bolívar,Cartagena,2024,1,Hurto a personas,438
Bolívar,Cartagena,2024,1,Hurto a comercio,115
Bolívar,Cartagena,2024,1,Hurto de vehículos,82
Bolívar,Cartagena,2024,1,Lesiones personales,285
Bolívar,Cartagena,2024,1,Homicidio,22
Bolívar,Cartagena,2024,1,Violencia intrafamiliar,185
Bolívar,Cartagena,2024,1,Hurto a residencias,90
Bolívar,Cartagena,2024,1,Extorsión,15
Bolívar,Cartagena,2024,2,Hurto a personas,412
Bolívar,Cartagena,2024,2,Hurto a comercio,130
Bolívar,Cartagena,2024,2,Hurto de vehículos,93
Bolívar,Cartagena,2024,2,Lesiones personales,298
Bolívar,Cartagena,2024,2,Homicidio,22
Bolívar,Cartagena,2024,2,Violencia intrafamiliar,156
Bolívar,Cartagena,2024,2,Hurto a residencias,103
Bolívar,Cartagena,2024,2,Extorsión,13
Bolívar,Cartagena,2024,3,Hurto a personas,352
Bolívar,Cartagena,2024,3,Hurto a comercio,89
Bolívar,Cartagena,2024,3,Hurto de vehículos,89
Bolívar,Cartagena,2024,3,Lesiones personales,185
Bolívar,Cartagena,2024,3,Homicidio,18
Bolívar,Cartagena,2024,3,Violencia intrafamiliar,188
Bolívar,Cartagena,2024,3,Hurto a residencias,94
Bolívar,Cartagena,2024,3,Extorsión,10
Bolívar,Cartagena,2024,4,Hurto a personas,394
Bolívar,Cartagena,2024,4,Hurto a comercio,88
Bolívar,Cartagena,2024,4,Hurto de vehículos,70
Bolívar,Cartagena,2024,4,Lesiones personales,227
Bolívar,Cartagena,2024,4,Homicidio,27
Bolívar,Cartagena,2024,4,Violencia intrafamiliar,196
Bolívar,Cartagena,2024,4,Hurto a residencias,77
Bolívar,Cartagena,2024,4,Extorsión,12
Bolívar,Cartagena,2024,5,Hurto a personas,354
Bolívar,Cartagena,2024,5,Hurto a comercio,108
Bolívar,Cartagena,2024,5,Hurto de vehículos,75
Bolívar,Cartagena,2024,5,Lesiones personales,261
Bolívar,Cartagena,2024,5,Homicidio,22
Bolívar,Cartagena,2024,5,Violencia intrafamiliar,169
Bolívar,Cartagena,2024,5,Hurto a residencias,84
Bolívar,Cartagena,2024,5,Extorsión,14
Bolívar,Cartagena,2024,6,Hurto a personas,528
Bolívar,Cartagena,2024,6,Hurto a comercio,99
Bolívar,Cartagena,2024,6,Hurto de vehículos,96
Bolívar,Cartagena,2024,6,Lesiones personales,313
Bolívar,Cartagena,2024,6,Homicidio,24
Bolívar,Cartagena,2024,6,Violencia intrafamiliar,193
Bolívar,Cartagena,2024,6,Hurto a residencias,92
Bolívar,Cartagena,2024,6,Extorsión,13
Bolívar,Cartagena,2024,7,Hurto a personas,479
Bolívar,Cartagena,2024,7,Hurto a comercio,100
Bolívar,Cartagena,2024,7,Hurto de vehículos,76
Bolívar,Cartagena,2024,7,Lesiones personales,256
Bolívar,Cartagena,2024,7,Homicidio,25
Bolívar,Cartagena,2024,7,Violencia intrafamiliar,192
Bolívar,Cartagena,2024,7,Hurto a residencias,86
Bolívar,Cartagena,2024,7,Extorsión,14
Bolívar,Cartagena,2024,8,Hurto a personas,418
Bolívar,Cartagena,2024,8,Hurto a comercio,119
Bolívar,Cartagena,2024,8,Hurto de vehículos,89
Bolívar,Cartagena,2024,8,Lesiones personales,289
Bolívar,Cartagena,2024,8,Homicidio,21
Bolívar,Cartagena,2024,8,Violencia intrafamiliar,146
Bolívar,Cartagena,2024,8,Hurto a residencias,97
Bolívar,Cartagena,2024,8,Extorsión,14
Bolívar,Cartagena,2024,9,Hurto a personas,430
Bolívar,Cartagena,2024,9,Hurto a comercio,111
Bolívar,Cartagena,2024,9,Hurto de vehículos,83
Bolívar,Cartagena,2024,9,Lesiones personales,262
Bolívar,Cartagena,2024,9,Homicidio,18
Bolívar,Cartagena,2024,9,Violencia intrafamiliar,129
Bolívar,Cartagena,2024,9,Hurto a residencias,95
Bolívar,Cartagena,2024,9,Extorsión,10
Bolívar,Cartagena,2024,10,Hurto a personas,469
Bolívar,Cartagena,2024,10,Hurto a comercio,122
Bolívar,Cartagena,2024,10,Hurto de vehículos,81
Bolívar,Cartagena,2024,10,Lesiones personales,226
Bolívar,Cartagena,2024,10,Homicidio,23
Bolívar,Cartagena,2024,10,Violencia intrafamiliar,199
Bolívar,Cartagena,2024,10,Hurto a residencias,86
Bolívar,Cartagena,2024,10,Extorsión,12
Bolívar,Cartagena,2024,11,Hurto a personas,409
Bolívar,Cartagena,2024,11,Hurto a comercio,113
Bolívar,Cartagena,2024,11,Hurto de vehículos,83
Bolívar,Cartagena,2024,11,Lesiones personales,293
Bolívar,Cartagena,2024,11,Homicidio,25
Bolívar,Cartagena,2024,11,Violencia intrafamiliar,175
Bolívar,Cartagena,2024,11,Hurto a residencias,85
Bolívar,Cartagena,2024,11,Extorsión,13
Bolívar,Cartagena,2024,12,Hurto a personas,406
Bolívar,Cartagena,2024,12,Hurto a comercio,109
Bolívar,Cartagena,2024,12,Hurto de vehículos,103
Bolívar,Cartagena,2024,12,Lesiones personales,256
Bolívar,Cartagena,2024,12,Homicidio,25
Bolívar,Cartagena,2024,12,Violencia intrafamiliar,197
Bolívar,Cartagena,2024,12,Hurto a residencias,115
Bolívar,Cartagena,2024,12,Extorsión,13
Norte de Santander,Cúcuta,2020,1,Hurto a personas,333
Norte de Santander,Cúcuta,2020,1,Hurto a comercio,94
Norte de Santander,Cúcuta,2020,1,Hurto de vehículos,87
Norte de Santander,Cúcuta,2020,1,Lesiones personales,215
Norte de Santander,Cúcuta,2020,1,Homicidio,24
Norte de Santander,Cúcuta,2020,1,Violencia intrafamiliar,171
Norte de Santander,Cúcuta,2020,1,Hurto a residencias,77
Norte de Santander,Cúcuta,2020,1,Extorsión,13
Norte de Santander,Cúcuta,2020,2,Hurto a personas,402
Norte de Santander,Cúcuta,2020,2,Hurto a comercio,101
Norte de Santander,Cúcuta,2020,2,Hurto de vehículos,53
Norte de Santander,Cúcuta,2020,2,Lesiones personales,301
Norte de Santander,Cúcuta,2020,2,Homicidio,18
Norte de Santander,Cúcuta,2020,2,Violencia intrafamiliar,111
Norte de Santander,Cúcuta,2020,2,Hurto a residencias,97
Norte de Santander,Cúcuta,2020,2,Extorsión,11
Norte de Santander,Cúcuta,2020,3,Hurto a personas,359
Norte de Santander,Cúcuta,2020,3,Hurto a comercio,88
Norte de Santander,Cúcuta,2020,3,Hurto de vehículos,64
Norte de Santander,Cúcuta,2020,3,Lesiones personales,220
Norte de Santander,Cúcuta,2020,3,Homicidio,21
Norte de Santander,Cúcuta,2020,3,Violencia intrafamiliar,125
Norte de Santander,Cúcuta,2020,3,Hurto a residencias,78
Norte de Santander,Cúcuta,2020,3,Extorsión,14
Norte de Santander,Cúcuta,2020,4,Hurto a personas,433
Norte de Santander,Cúcuta,2020,4,Hurto a comercio,91
Norte de Santander,Cúcuta,2020,4,Hurto de vehículos,74
Norte de Santander,Cúcuta,2020,4,Lesiones personales,259
Norte de Santander,Cúcuta,2020,4,Homicidio,18
Norte de Santander,Cúcuta,2020,4,Violencia intrafamiliar,121
Norte de Santander,Cúcuta,2020,4,Hurto a residencias,77
Norte de Santander,Cúcuta,2020,4,Extorsión,15
Norte de Santander,Cúcuta,2020,5,Hurto a personas,382
Norte de Santander,Cúcuta,2020,5,Hurto a comercio,108
Norte de Santander,Cúcuta,2020,5,Hurto de vehículos,59
Norte de Santander,Cúcuta,2020,5,Lesiones personales,294
Norte de Santander,Cúcuta,2020,5,Homicidio,18
Norte de Santander,Cúcuta,2020,5,Violencia intrafamiliar,141
Norte de Santander,Cúcuta,2020,5,Hurto a residencias,69
Norte de Santander,Cúcuta,2020,5,Extorsión,12
Norte de Santander,Cúcuta,2020,6,Hurto a personas,357
Norte de Santander,Cúcuta,2020,6,Hurto a comercio,100
Norte de Santander,Cúcuta,2020,6,Hurto de vehículos,71
Norte de Santander,Cúcuta,2020,6,Lesiones personales,241
Norte de Santander,Cúcuta,2020,6,Homicidio,23
Norte de Santander,Cúcuta,2020,6,Violencia intrafamiliar,141
Norte de Santander,Cúcuta,2020,6,Hurto a residencias,100
Norte de Santander,Cúcuta,2020,6,Extorsión,13
Norte de Santander,Cúcuta,2020,7,Hurto a personas,296
Norte de Santander,Cúcuta,2020,7,Hurto a comercio,104
Norte de Santander,Cúcuta,2020,7,Hurto de vehículos,68
Norte de Santander,Cúcuta,2020,7,Lesiones personales,183
Norte de Santander,Cúcuta,2020,7,Homicidio,18
Norte de Santander,Cúcuta,2020,7,Violencia intrafamiliar,133
Norte de Santander,Cúcuta,2020,7,Hurto a residencias,84
Norte de Santander,Cúcuta,2020,7,Extorsión,12
Norte de Santander,Cúcuta,2020,8,Hurto a personas,372
Norte de Santander,Cúcuta,2020,8,Hurto a comercio,83
Norte de Santander,Cúcuta,2020,8,Hurto de vehículos,75
Norte de Santander,Cúcuta,2020,8,Lesiones personales,270
Norte de Santander,Cúcuta,2020,8,Homicidio,17
Norte de Santander,Cúcuta,2020,8,Violencia intrafamiliar,173
Norte de Santander,Cúcuta,2020,8,Hurto a residencias,91
Norte de Santander,Cúcuta,2020,8,Extorsión,12
Norte de Santander,Cúcuta,2020,9,Hurto a personas,330
Norte de Santander,Cúcuta,2020,9,Hurto a comercio,89
Norte de Santander,Cúcuta,2020,9,Hurto de vehículos,86
Norte de Santander,Cúcuta,2020,9,Lesiones personales,216
Norte de Santander,Cúcuta,2020,9,Homicidio,16
Norte de Santander,Cúcuta,2020,9,Violencia intrafamiliar,173
Norte de Santander,Cúcuta,2020,9,Hurto a residencias,76
Norte de Santander,Cúcuta,2020,9,Extorsión,12
Norte de Santander,Cúcuta,2020,10,Hurto a personas,430
Norte de Santander,Cúcuta,2020,10,Hurto a comercio,103
Norte de Santander,Cúcuta,2020,10,Hurto de vehículos,70
Norte de Santander,Cúcuta,2020,10,Lesiones personales,235
Norte de Santander,Cúcuta,2020,10,Homicidio,24
Norte de Santander,Cúcuta,2020,10,Violencia intrafamiliar,144
Norte de Santander,Cúcuta,2020,10,Hurto a residencias,99
Norte de Santander,Cúcuta,2020,10,Extorsión,10
Norte de Santander,Cúcuta,2020,11,Hurto a personas,407
Norte de Santander,Cúcuta,2020,11,Hurto a comercio,98
Norte de Santander,Cúcuta,2020,11,Hurto de vehículos,71
Norte de Santander,Cúcuta,2020,11,Lesiones personales,235
Norte de Santander,Cúcuta,2020,11,Homicidio,18
Norte de Santander,Cúcuta,2020,11,Violencia intrafamiliar,144
Norte de Santander,Cúcuta,2020,11,Hurto a residencias,95
Norte de Santander,Cúcuta,2020,11,Extorsión,12
Norte de Santander,Cúcuta,2020,12,Hurto a personas,345
Norte de Santander,Cúcuta,2020,12,Hurto a comercio,117
Norte de Santander,Cúcuta,2020,12,Hurto de vehículos,63
Norte de Santander,Cúcuta,2020,12,Lesiones personales,311
Norte de Santander,Cúcuta,2020,12,Homicidio,20
Norte de Santander,Cúcuta,2020,12,Violencia intrafamiliar,155
Norte de Santander,Cúcuta,2020,12,Hurto a residencias,88
Norte de Santander,Cúcuta,2020,12,Extorsión,16
Norte de Santander,Cúcuta,2021,1,Hurto a personas,310
Norte de Santander,Cúcuta,2021,1,Hurto a comercio,96
Norte de Santander,Cúcuta,2021,1,Hurto de vehículos,67
Norte de Santander,Cúcuta,2021,1,Lesiones personales,265
Norte de Santander,Cúcuta,2021,1,Homicidio,20
Norte de Santander,Cúcuta,2021,1,Violencia intrafamiliar,178
Norte de Santander,Cúcuta,2021,1,Hurto a residencias,65
Norte de Santander,Cúcuta,2021,1,Extorsión,12
Norte de Santander,Cúcuta,2021,2,Hurto a personas,367
Norte de Santander,Cúcuta,2021,2,Hurto a comercio,88
Norte de Santander,Cúcuta,2021,2,Hurto de vehículos,76
Norte de Santander,Cúcuta,2021,2,Lesiones personales,246
Norte de Santander,Cúcuta,2021,2,Homicidio,16
Norte de Santander,Cúcuta,2021,2,Violencia intrafamiliar,122
Norte de Santander,Cúcuta,2021,2,Hurto a residencias,69
Norte de Santander,Cúcuta,2021,2,Extorsión,11
Norte de Santander,Cúcuta,2021,3,Hurto a personas,426
Norte de Santander,Cúcuta,2021,3,Hurto a comercio,84
Norte de Santander,Cúcuta,2021,3,Hurto de vehículos,64
Norte de Santander,Cúcuta,2021,3,Lesiones personales,205
Norte de Santander,Cúcuta,2021,3,Homicidio,15
Norte de Santander,Cúcuta,2021,3,Violencia intrafamiliar,156
Norte de Santander,Cúcuta,2021,3,Hurto a residencias,55
Norte de Santander,Cúcuta,2021,3,Extorsión,13
Norte de Santander,Cúcuta,2021,4,Hurto a personas,351
Norte de Santander,Cúcuta,2021,4,Hurto a comercio,114
Norte de Santander,Cúcuta,2021,4,Hurto de vehículos,62
Norte de Santander,Cúcuta,2021,4,Lesiones personales,251
Norte de Santander,Cúcuta,2021,4,Homicidio,16
Norte de Santander,Cúcuta,2021,4,Violencia intrafamiliar,154
Norte de Santander,Cúcuta,2021,4,Hurto a residencias,66
Norte de Santander,Cúcuta,2021,4,Extorsión,12
Norte de Santander,Cúcuta,2021,5,Hurto a personas,459
Norte de Santander,Cúcuta,2021,5,Hurto a comercio,93
Norte de Santander,Cúcuta,2021,5,Hurto de vehículos,58
Norte de Santander,Cúcuta,2021,5,Lesiones personales,245
Norte de Santander,Cúcuta,2021,5,Homicidio,17
Norte de Santander,Cúcuta,2021,5,Violencia intrafamiliar,142
Norte de Santander,Cúcuta,2021,5,Hurto a residencias,78
Norte de Santander,Cúcuta,2021,5,Extorsión,10
Norte de Santander,Cúcuta,2021,6,Hurto a personas,312
Norte de Santander,Cúcuta,2021,6,Hurto a comercio,94
Norte de Santander,Cúcuta,2021,6,Hurto de vehículos,76
Norte de Santander,Cúcuta,2021,6,Lesiones personales,248
Norte de Santander,Cúcuta,2021,6,Homicidio,23
Norte de Santander,Cúcuta,2021,6,Violencia intrafamiliar,132
Norte de Santander,Cúcuta,2021,6,Hurto a residencias,81
Norte de Santander,Cúcuta,2021,6,Extorsión,10
Norte de Santander,Cúcuta,2021,7,Hurto a personas,387
Norte de Santander,Cúcuta,2021,7,Hurto a comercio,91
Norte de Santander,Cúcuta,2021,7,Hurto de vehículos,57
Norte de Santander,Cúcuta,2021,7,Lesiones personales,245
Norte de Santander,Cúcuta,2021,7,Homicidio,15
Norte de Santander,Cúcuta,2021,7,Violencia intrafamiliar,156
Norte de Santander,Cúcuta,2021,7,Hurto a residencias,86
Norte de Santander,Cúcuta,2021,7,Extorsión,11
Norte de Santander,Cúcuta,2021,8,Hurto a personas,314
Norte de Santander,Cúcuta,2021,8,Hurto a comercio,77
Norte de Santander,Cúcuta,2021,8,Hurto de vehículos,82
Norte de Santander,Cúcuta,2021,8,Lesiones personales,189
Norte de Santander,Cúcuta,2021,8,Homicidio,23
Norte de Santander,Cúcuta,2021,8,Violencia intrafamiliar,119
Norte de Santander,Cúcuta,2021,8,Hurto a residencias,64
Norte de Santander,Cúcuta,2021,8,Extorsión,12
Norte de Santander,Cúcuta,2021,9,Hurto a personas,356
Norte de Santander,Cúcuta,2021,9,Hurto a comercio,92
Norte de Santander,Cúcuta,2021,9,Hurto de vehículos,73
Norte de Santander,Cúcuta,2021,9,Lesiones personales,254
Norte de Santander,Cúcuta,2021,9,Homicidio,19
Norte de Santander,Cúcuta,2021,9,Violencia intrafamiliar,104
Norte de Santander,Cúcuta,2021,9,Hurto a residencias,92
Norte de Santander,Cúcuta,2021,9,Extorsión,11
Norte de Santander,Cúcuta,2021,10,Hurto a personas,334
Norte de Santander,Cúcuta,2021,10,Hurto a comercio,99
Norte de Santander,Cúcuta,2021,10,Hurto de vehículos,67
Norte de Santander,Cúcuta,2021,10,Lesiones personales,195
Norte de Santander,Cúcuta,2021,10,Homicidio,20
Norte de Santander,Cúcuta,2021,10,Violencia intrafamiliar,174
Norte de Santander,Cúcuta,2021,10,Hurto a residencias,75
Norte de Santander,Cúcuta,2021,10,Extorsión,13
Norte de Santander,Cúcuta,2021,11,Hurto a personas,341
Norte de Santander,Cúcuta,2021,11,Hurto a comercio,73
Norte de Santander,Cúcuta,2021,11,Hurto de vehículos,53
Norte de Santander,Cúcuta,2021,11,Lesiones personales,280
Norte de Santander,Cúcuta,2021,11,Homicidio,18
Norte de Santander,Cúcuta,2021,11,Violencia intrafamiliar,112
Norte de Santander,Cúcuta,2021,11,Hurto a residencias,61
Norte de Santander,Cúcuta,2021,11,Extorsión,12
Norte de Santander,Cúcuta,2021,12,Hurto a personas,432
Norte de Santander,Cúcuta,2021,12,Hurto a comercio,106
Norte de Santander,Cúcuta,2021,12,Hurto de vehículos,83
Norte de Santander,Cúcuta,2021,12,Lesiones personales,223
Norte de Santander,Cúcuta,2021,12,Homicidio,19
Norte de Santander,Cúcuta,2021,12,Violencia intrafamiliar,159
Norte de Santander,Cúcuta,2021,12,Hurto a residencias,86
Norte de Santander,Cúcuta,2021,12,Extorsión,12
Norte de Santander,Cúcuta,2022,1,Hurto a personas,384
Norte de Santander,Cúcuta,2022,1,Hurto a comercio,85
Norte de Santander,Cúcuta,2022,1,Hurto de vehículos,84
Norte de Santander,Cúcuta,2022,1,Lesiones personales,225
Norte de Santander,Cúcuta,2022,1,Homicidio,21
Norte de Santander,Cúcuta,2022,1,Violencia intrafamiliar,133
Norte de Santander,Cúcuta,2022,1,Hurto a residencias,81
Norte de Santander,Cúcuta,2022,1,Extorsión,12
Norte de Santander,Cúcuta,2022,2,Hurto a personas,381
Norte de Santander,Cúcuta,2022,2,Hurto a comercio,91
Norte de Santander,Cúcuta,2022,2,Hurto de vehículos,66
Norte de Santander,Cúcuta,2022,2,Lesiones personales,194
Norte de Santander,Cúcuta,2022,2,Homicidio,15
Norte de Santander,Cúcuta,2022,2,Violencia intrafamiliar,112
Norte de Santander,Cúcuta,2022,2,Hurto a residencias,55
Norte de Santander,Cúcuta,2022,2,Extorsión,11
Norte de Santander,Cúcuta,2022,3,Hurto a personas,428
Norte de Santander,Cúcuta,2022,3,Hurto a comercio,94
Norte de Santander,Cúcuta,2022,3,Hurto de vehículos,59
Norte de Santander,Cúcuta,2022,3,Lesiones personales,247
Norte de Santander,Cúcuta,2022,3,Homicidio,16
Norte de Santander,Cúcuta,2022,3,Violencia intrafamiliar,127
Norte de Santander,Cúcuta,2022,3,Hurto a residencias,60
Norte de Santander,Cúcuta,2022,3,Extorsión,12
Norte de Santander,Cúcuta,2022,4,Hurto a personas,318
Norte de Santander,Cúcuta,2022,4,Hurto a comercio,91
Norte de Santander,Cúcuta,2022,4,Hurto de vehículos,54
Norte de Santander,Cúcuta,2022,4,Lesiones personales,176
Norte de Santander,Cúcuta,2022,4,Homicidio,19
Norte de Santander,Cúcuta,2022,4,Violencia intrafamiliar,147
Norte de Santander,Cúcuta,2022,4,Hurto a residencias,80
Norte de Santander,Cúcuta,2022,4,Extorsión,10
Norte de Santander,Cúcuta,2022,5,Hurto a personas,447
Norte de Santander,Cúcuta,2022,5,Hurto a comercio,100
Norte de Santander,Cúcuta,2022,5,Hurto de vehículos,72
Norte de Santander,Cúcuta,2022,5,Lesiones personales,196
Norte de Santander,Cúcuta,2022,5,Homicidio,21
Norte de Santander,Cúcuta,2022,5,Violencia intrafamiliar,122
Norte de Santander,Cúcuta,2022,5,Hurto a residencias,78
Norte de Santander,Cúcuta,2022,5,Extorsión,12
Norte de Santander,Cúcuta,2022,6,Hurto a personas,320
Norte de Santander,Cúcuta,2022,6,Hurto a comercio,85
Norte de Santander,Cúcuta,2022,6,Hurto de vehículos,71
Norte de Santander,Cúcuta,2022,6,Lesiones personales,234
Norte de Santander,Cúcuta,2022,6,Homicidio,19
Norte de Santander,Cúcuta,2022,6,Violencia intrafamiliar,162
Norte de Santander,Cúcuta,2022,6,Hurto a residencias,80
Norte de Santander,Cúcuta,2022,6,Extorsión,11
Norte de Santander,Cúcuta,2022,7,Hurto a personas,318
Norte de Santander,Cúcuta,2022,7,Hurto a comercio,79
Norte de Santander,Cúcuta,2022,7,Hurto de vehículos,70
Norte de Santander,Cúcuta,2022,7,Lesiones personales,175
Norte de Santander,Cúcuta,2022,7,Homicidio,17
Norte de Santander,Cúcuta,2022,7,Violencia intrafamiliar,138
Norte de Santander,Cúcuta,2022,7,Hurto a residencias,57
Norte de Santander,Cúcuta,2022,7,Extorsión,11
Norte de Santander,Cúcuta,2022,8,Hurto a personas,290
Norte de Santander,Cúcuta,2022,8,Hurto a comercio,67
Norte de Santander,Cúcuta,2022,8,Hurto de vehículos,71
Norte de Santander,Cúcuta,2022,8,Lesiones personales,214
Norte de Santander,Cúcuta,2022,8,Homicidio,17
Norte de Santander,Cúcuta,2022,8,Violencia intrafamiliar,134
Norte de Santander,Cúcuta,2022,8,Hurto a residencias,82
Norte de Santander,Cúcuta,2022,8,Extorsión,9
Norte de Santander,Cúcuta,2022,9,Hurto a personas,368
Norte de Santander,Cúcuta,2022,9,Hurto a comercio,92
Norte de Santander,Cúcuta,2022,9,Hurto de vehículos,52
Norte de Santander,Cúcuta,2022,9,Lesiones personales,238
Norte de Santander,Cúcuta,2022,9,Homicidio,18
Norte de Santander,Cúcuta,2022,9,Violencia intrafamiliar,125
Norte de Santander,Cúcuta,2022,9,Hurto a residencias,73
Norte de Santander,Cúcuta,2022,9,Extorsión,11
Norte de Santander,Cúcuta,2022,10,Hurto a personas,367
Norte de Santander,Cúcuta,2022,10,Hurto a comercio,109
Norte de Santander,Cúcuta,2022,10,Hurto de vehículos,61
Norte de Santander,Cúcuta,2022,10,Lesiones personales,158
Norte de Santander,Cúcuta,2022,10,Homicidio,20
Norte de Santander,Cúcuta,2022,10,Violencia intrafamiliar,127
Norte de Santander,Cúcuta,2022,10,Hurto a residencias,74
Norte de Santander,Cúcuta,2022,10,Extorsión,9
Norte de Santander,Cúcuta,2022,11,Hurto a personas,420
Norte de Santander,Cúcuta,2022,11,Hurto a comercio,82
Norte de Santander,Cúcuta,2022,11,Hurto de vehículos,62
Norte de Santander,Cúcuta,2022,11,Lesiones personales,169
Norte de Santander,Cúcuta,2022,11,Homicidio,18
Norte de Santander,Cúcuta,2022,11,Violencia intrafamiliar,112
Norte de Santander,Cúcuta,2022,11,Hurto a residencias,59
Norte de Santander,Cúcuta,2022,11,Extorsión,12
Norte de Santander,Cúcuta,2022,12,Hurto a personas,348
Norte de Santander,Cúcuta,2022,12,Hurto a comercio,102
Norte de Santander,Cúcuta,2022,12,Hurto de vehículos,85
Norte de Santander,Cúcuta,2022,12,Lesiones personales,294
Norte de Santander,Cúcuta,2022,12,Homicidio,20
Norte de Santander,Cúcuta,2022,12,Violencia intrafamiliar,145
Norte de Santander,Cúcuta,2022,12,Hurto a residencias,92
Norte de Santander,Cúcuta,2022,12,Extorsión,13
Norte de Santander,Cúcuta,2023,1,Hurto a personas,336
Norte de Santander,Cúcuta,2023,1,Hurto a comercio,105
Norte de Santander,Cúcuta,2023,1,Hurto de vehículos,71
Norte de Santander,Cúcuta,2023,1,Lesiones personales,254
Norte de Santander,Cúcuta,2023,1,Homicidio,22
Norte de Santander,Cúcuta,2023,1,Violencia intrafamiliar,163
Norte de Santander,Cúcuta,2023,1,Hurto a residencias,68
Norte de Santander,Cúcuta,2023,1,Extorsión,12
Norte de Santander,Cúcuta,2023,2,Hurto a personas,344
Norte de Santander,Cúcuta,2023,2,Hurto a comercio,88
Norte de Santander,Cúcuta,2023,2,Hurto de vehículos,79
Norte de Santander,Cúcuta,2023,2,Lesiones personales,190
Norte de Santander,Cúcuta,2023,2,Homicidio,20
Norte de Santander,Cúcuta,2023,2,Violencia intrafamiliar,136
Norte de Santander,Cúcuta,2023,2,Hurto a residencias,78
Norte de Santander,Cúcuta,2023,2,Extorsión,10
Norte de Santander,Cúcuta,2023,3,Hurto a personas,349
Norte de Santander,Cúcuta,2023,3,Hurto a comercio,109
Norte de Santander,Cúcuta,2023,3,Hurto de vehículos,61
Norte de Santander,Cúcuta,2023,3,Lesiones personales,254
Norte de Santander,Cúcuta,2023,3,Homicidio,17
Norte de Santander,Cúcuta,2023,3,Violencia intrafamiliar,147
Norte de Santander,Cúcuta,2023,3,Hurto a residencias,67
Norte de Santander,Cúcuta,2023,3,Extorsión,11
Norte de Santander,Cúcuta,2023,4,Hurto a personas,276
Norte de Santander,Cúcuta,2023,4,Hurto a comercio,77
Norte de Santander,Cúcuta,2023,4,Hurto de vehículos,66
Norte de Santander,Cúcuta,2023,4,Lesiones personales,254
Norte de Santander,Cúcuta,2023,4,Homicidio,16
Norte de Santander,Cúcuta,2023,4,Violencia intrafamiliar,148
Norte de Santander,Cúcuta,2023,4,Hurto a residencias,67
Norte de Santander,Cúcuta,2023,4,Extorsión,14
Norte de Santander,Cúcuta,2023,5,Hurto a personas,353
Norte de Santander,Cúcuta,2023,5,Hurto a comercio,86
Norte de Santander,Cúcuta,2023,5,Hurto de vehículos,68
Norte de Santander,Cúcuta,2023,5,Lesiones personales,197
Norte de Santander,Cúcuta,2023,5,Homicidio,14
Norte de Santander,Cúcuta,2023,5,Violencia intrafamiliar,132
Norte de Santander,Cúcuta,2023,5,Hurto a residencias,70
Norte de Santander,Cúcuta,2023,5,Extorsión,12
Norte de Santander,Cúcuta,2023,6,Hurto a personas,378
Norte de Santander,Cúcuta,2023,6,Hurto a comercio,115
Norte de Santander,Cúcuta,2023,6,Hurto de vehículos,61
Norte de Santander,Cúcuta,2023,6,Lesiones personales,239
Norte de Santander,Cúcuta,2023,6,Homicidio,20
Norte de Santander,Cúcuta,2023,6,Violencia intrafamiliar,161
Norte de Santander,Cúcuta,2023,6,Hurto a residencias,86
Norte de Santander,Cúcuta,2023,6,Extorsión,12
Norte de Santander,Cúcuta,2023,7,Hurto a personas,243
Norte de Santander,Cúcuta,2023,7,Hurto a comercio,88
Norte de Santander,Cúcuta,2023,7,Hurto de vehículos,60
Norte de Santander,Cúcuta,2023,7,Lesiones personales,189
Norte de Santander,Cúcuta,2023,7,Homicidio,18
Norte de Santander,Cúcuta,2023,7,Violencia intrafamiliar,138
Norte de Santander,Cúcuta,2023,7,Hurto a residencias,60
Norte de Santander,Cúcuta,2023,7,Extorsión,9
Norte de Santander,Cúcuta,2023,8,Hurto a personas,301
Norte de Santander,Cúcuta,2023,8,Hurto a comercio,95
Norte de Santander,Cúcuta,2023,8,Hurto de vehículos,63
Norte de Santander,Cúcuta,2023,8,Lesiones personales,172
Norte de Santander,Cúcuta,2023,8,Homicidio,17
Norte de Santander,Cúcuta,2023,8,Violencia intrafamiliar,135
Norte de Santander,Cúcuta,2023,8,Hurto a residencias,77
Norte de Santander,Cúcuta,2023,8,Extorsión,11
Norte de Santander,Cúcuta,2023,9,Hurto a personas,279
Norte de Santander,Cúcuta,2023,9,Hurto a comercio,95
Norte de Santander,Cúcuta,2023,9,Hurto de vehículos,50
Norte de Santander,Cúcuta,2023,9,Lesiones personales,208
Norte de Santander,Cúcuta,2023,9,Homicidio,15
Norte de Santander,Cúcuta,2023,9,Violencia intrafamiliar,125
Norte de Santander,Cúcuta,2023,9,Hurto a residencias,62
Norte de Santander,Cúcuta,2023,9,Extorsión,9
Norte de Santander,Cúcuta,2023,10,Hurto a personas,301
Norte de Santander,Cúcuta,2023,10,Hurto a comercio,92
Norte de Santander,Cúcuta,2023,10,Hurto de vehículos,61
Norte de Santander,Cúcuta,2023,10,Lesiones personales,211
Norte de Santander,Cúcuta,2023,10,Homicidio,16
Norte de Santander,Cúcuta,2023,10,Violencia intrafamiliar,105
Norte de Santander,Cúcuta,2023,10,Hurto a residencias,65
Norte de Santander,Cúcuta,2023,10,Extorsión,14
Norte de Santander,Cúcuta,2023,11,Hurto a personas,278
Norte de Santander,Cúcuta,2023,11,Hurto a comercio,93
Norte de Santander,Cúcuta,2023,11,Hurto de vehículos,64
Norte de Santander,Cúcuta,2023,11,Lesiones personales,176
Norte de Santander,Cúcuta,2023,11,Homicidio,19
Norte de Santander,Cúcuta,2023,11,Violencia intrafamiliar,144
Norte de Santander,Cúcuta,2023,11,Hurto a residencias,90
Norte de Santander,Cúcuta,2023,11,Extorsión,11
Norte de Santander,Cúcuta,2023,12,Hurto a personas,316
Norte de Santander,Cúcuta,2023,12,Hurto a comercio,90
Norte de Santander,Cúcuta,2023,12,Hurto de vehículos,85
Norte de Santander,Cúcuta,2023,12,Lesiones personales,273
Norte de Santander,Cúcuta,2023,12,Homicidio,20
Norte de Santander,Cúcuta,2023,12,Violencia intrafamiliar,167
Norte de Santander,Cúcuta,2023,12,Hurto a residencias,95
Norte de Santander,Cúcuta,2023,12,Extorsión,15
Norte de Santander,Cúcuta,2024,1,Hurto a personas,303
Norte de Santander,Cúcuta,2024,1,Hurto a comercio,81
Norte de Santander,Cúcuta,2024,1,Hurto de vehículos,70
Norte de Santander,Cúcuta,2024,1,Lesiones personales,209
Norte de Santander,Cúcuta,2024,1,Homicidio,21
Norte de Santander,Cúcuta,2024,1,Violencia intrafamiliar,128
Norte de Santander,Cúcuta,2024,1,Hurto a residencias,83
Norte de Santander,Cúcuta,2024,1,Extorsión,10
Norte de Santander,Cúcuta,2024,2,Hurto a personas,330
Norte de Santander,Cúcuta,2024,2,Hurto a comercio,89
Norte de Santander,Cúcuta,2024,2,Hurto de vehículos,61
Norte de Santander,Cúcuta,2024,2,Lesiones personales,202
Norte de Santander,Cúcuta,2024,2,Homicidio,16
Norte de Santander,Cúcuta,2024,2,Violencia intrafamiliar,117
Norte de Santander,Cúcuta,2024,2,Hurto a residencias,84
Norte de Santander,Cúcuta,2024,2,Extorsión,11
Norte de Santander,Cúcuta,2024,3,Hurto a personas,373
Norte de Santander,Cúcuta,2024,3,Hurto a comercio,92
Norte de Santander,Cúcuta,2024,3,Hurto de vehículos,61
Norte de Santander,Cúcuta,2024,3,Lesiones personales,226
Norte de Santander,Cúcuta,2024,3,Homicidio,16
Norte de Santander,Cúcuta,2024,3,Violencia intrafamiliar,115
Norte de Santander,Cúcuta,2024,3,Hurto a residencias,74
Norte de Santander,Cúcuta,2024,3,Extorsión,11
Norte de Santander,Cúcuta,2024,4,Hurto a personas,336
Norte de Santander,Cúcuta,2024,4,Hurto a comercio,75
Norte de Santander,Cúcuta,2024,4,Hurto de vehículos,61
Norte de Santander,Cúcuta,2024,4,Lesiones personales,186
Norte de Santander,Cúcuta,2024,4,Homicidio,14
Norte de Santander,Cúcuta,2024,4,Violencia intrafamiliar,132
Norte de Santander,Cúcuta,2024,4,Hurto a residencias,69
Norte de Santander,Cúcuta,2024,4,Extorsión,10
Norte de Santander,Cúcuta,2024,5,Hurto a personas,286
Norte de Santander,Cúcuta,2024,5,Hurto a comercio,69
Norte de Santander,Cúcuta,2024,5,Hurto de vehículos,63
Norte de Santander,Cúcuta,2024,5,Lesiones personales,187
Norte de Santander,Cúcuta,2024,5,Homicidio,20
Norte de Santander,Cúcuta,2024,5,Violencia intrafamiliar,101
Norte de Santander,Cúcuta,2024,5,Hurto a residencias,69
Norte de Santander,Cúcuta,2024,5,Extorsión,10
Norte de Santander,Cúcuta,2024,6,Hurto a personas,372
Norte de Santander,Cúcuta,2024,6,Hurto a comercio,103
Norte de Santander,Cúcuta,2024,6,Hurto de vehículos,56
Norte de Santander,Cúcuta,2024,6,Lesiones personales,188
Norte de Santander,Cúcuta,2024,6,Homicidio,18
Norte de Santander,Cúcuta,2024,6,Violencia intrafamiliar,155
Norte de Santander,Cúcuta,2024,6,Hurto a residencias,79
Norte de Santander,Cúcuta,2024,6,Extorsión,12
Norte de Santander,Cúcuta,2024,7,Hurto a personas,260
Norte de Santander,Cúcuta,2024,7,Hurto a comercio,98
Norte de Santander,Cúcuta,2024,7,Hurto de vehículos,57
Norte de Santander,Cúcuta,2024,7,Lesiones personales,228
Norte de Santander,Cúcuta,2024,7,Homicidio,15
Norte de Santander,Cúcuta,2024,7,Violencia intrafamiliar,163
Norte de Santander,Cúcuta,2024,7,Hurto a residencias,61
Norte de Santander,Cúcuta,2024,7,Extorsión,9
Norte de Santander,Cúcuta,2024,8,Hurto a personas,365
Norte de Santander,Cúcuta,2024,8,Hurto a comercio,82
Norte de Santander,Cúcuta,2024,8,Hurto de vehículos,59
Norte de Santander,Cúcuta,2024,8,Lesiones personales,198
Norte de Santander,Cúcuta,2024,8,Homicidio,19
Norte de Santander,Cúcuta,2024,8,Violencia intrafamiliar,148
Norte de Santander,Cúcuta,2024,8,Hurto a residencias,73
Norte de Santander,Cúcuta,2024,8,Extorsión,9
Norte de Santander,Cúcuta,2024,9,Hurto a personas,289
Norte de Santander,Cúcuta,2024,9,Hurto a comercio,103
Norte de Santander,Cúcuta,2024,9,Hurto de vehículos,68
Norte de Santander,Cúcuta,2024,9,Lesiones personales,239
Norte de Santander,Cúcuta,2024,9,Homicidio,17
Norte de Santander,Cúcuta,2024,9,Violencia intrafamiliar,113
Norte de Santander,Cúcuta,2024,9,Hurto a residencias,74
Norte de Santander,Cúcuta,2024,9,Extorsión,12
Norte de Santander,Cúcuta,2024,10,Hurto a personas,300
Norte de Santander,Cúcuta,2024,10,Hurto a comercio,90
Norte de Santander,Cúcuta,2024,10,Hurto de vehículos,64
Norte de Santander,Cúcuta,2024,10,Lesiones personales,205
Norte de Santander,Cúcuta,2024,10,Homicidio,17
Norte de Santander,Cúcuta,2024,10,Violencia intrafamiliar,146
Norte de Santander,Cúcuta,2024,10,Hurto a residencias,57
Norte de Santander,Cúcuta,2024,10,Extorsión,9
Norte de Santander,Cúcuta,2024,11,Hurto a personas,294
Norte de Santander,Cúcuta,2024,11,Hurto a comercio,74
Norte de Santander,Cúcuta,2024,11,Hurto de vehículos,51
Norte de Santander,Cúcuta,2024,11,Lesiones personales,234
Norte de Santander,Cúcuta,2024,11,Homicidio,14
Norte de Santander,Cúcuta,2024,11,Violencia intrafamiliar,130
Norte de Santander,Cúcuta,2024,11,Hurto a residencias,55
Norte de Santander,Cúcuta,2024,11,Extorsión,11
Norte de Santander,Cúcuta,2024,12,Hurto a personas,434
Norte de Santander,Cúcuta,2024,12,Hurto a comercio,113
Norte de Santander,Cúcuta,2024,12,Hurto de vehículos,81
Norte de Santander,Cúcuta,2024,12,Lesiones personales,226
Norte de Santander,Cúcuta,2024,12,Homicidio,18
Norte de Santander,Cúcuta,2024,12,Violencia intrafamiliar,133
Norte de Santander,Cúcuta,2024,12,Hurto a residencias,65
Norte de Santander,Cúcuta,2024,12,Extorsión,12
Santander,Bucaramanga,2020,1,Hurto a personas,193
Santander,Bucaramanga,2020,1,Hurto a comercio,43
Santander,Bucaramanga,2020,1,Hurto de vehículos,33
Santander,Bucaramanga,2020,1,Lesiones personales,113
Santander,Bucaramanga,2020,1,Homicidio,12
Santander,Bucaramanga,2020,1,Violencia intrafamiliar,80
Santander,Bucaramanga,2020,1,Hurto a residencias,40
Santander,Bucaramanga,2020,1,Extorsión,6
Santander,Bucaramanga,2020,2,Hurto a personas,166
Santander,Bucaramanga,2020,2,Hurto a comercio,50
Santander,Bucaramanga,2020,2,Hurto de vehículos,44
Santander,Bucaramanga,2020,2,Lesiones personales,106
Santander,Bucaramanga,2020,2,Homicidio,8
Santander,Bucaramanga,2020,2,Violencia intrafamiliar,72
Santander,Bucaramanga,2020,2,Hurto a residencias,30
Santander,Bucaramanga,2020,2,Extorsión,5
Santander,Bucaramanga,2020,3,Hurto a personas,161
Santander,Bucaramanga,2020,3,Hurto a comercio,47
Santander,Bucaramanga,2020,3,Hurto de vehículos,33
Santander,Bucaramanga,2020,3,Lesiones personales,117
Santander,Bucaramanga,2020,3,Homicidio,8
Santander,Bucaramanga,2020,3,Violencia intrafamiliar,83
Santander,Bucaramanga,2020,3,Hurto a residencias,46
Santander,Bucaramanga,2020,3,Extorsión,6
Santander,Bucaramanga,2020,4,Hurto a personas,175
Santander,Bucaramanga,2020,4,Hurto a comercio,44
Santander,Bucaramanga,2020,4,Hurto de vehículos,29
Santander,Bucaramanga,2020,4,Lesiones personales,91
Santander,Bucaramanga,2020,4,Homicidio,10
Santander,Bucaramanga,2020,4,Violencia intrafamiliar,80
Santander,Bucaramanga,2020,4,Hurto a residencias,36
Santander,Bucaramanga,2020,4,Extorsión,6
Santander,Bucaramanga,2020,5,Hurto a personas,158
Santander,Bucaramanga,2020,5,Hurto a comercio,49
Santander,Bucaramanga,2020,5,Hurto de vehículos,40
Santander,Bucaramanga,2020,5,Lesiones personales,101
Santander,Bucaramanga,2020,5,Homicidio,7
Santander,Bucaramanga,2020,5,Violencia intrafamiliar,69
Santander,Bucaramanga,2020,5,Hurto a residencias,44
Santander,Bucaramanga,2020,5,Extorsión,6
Santander,Bucaramanga,2020,6,Hurto a personas,232
Santander,Bucaramanga,2020,6,Hurto a comercio,57
Santander,Bucaramanga,2020,6,Hurto de vehículos,35
Santander,Bucaramanga,2020,6,Lesiones personales,131
Santander,Bucaramanga,2020,6,Homicidio,10
Santander,Bucaramanga,2020,6,Violencia intrafamiliar,70
Santander,Bucaramanga,2020,6,Hurto a residencias,37
Santander,Bucaramanga,2020,6,Extorsión,7
Santander,Bucaramanga,2020,7,Hurto a personas,185
Santander,Bucaramanga,2020,7,Hurto a comercio,61
Santander,Bucaramanga,2020,7,Hurto de vehículos,38
Santander,Bucaramanga,2020,7,Lesiones personales,108
Santander,Bucaramanga,2020,7,Homicidio,8
Santander,Bucaramanga,2020,7,Violencia intrafamiliar,70
Santander,Bucaramanga,2020,7,Hurto a residencias,48
Santander,Bucaramanga,2020,7,Extorsión,6
Santander,Bucaramanga,2020,8,Hurto a personas,219
Santander,Bucaramanga,2020,8,Hurto a comercio,56
Santander,Bucaramanga,2020,8,Hurto de vehículos,31
Santander,Bucaramanga,2020,8,Lesiones personales,93
Santander,Bucaramanga,2020,8,Homicidio,12
Santander,Bucaramanga,2020,8,Violencia intrafamiliar,87
Santander,Bucaramanga,2020,8,Hurto a residencias,46
Santander,Bucaramanga,2020,8,Extorsión,6
Santander,Bucaramanga,2020,9,Hurto a personas,182
Santander,Bucaramanga,2020,9,Hurto a comercio,50
Santander,Bucaramanga,2020,9,Hurto de vehículos,39
Santander,Bucaramanga,2020,9,Lesiones personales,141
Santander,Bucaramanga,2020,9,Homicidio,8
Santander,Bucaramanga,2020,9,Violencia intrafamiliar,72
Santander,Bucaramanga,2020,9,Hurto a residencias,41
Santander,Bucaramanga,2020,9,Extorsión,4
Santander,Bucaramanga,2020,10,Hurto a personas,222
Santander,Bucaramanga,2020,10,Hurto a comercio,55
Santander,Bucaramanga,2020,10,Hurto de vehículos,38
Santander,Bucaramanga,2020,10,Lesiones personales,131
Santander,Bucaramanga,2020,10,Homicidio,10
Santander,Bucaramanga,2020,10,Violencia intrafamiliar,81
Santander,Bucaramanga,2020,10,Hurto a residencias,48
Santander,Bucaramanga,2020,10,Extorsión,5
Santander,Bucaramanga,2020,11,Hurto a personas,199
Santander,Bucaramanga,2020,11,Hurto a comercio,50
Santander,Bucaramanga,2020,11,Hurto de vehículos,36
Santander,Bucaramanga,2020,11,Lesiones personales,133
Santander,Bucaramanga,2020,11,Homicidio,10
Santander,Bucaramanga,2020,11,Violencia intrafamiliar,71
Santander,Bucaramanga,2020,11,Hurto a residencias,34
Santander,Bucaramanga,2020,11,Extorsión,5
Santander,Bucaramanga,2020,12,Hurto a personas,207
Santander,Bucaramanga,2020,12,Hurto a comercio,56
Santander,Bucaramanga,2020,12,Hurto de vehículos,35
Santander,Bucaramanga,2020,12,Lesiones personales,110
Santander,Bucaramanga,2020,12,Homicidio,11
Santander,Bucaramanga,2020,12,Violencia intrafamiliar,96
Santander,Bucaramanga,2020,12,Hurto a residencias,42
Santander,Bucaramanga,2020,12,Extorsión,6
Santander,Bucaramanga,2021,1,Hurto a personas,221
Santander,Bucaramanga,2021,1,Hurto a comercio,45
Santander,Bucaramanga,2021,1,Hurto de vehículos,38
Santander,Bucaramanga,2021,1,Lesiones personales,116
Santander,Bucaramanga,2021,1,Homicidio,12
Santander,Bucaramanga,2021,1,Violencia intrafamiliar,88
Santander,Bucaramanga,2021,1,Hurto a residencias,45
Santander,Bucaramanga,2021,1,Extorsión,5
Santander,Bucaramanga,2021,2,Hurto a personas,169
Santander,Bucaramanga,2021,2,Hurto a comercio,44
Santander,Bucaramanga,2021,2,Hurto de vehículos,39
Santander,Bucaramanga,2021,2,Lesiones personales,114
Santander,Bucaramanga,2021,2,Homicidio,9
Santander,Bucaramanga,2021,2,Violencia intrafamiliar,76
Santander,Bucaramanga,2021,2,Hurto a residencias,31
Santander,Bucaramanga,2021,2,Extorsión,6
Santander,Bucaramanga,2021,3,Hurto a personas,180
Santander,Bucaramanga,2021,3,Hurto a comercio,37
Santander,Bucaramanga,2021,3,Hurto de vehículos,33
Santander,Bucaramanga,2021,3,Lesiones personales,128
Santander,Bucaramanga,2021,3,Homicidio,9
Santander,Bucaramanga,2021,3,Violencia intrafamiliar,88
Santander,Bucaramanga,2021,3,Hurto a residencias,41
Santander,Bucaramanga,2021,3,Extorsión,5
Santander,Bucaramanga,2021,4,Hurto a personas,140
Santander,Bucaramanga,2021,4,Hurto a comercio,39
Santander,Bucaramanga,2021,4,Hurto de vehículos,31
Santander,Bucaramanga,2021,4,Lesiones personales,98
Santander,Bucaramanga,2021,4,Homicidio,9
Santander,Bucaramanga,2021,4,Violencia intrafamiliar,74
Santander,Bucaramanga,2021,4,Hurto a residencias,32
Santander,Bucaramanga,2021,4,Extorsión,5
Santander,Bucaramanga,2021,5,Hurto a personas,144
Santander,Bucaramanga,2021,5,Hurto a comercio,50
Santander,Bucaramanga,2021,5,Hurto de vehículos,32
Santander,Bucaramanga,2021,5,Lesiones personales,98
Santander,Bucaramanga,2021,5,Homicidio,9
Santander,Bucaramanga,2021,5,Violencia intrafamiliar,71
Santander,Bucaramanga,2021,5,Hurto a residencias,40
Santander,Bucaramanga,2021,5,Extorsión,6
Santander,Bucaramanga,2021,6,Hurto a personas,230
Santander,Bucaramanga,2021,6,Hurto a comercio,54
Santander,Bucaramanga,2021,6,Hurto de vehículos,36
Santander,Bucaramanga,2021,6,Lesiones personales,106
Santander,Bucaramanga,2021,6,Homicidio,11
Santander,Bucaramanga,2021,6,Violencia intrafamiliar,79
Santander,Bucaramanga,2021,6,Hurto a residencias,42
Santander,Bucaramanga,2021,6,Extorsión,7
Santander,Bucaramanga,2021,7,Hurto a personas,148
Santander,Bucaramanga,2021,7,Hurto a comercio,53
Santander,Bucaramanga,2021,7,Hurto de vehículos,31
Santander,Bucaramanga,2021,7,Lesiones personales,97
Santander,Bucaramanga,2021,7,Homicidio,10
Santander,Bucaramanga,2021,7,Violencia intrafamiliar,76
Santander,Bucaramanga,2021,7,Hurto a residencias,33
Santander,Bucaramanga,2021,7,Extorsión,5
Santander,Bucaramanga,2021,8,Hurto a personas,144
Santander,Bucaramanga,2021,8,Hurto a comercio,40
Santander,Bucaramanga,2021,8,Hurto de vehículos,42
Santander,Bucaramanga,2021,8,Lesiones personales,100
Santander,Bucaramanga,2021,8,Homicidio,7
Santander,Bucaramanga,2021,8,Violencia intrafamiliar,88
Santander,Bucaramanga,2021,8,Hurto a residencias,31
Santander,Bucaramanga,2021,8,Extorsión,7
Santander,Bucaramanga,2021,9,Hurto a personas,142
Santander,Bucaramanga,2021,9,Hurto a comercio,49
Santander,Bucaramanga,2021,9,Hurto de vehículos,29
Santander,Bucaramanga,2021,9,Lesiones personales,137
Santander,Bucaramanga,2021,9,Homicidio,12
Santander,Bucaramanga,2021,9,Violencia intrafamiliar,70
Santander,Bucaramanga,2021,9,Hurto a residencias,42
Santander,Bucaramanga,2021,9,Extorsión,6
Santander,Bucaramanga,2021,10,Hurto a personas,140
Santander,Bucaramanga,2021,10,Hurto a comercio,42
Santander,Bucaramanga,2021,10,Hurto de vehículos,31
Santander,Bucaramanga,2021,10,Lesiones personales,117
Santander,Bucaramanga,2021,10,Homicidio,9
Santander,Bucaramanga,2021,10,Violencia intrafamiliar,83
Santander,Bucaramanga,2021,10,Hurto a residencias,33
Santander,Bucaramanga,2021,10,Extorsión,5
Santander,Bucaramanga,2021,11,Hurto a personas,169
Santander,Bucaramanga,2021,11,Hurto a comercio,52
Santander,Bucaramanga,2021,11,Hurto de vehículos,32
Santander,Bucaramanga,2021,11,Lesiones personales,108
Santander,Bucaramanga,2021,11,Homicidio,11
Santander,Bucaramanga,2021,11,Violencia intrafamiliar,65
Santander,Bucaramanga,2021,11,Hurto a residencias,40
Santander,Bucaramanga,2021,11,Extorsión,7
Santander,Bucaramanga,2021,12,Hurto a personas,223
Santander,Bucaramanga,2021,12,Hurto a comercio,44
Santander,Bucaramanga,2021,12,Hurto de vehículos,39
Santander,Bucaramanga,2021,12,Lesiones personales,128
Santander,Bucaramanga,2021,12,Homicidio,13
Santander,Bucaramanga,2021,12,Violencia intrafamiliar,66
Santander,Bucaramanga,2021,12,Hurto a residencias,39
Santander,Bucaramanga,2021,12,Extorsión,6
Santander,Bucaramanga,2022,1,Hurto a personas,166
Santander,Bucaramanga,2022,1,Hurto a comercio,58
Santander,Bucaramanga,2022,1,Hurto de vehículos,42
Santander,Bucaramanga,2022,1,Lesiones personales,122
Santander,Bucaramanga,2022,1,Homicidio,10
Santander,Bucaramanga,2022,1,Violencia intrafamiliar,85
Santander,Bucaramanga,2022,1,Hurto a residencias,44
Santander,Bucaramanga,2022,1,Extorsión,7
Santander,Bucaramanga,2022,2,Hurto a personas,188
Santander,Bucaramanga,2022,2,Hurto a comercio,54
Santander,Bucaramanga,2022,2,Hurto de vehículos,28
Santander,Bucaramanga,2022,2,Lesiones personales,132
Santander,Bucaramanga,2022,2,Homicidio,7
Santander,Bucaramanga,2022,2,Violencia intrafamiliar,61
Santander,Bucaramanga,2022,2,Hurto a residencias,34
Santander,Bucaramanga,2022,2,Extorsión,6
Santander,Bucaramanga,2022,3,Hurto a personas,188
Santander,Bucaramanga,2022,3,Hurto a comercio,44
Santander,Bucaramanga,2022,3,Hurto de vehículos,31
Santander,Bucaramanga,2022,3,Lesiones personales,87
Santander,Bucaramanga,2022,3,Homicidio,10
Santander,Bucaramanga,2022,3,Violencia intrafamiliar,58
Santander,Bucaramanga,2022,3,Hurto a residencias,41
Santander,Bucaramanga,2022,3,Extorsión,5
Santander,Bucaramanga,2022,4,Hurto a personas,152
Santander,Bucaramanga,2022,4,Hurto a comercio,42
Santander,Bucaramanga,2022,4,Hurto de vehículos,31
Santander,Bucaramanga,2022,4,Lesiones personales,123
Santander,Bucaramanga,2022,4,Homicidio,8
Santander,Bucaramanga,2022,4,Violencia intrafamiliar,64
Santander,Bucaramanga,2022,4,Hurto a residencias,35
Santander,Bucaramanga,2022,4,Extorsión,5
Santander,Bucaramanga,2022,5,Hurto a personas,189
Santander,Bucaramanga,2022,5,Hurto a comercio,55
Santander,Bucaramanga,2022,5,Hurto de vehículos,26
Santander,Bucaramanga,2022,5,Lesiones personales,79
Santander,Bucaramanga,2022,5,Homicidio,9
Santander,Bucaramanga,2022,5,Violencia intrafamiliar,83
Santander,Bucaramanga,2022,5,Hurto a residencias,32
Santander,Bucaramanga,2022,5,Extorsión,6
Santander,Bucaramanga,2022,6,Hurto a personas,165
Santander,Bucaramanga,2022,6,Hurto a comercio,41
Santander,Bucaramanga,2022,6,Hurto de vehículos,30
Santander,Bucaramanga,2022,6,Lesiones personales,106
Santander,Bucaramanga,2022,6,Homicidio,9
Santander,Bucaramanga,2022,6,Violencia intrafamiliar,60
Santander,Bucaramanga,2022,6,Hurto a residencias,33
Santander,Bucaramanga,2022,6,Extorsión,6
Santander,Bucaramanga,2022,7,Hurto a personas,131
Santander,Bucaramanga,2022,7,Hurto a comercio,55
Santander,Bucaramanga,2022,7,Hurto de vehículos,30
Santander,Bucaramanga,2022,7,Lesiones personales,133
Santander,Bucaramanga,2022,7,Homicidio,8
Santander,Bucaramanga,2022,7,Violencia intrafamiliar,52
Santander,Bucaramanga,2022,7,Hurto a residencias,41
Santander,Bucaramanga,2022,7,Extorsión,5
Santander,Bucaramanga,2022,8,Hurto a personas,182
Santander,Bucaramanga,2022,8,Hurto a comercio,39
Santander,Bucaramanga,2022,8,Hurto de vehículos,26
Santander,Bucaramanga,2022,8,Lesiones personales,104
Santander,Bucaramanga,2022,8,Homicidio,7
Santander,Bucaramanga,2022,8,Violencia intrafamiliar,64
Santander,Bucaramanga,2022,8,Hurto a residencias,37
Santander,Bucaramanga,2022,8,Extorsión,5
Santander,Bucaramanga,2022,9,Hurto a personas,146
Santander,Bucaramanga,2022,9,Hurto a comercio,56
Santander,Bucaramanga,2022,9,Hurto de vehículos,34
Santander,Bucaramanga,2022,9,Lesiones personales,119
Santander,Bucaramanga,2022,9,Homicidio,11
Santander,Bucaramanga,2022,9,Violencia intrafamiliar,87
Santander,Bucaramanga,2022,9,Hurto a residencias,40
Santander,Bucaramanga,2022,9,Extorsión,6
Santander,Bucaramanga,2022,10,Hurto a personas,146
Santander,Bucaramanga,2022,10,Hurto a comercio,49
Santander,Bucaramanga,2022,10,Hurto de vehículos,27
Santander,Bucaramanga,2022,10,Lesiones personales,100
Santander,Bucaramanga,2022,10,Homicidio,9
Santander,Bucaramanga,2022,10,Violencia intrafamiliar,53
Santander,Bucaramanga,2022,10,Hurto a residencias,32
Santander,Bucaramanga,2022,10,Extorsión,6
Santander,Bucaramanga,2022,11,Hurto a personas,133
Santander,Bucaramanga,2022,11,Hurto a comercio,58
Santander,Bucaramanga,2022,11,Hurto de vehículos,37
Santander,Bucaramanga,2022,11,Lesiones personales,125
Santander,Bucaramanga,2022,11,Homicidio,9
Santander,Bucaramanga,2022,11,Violencia intrafamiliar,83
Santander,Bucaramanga,2022,11,Hurto a residencias,37
Santander,Bucaramanga,2022,11,Extorsión,6
Santander,Bucaramanga,2022,12,Hurto a personas,181
Santander,Bucaramanga,2022,12,Hurto a comercio,45
Santander,Bucaramanga,2022,12,Hurto de vehículos,33
Santander,Bucaramanga,2022,12,Lesiones personales,107
Santander,Bucaramanga,2022,12,Homicidio,9
Santander,Bucaramanga,2022,12,Violencia intrafamiliar,92
Santander,Bucaramanga,2022,12,Hurto a residencias,38
Santander,Bucaramanga,2022,12,Extorsión,5
Santander,Bucaramanga,2023,1,Hurto a personas,148
Santander,Bucaramanga,2023,1,Hurto a comercio,49
Santander,Bucaramanga,2023,1,Hurto de vehículos,30
Santander,Bucaramanga,2023,1,Lesiones personales,111
Santander,Bucaramanga,2023,1,Homicidio,11
Santander,Bucaramanga,2023,1,Violencia intrafamiliar,66
Santander,Bucaramanga,2023,1,Hurto a residencias,41
Santander,Bucaramanga,2023,1,Extorsión,6
Santander,Bucaramanga,2023,2,Hurto a personas,190
Santander,Bucaramanga,2023,2,Hurto a comercio,39
Santander,Bucaramanga,2023,2,Hurto de vehículos,25
Santander,Bucaramanga,2023,2,Lesiones personales,84
Santander,Bucaramanga,2023,2,Homicidio,7
Santander,Bucaramanga,2023,2,Violencia intrafamiliar,58
Santander,Bucaramanga,2023,2,Hurto a residencias,29
Santander,Bucaramanga,2023,2,Extorsión,5
Santander,Bucaramanga,2023,3,Hurto a personas,176
Santander,Bucaramanga,2023,3,Hurto a comercio,48
Santander,Bucaramanga,2023,3,Hurto de vehículos,24
Santander,Bucaramanga,2023,3,Lesiones personales,99
Santander,Bucaramanga,2023,3,Homicidio,9
Santander,Bucaramanga,2023,3,Violencia intrafamiliar,82
Santander,Bucaramanga,2023,3,Hurto a residencias,29
Santander,Bucaramanga,2023,3,Extorsión,6
Santander,Bucaramanga,2023,4,Hurto a personas,175
Santander,Bucaramanga,2023,4,Hurto a comercio,37
Santander,Bucaramanga,2023,4,Hurto de vehículos,30
Santander,Bucaramanga,2023,4,Lesiones personales,105
Santander,Bucaramanga,2023,4,Homicidio,7
Santander,Bucaramanga,2023,4,Violencia intrafamiliar,81
Santander,Bucaramanga,2023,4,Hurto a residencias,39
Santander,Bucaramanga,2023,4,Extorsión,6
Santander,Bucaramanga,2023,5,Hurto a personas,149
Santander,Bucaramanga,2023,5,Hurto a comercio,47
Santander,Bucaramanga,2023,5,Hurto de vehículos,35
Santander,Bucaramanga,2023,5,Lesiones personales,83
Santander,Bucaramanga,2023,5,Homicidio,8
Santander,Bucaramanga,2023,5,Violencia intrafamiliar,60
Santander,Bucaramanga,2023,5,Hurto a residencias,27
Santander,Bucaramanga,2023,5,Extorsión,5
Santander,Bucaramanga,2023,6,Hurto a personas,198
Santander,Bucaramanga,2023,6,Hurto a comercio,56
Santander,Bucaramanga,2023,6,Hurto de vehículos,40
Santander,Bucaramanga,2023,6,Lesiones personales,98
Santander,Bucaramanga,2023,6,Homicidio,11
Santander,Bucaramanga,2023,6,Violencia intrafamiliar,63
Santander,Bucaramanga,2023,6,Hurto a residencias,46
Santander,Bucaramanga,2023,6,Extorsión,6
Santander,Bucaramanga,2023,7,Hurto a personas,165
Santander,Bucaramanga,2023,7,Hurto a comercio,52
Santander,Bucaramanga,2023,7,Hurto de vehículos,25
Santander,Bucaramanga,2023,7,Lesiones personales,94
Santander,Bucaramanga,2023,7,Homicidio,9
Santander,Bucaramanga,2023,7,Violencia intrafamiliar,78
Santander,Bucaramanga,2023,7,Hurto a residencias,41
Santander,Bucaramanga,2023,7,Extorsión,4
Santander,Bucaramanga,2023,8,Hurto a personas,146
Santander,Bucaramanga,2023,8,Hurto a comercio,43
Santander,Bucaramanga,2023,8,Hurto de vehículos,33
Santander,Bucaramanga,2023,8,Lesiones personales,120
Santander,Bucaramanga,2023,8,Homicidio,10
Santander,Bucaramanga,2023,8,Violencia intrafamiliar,61
Santander,Bucaramanga,2023,8,Hurto a residencias,39
Santander,Bucaramanga,2023,8,Extorsión,5
Santander,Bucaramanga,2023,9,Hurto a personas,157
Santander,Bucaramanga,2023,9,Hurto a comercio,44
Santander,Bucaramanga,2023,9,Hurto de vehículos,28
Santander,Bucaramanga,2023,9,Lesiones personales,125
Santander,Bucaramanga,2023,9,Homicidio,8
Santander,Bucaramanga,2023,9,Violencia intrafamiliar,79
Santander,Bucaramanga,2023,9,Hurto a residencias,27
Santander,Bucaramanga,2023,9,Extorsión,6
Santander,Bucaramanga,2023,10,Hurto a personas,165
Santander,Bucaramanga,2023,10,Hurto a comercio,37
Santander,Bucaramanga,2023,10,Hurto de vehículos,36
Santander,Bucaramanga,2023,10,Lesiones personales,128
Santander,Bucaramanga,2023,10,Homicidio,11
Santander,Bucaramanga,2023,10,Violencia intrafamiliar,71
Santander,Bucaramanga,2023,10,Hurto a residencias,30
Santander,Bucaramanga,2023,10,Extorsión,5
Santander,Bucaramanga,2023,11,Hurto a personas,168
Santander,Bucaramanga,2023,11,Hurto a comercio,55
Santander,Bucaramanga,2023,11,Hurto de vehículos,32
Santander,Bucaramanga,2023,11,Lesiones personales,103
Santander,Bucaramanga,2023,11,Homicidio,7
Santander,Bucaramanga,2023,11,Violencia intrafamiliar,60
Santander,Bucaramanga,2023,11,Hurto a residencias,28
Santander,Bucaramanga,2023,11,Extorsión,6
Santander,Bucaramanga,2023,12,Hurto a personas,213
Santander,Bucaramanga,2023,12,Hurto a comercio,49
Santander,Bucaramanga,2023,12,Hurto de vehículos,29
Santander,Bucaramanga,2023,12,Lesiones personales,114
Santander,Bucaramanga,2023,12,Homicidio,9
Santander,Bucaramanga,2023,12,Violencia intrafamiliar,62
Santander,Bucaramanga,2023,12,Hurto a residencias,44
Santander,Bucaramanga,2023,12,Extorsión,7
Santander,Bucaramanga,2024,1,Hurto a personas,166
Santander,Bucaramanga,2024,1,Hurto a comercio,42
Santander,Bucaramanga,2024,1,Hurto de vehículos,40
Santander,Bucaramanga,2024,1,Lesiones personales,113
Santander,Bucaramanga,2024,1,Homicidio,8
Santander,Bucaramanga,2024,1,Violencia intrafamiliar,81
Santander,Bucaramanga,2024,1,Hurto a residencias,37
Santander,Bucaramanga,2024,1,Extorsión,6
Santander,Bucaramanga,2024,2,Hurto a personas,157
Santander,Bucaramanga,2024,2,Hurto a comercio,46
Santander,Bucaramanga,2024,2,Hurto de vehículos,29
Santander,Bucaramanga,2024,2,Lesiones personales,121
Santander,Bucaramanga,2024,2,Homicidio,8
Santander,Bucaramanga,2024,2,Violencia intrafamiliar,62
Santander,Bucaramanga,2024,2,Hurto a residencias,29
Santander,Bucaramanga,2024,2,Extorsión,5
Santander,Bucaramanga,2024,3,Hurto a personas,153
Santander,Bucaramanga,2024,3,Hurto a comercio,41
Santander,Bucaramanga,2024,3,Hurto de vehículos,23
Santander,Bucaramanga,2024,3,Lesiones personales,96
Santander,Bucaramanga,2024,3,Homicidio,7
Santander,Bucaramanga,2024,3,Violencia intrafamiliar,54
Santander,Bucaramanga,2024,3,Hurto a residencias,27
Santander,Bucaramanga,2024,3,Extorsión,4
Santander,Bucaramanga,2024,4,Hurto a personas,173
Santander,Bucaramanga,2024,4,Hurto a comercio,43
Santander,Bucaramanga,2024,4,Hurto de vehículos,25
Santander,Bucaramanga,2024,4,Lesiones personales,81
Santander,Bucaramanga,2024,4,Homicidio,8
Santander,Bucaramanga,2024,4,Violencia intrafamiliar,54
Santander,Bucaramanga,2024,4,Hurto a residencias,36
Santander,Bucaramanga,2024,4,Extorsión,4
Santander,Bucaramanga,2024,5,Hurto a personas,178
Santander,Bucaramanga,2024,5,Hurto a comercio,42
Santander,Bucaramanga,2024,5,Hurto de vehículos,23
Santander,Bucaramanga,2024,5,Lesiones personales,117
Santander,Bucaramanga,2024,5,Homicidio,10
Santander,Bucaramanga,2024,5,Violencia intrafamiliar,55
Santander,Bucaramanga,2024,5,Hurto a residencias,31
Santander,Bucaramanga,2024,5,Extorsión,6
Santander,Bucaramanga,2024,6,Hurto a personas,159
Santander,Bucaramanga,2024,6,Hurto a comercio,55
Santander,Bucaramanga,2024,6,Hurto de vehículos,34
Santander,Bucaramanga,2024,6,Lesiones personales,120
Santander,Bucaramanga,2024,6,Homicidio,7
Santander,Bucaramanga,2024,6,Violencia intrafamiliar,61
Santander,Bucaramanga,2024,6,Hurto a residencias,31
Santander,Bucaramanga,2024,6,Extorsión,4
Santander,Bucaramanga,2024,7,Hurto a personas,198
Santander,Bucaramanga,2024,7,Hurto a comercio,35
Santander,Bucaramanga,2024,7,Hurto de vehículos,27
Santander,Bucaramanga,2024,7,Lesiones personales,92
Santander,Bucaramanga,2024,7,Homicidio,9
Santander,Bucaramanga,2024,7,Violencia intrafamiliar,81
Santander,Bucaramanga,2024,7,Hurto a residencias,36
Santander,Bucaramanga,2024,7,Extorsión,6
Santander,Bucaramanga,2024,8,Hurto a personas,146
Santander,Bucaramanga,2024,8,Hurto a comercio,40
Santander,Bucaramanga,2024,8,Hurto de vehículos,23
Santander,Bucaramanga,2024,8,Lesiones personales,96
Santander,Bucaramanga,2024,8,Homicidio,7
Santander,Bucaramanga,2024,8,Violencia intrafamiliar,72
Santander,Bucaramanga,2024,8,Hurto a residencias,30
Santander,Bucaramanga,2024,8,Extorsión,5
Santander,Bucaramanga,2024,9,Hurto a personas,180
Santander,Bucaramanga,2024,9,Hurto a comercio,37
Santander,Bucaramanga,2024,9,Hurto de vehículos,31
Santander,Bucaramanga,2024,9,Lesiones personales,92
Santander,Bucaramanga,2024,9,Homicidio,10
Santander,Bucaramanga,2024,9,Violencia intrafamiliar,58
Santander,Bucaramanga,2024,9,Hurto a residencias,31
Santander,Bucaramanga,2024,9,Extorsión,4
Santander,Bucaramanga,2024,10,Hurto a personas,166
Santander,Bucaramanga,2024,10,Hurto a comercio,52
Santander,Bucaramanga,2024,10,Hurto de vehículos,29
Santander,Bucaramanga,2024,10,Lesiones personales,91
Santander,Bucaramanga,2024,10,Homicidio,8
Santander,Bucaramanga,2024,10,Violencia intrafamiliar,60
Santander,Bucaramanga,2024,10,Hurto a residencias,42
Santander,Bucaramanga,2024,10,Extorsión,4
Santander,Bucaramanga,2024,11,Hurto a personas,160
Santander,Bucaramanga,2024,11,Hurto a comercio,52
Santander,Bucaramanga,2024,11,Hurto de vehículos,37
Santander,Bucaramanga,2024,11,Lesiones personales,113
Santander,Bucaramanga,2024,11,Homicidio,8
Santander,Bucaramanga,2024,11,Violencia intrafamiliar,72
Santander,Bucaramanga,2024,11,Hurto a residencias,38
Santander,Bucaramanga,2024,11,Extorsión,5
Santander,Bucaramanga,2024,12,Hurto a personas,193
Santander,Bucaramanga,2024,12,Hurto a comercio,47
Santander,Bucaramanga,2024,12,Hurto de vehículos,39
Santander,Bucaramanga,2024,12,Lesiones personales,100
Santander,Bucaramanga,2024,12,Homicidio,9
Santander,Bucaramanga,2024,12,Violencia intrafamiliar,83
Santander,Bucaramanga,2024,12,Hurto a residencias,34
Santander,Bucaramanga,2024,12,Extorsión,6
Santander,Floridablanca,2020,1,Hurto a personas,80
Santander,Floridablanca,2020,1,Hurto a comercio,21
Santander,Floridablanca,2020,1,Hurto de vehículos,15
Santander,Floridablanca,2020,1,Lesiones personales,43
Santander,Floridablanca,2020,1,Homicidio,4
Santander,Floridablanca,2020,1,Violencia intrafamiliar,32
Santander,Floridablanca,2020,1,Hurto a residencias,15
Santander,Floridablanca,2020,1,Extorsión,2
Santander,Floridablanca,2020,2,Hurto a personas,65
Santander,Floridablanca,2020,2,Hurto a comercio,16
Santander,Floridablanca,2020,2,Hurto de vehículos,13
Santander,Floridablanca,2020,2,Lesiones personales,45
Santander,Floridablanca,2020,2,Homicidio,4
Santander,Floridablanca,2020,2,Violencia intrafamiliar,26
Santander,Floridablanca,2020,2,Hurto a residencias,15
Santander,Floridablanca,2020,2,Extorsión,2
Santander,Floridablanca,2020,3,Hurto a personas,78
Santander,Floridablanca,2020,3,Hurto a comercio,18
Santander,Floridablanca,2020,3,Hurto de vehículos,11
Santander,Floridablanca,2020,3,Lesiones personales,42
Santander,Floridablanca,2020,3,Homicidio,3
Santander,Floridablanca,2020,3,Violencia intrafamiliar,29
Santander,Floridablanca,2020,3,Hurto a residencias,13
Santander,Floridablanca,2020,3,Extorsión,2
Santander,Floridablanca,2020,4,Hurto a personas,53
Santander,Floridablanca,2020,4,Hurto a comercio,14
Santander,Floridablanca,2020,4,Hurto de vehículos,12
Santander,Floridablanca,2020,4,Lesiones personales,39
Santander,Floridablanca,2020,4,Homicidio,3
Santander,Floridablanca,2020,4,Violencia intrafamiliar,27
Santander,Floridablanca,2020,4,Hurto a residencias,16
Santander,Floridablanca,2020,4,Extorsión,2
Santander,Floridablanca,2020,5,Hurto a personas,73
Santander,Floridablanca,2020,5,Hurto a comercio,14
Santander,Floridablanca,2020,5,Hurto de vehículos,13
Santander,Floridablanca,2020,5,Lesiones personales,36
Santander,Floridablanca,2020,5,Homicidio,3
Santander,Floridablanca,2020,5,Violencia intrafamiliar,25
Santander,Floridablanca,2020,5,Hurto a residencias,11
Santander,Floridablanca,2020,5,Extorsión,2
Santander,Floridablanca,2020,6,Hurto a personas,87
Santander,Floridablanca,2020,6,Hurto a comercio,18
Santander,Floridablanca,2020,6,Hurto de vehículos,11
Santander,Floridablanca,2020,6,Lesiones personales,41
Santander,Floridablanca,2020,6,Homicidio,4
Santander,Floridablanca,2020,6,Violencia intrafamiliar,33
Santander,Floridablanca,2020,6,Hurto a residencias,14
Santander,Floridablanca,2020,6,Extorsión,2
Santander,Floridablanca,2020,7,Hurto a personas,82
Santander,Floridablanca,2020,7,Hurto a comercio,18
Santander,Floridablanca,2020,7,Hurto de vehículos,12
Santander,Floridablanca,2020,7,Lesiones personales,51
Santander,Floridablanca,2020,7,Homicidio,3
Santander,Floridablanca,2020,7,Violencia intrafamiliar,22
Santander,Floridablanca,2020,7,Hurto a residencias,12
Santander,Floridablanca,2020,7,Extorsión,2
Santander,Floridablanca,2020,8,Hurto a personas,63
Santander,Floridablanca,2020,8,Hurto a comercio,19
Santander,Floridablanca,2020,8,Hurto de vehículos,12
Santander,Floridablanca,2020,8,Lesiones personales,39
Santander,Floridablanca,2020,8,Homicidio,4
Santander,Floridablanca,2020,8,Violencia intrafamiliar,31
Santander,Floridablanca,2020,8,Hurto a residencias,14
Santander,Floridablanca,2020,8,Extorsión,2
Santander,Floridablanca,2020,9,Hurto a personas,73
Santander,Floridablanca,2020,9,Hurto a comercio,16
Santander,Floridablanca,2020,9,Hurto de vehículos,14
Santander,Floridablanca,2020,9,Lesiones personales,44
Santander,Floridablanca,2020,9,Homicidio,4
Santander,Floridablanca,2020,9,Violencia intrafamiliar,29
Santander,Floridablanca,2020,9,Hurto a residencias,18
Santander,Floridablanca,2020,9,Extorsión,2
Santander,Floridablanca,2020,10,Hurto a personas,65
Santander,Floridablanca,2020,10,Hurto a comercio,14
Santander,Floridablanca,2020,10,Hurto de vehículos,11
Santander,Floridablanca,2020,10,Lesiones personales,36
Santander,Floridablanca,2020,10,Homicidio,2
Santander,Floridablanca,2020,10,Violencia intrafamiliar,26
Santander,Floridablanca,2020,10,Hurto a residencias,13
Santander,Floridablanca,2020,10,Extorsión,1
Santander,Floridablanca,2020,11,Hurto a personas,72
Santander,Floridablanca,2020,11,Hurto a comercio,22
Santander,Floridablanca,2020,11,Hurto de vehículos,15
Santander,Floridablanca,2020,11,Lesiones personales,40
Santander,Floridablanca,2020,11,Homicidio,4
Santander,Floridablanca,2020,11,Violencia intrafamiliar,21
Santander,Floridablanca,2020,11,Hurto a residencias,15
Santander,Floridablanca,2020,11,Extorsión,2
Santander,Floridablanca,2020,12,Hurto a personas,89
Santander,Floridablanca,2020,12,Hurto a comercio,18
Santander,Floridablanca,2020,12,Hurto de vehículos,14
Santander,Floridablanca,2020,12,Lesiones personales,48
Santander,Floridablanca,2020,12,Homicidio,4
Santander,Floridablanca,2020,12,Violencia intrafamiliar,32
Santander,Floridablanca,2020,12,Hurto a residencias,14
Santander,Floridablanca,2020,12,Extorsión,2
Santander,Floridablanca,2021,1,Hurto a personas,67
Santander,Floridablanca,2021,1,Hurto a comercio,22
Santander,Floridablanca,2021,1,Hurto de vehículos,13
Santander,Floridablanca,2021,1,Lesiones personales,37
Santander,Floridablanca,2021,1,Homicidio,4
Santander,Floridablanca,2021,1,Violencia intrafamiliar,26
Santander,Floridablanca,2021,1,Hurto a residencias,18
Santander,Floridablanca,2021,1,Extorsión,2
Santander,Floridablanca,2021,2,Hurto a personas,64
Santander,Floridablanca,2021,2,Hurto a comercio,21
Santander,Floridablanca,2021,2,Hurto de vehículos,10
Santander,Floridablanca,2021,2,Lesiones personales,38
Santander,Floridablanca,2021,2,Homicidio,3
Santander,Floridablanca,2021,2,Violencia intrafamiliar,21
Santander,Floridablanca,2021,2,Hurto a residencias,14
Santander,Floridablanca,2021,2,Extorsión,1
Santander,Floridablanca,2021,3,Hurto a personas,58
Santander,Floridablanca,2021,3,Hurto a comercio,19
Santander,Floridablanca,2021,3,Hurto de vehículos,13
Santander,Floridablanca,2021,3,Lesiones personales,49
Santander,Floridablanca,2021,3,Homicidio,3
Santander,Floridablanca,2021,3,Violencia intrafamiliar,23
Santander,Floridablanca,2021,3,Hurto a residencias,13
Santander,Floridablanca,2021,3,Extorsión,1
Santander,Floridablanca,2021,4,Hurto a personas,71
Santander,Floridablanca,2021,4,Hurto a comercio,19
Santander,Floridablanca,2021,4,Hurto de vehículos,13
Santander,Floridablanca,2021,4,Lesiones personales,45
Santander,Floridablanca,2021,4,Homicidio,3
Santander,Floridablanca,2021,4,Violencia intrafamiliar,26
Santander,Floridablanca,2021,4,Hurto a residencias,15
Santander,Floridablanca,2021,4,Extorsión,1
Santander,Floridablanca,2021,5,Hurto a personas,62
Santander,Floridablanca,2021,5,Hurto a comercio,15
Santander,Floridablanca,2021,5,Hurto de vehículos,12
Santander,Floridablanca,2021,5,Lesiones personales,42
Santander,Floridablanca,2021,5,Homicidio,3
Santander,Floridablanca,2021,5,Violencia intrafamiliar,28
Santander,Floridablanca,2021,5,Hurto a residencias,12
Santander,Floridablanca,2021,5,Extorsión,1
Santander,Floridablanca,2021,6,Hurto a personas,85
Santander,Floridablanca,2021,6,Hurto a comercio,19
Santander,Floridablanca,2021,6,Hurto de vehículos,15
Santander,Floridablanca,2021,6,Lesiones personales,43
Santander,Floridablanca,2021,6,Homicidio,3
Santander,Floridablanca,2021,6,Violencia intrafamiliar,31
Santander,Floridablanca,2021,6,Hurto a residencias,17
Santander,Floridablanca,2021,6,Extorsión,2
Santander,Floridablanca,2021,7,Hurto a personas,75
Santander,Floridablanca,2021,7,Hurto a comercio,22
Santander,Floridablanca,2021,7,Hurto de vehículos,13
Santander,Floridablanca,2021,7,Lesiones personales,41
Santander,Floridablanca,2021,7,Homicidio,3
Santander,Floridablanca,2021,7,Violencia intrafamiliar,33
Santander,Floridablanca,2021,7,Hurto a residencias,17
Santander,Floridablanca,2021,7,Extorsión,1
Santander,Floridablanca,2021,8,Hurto a personas,64
Santander,Floridablanca,2021,8,Hurto a comercio,17
Santander,Floridablanca,2021,8,Hurto de vehículos,14
Santander,Floridablanca,2021,8,Lesiones personales,41
Santander,Floridablanca,2021,8,Homicidio,4
Santander,Floridablanca,2021,8,Violencia intrafamiliar,26
Santander,Floridablanca,2021,8,Hurto a residencias,10
Santander,Floridablanca,2021,8,Extorsión,2
Santander,Floridablanca,2021,9,Hurto a personas,56
Santander,Floridablanca,2021,9,Hurto a comercio,16
Santander,Floridablanca,2021,9,Hurto de vehículos,15
Santander,Floridablanca,2021,9,Lesiones personales,42
Santander,Floridablanca,2021,9,Homicidio,3
Santander,Floridablanca,2021,9,Violencia intrafamiliar,32
Santander,Floridablanca,2021,9,Hurto a residencias,11
Santander,Floridablanca,2021,9,Extorsión,2
Santander,Floridablanca,2021,10,Hurto a personas,63
Santander,Floridablanca,2021,10,Hurto a comercio,16
Santander,Floridablanca,2021,10,Hurto de vehículos,13
Santander,Floridablanca,2021,10,Lesiones personales,47
Santander,Floridablanca,2021,10,Homicidio,3
Santander,Floridablanca,2021,10,Violencia intrafamiliar,32
Santander,Floridablanca,2021,10,Hurto a residencias,13
Santander,Floridablanca,2021,10,Extorsión,2
Santander,Floridablanca,2021,11,Hurto a personas,77
Santander,Floridablanca,2021,11,Hurto a comercio,14
Santander,Floridablanca,2021,11,Hurto de vehículos,10
Santander,Floridablanca,2021,11,Lesiones personales,34
Santander,Floridablanca,2021,11,Homicidio,4
Santander,Floridablanca,2021,11,Violencia intrafamiliar,26
Santander,Floridablanca,2021,11,Hurto a residencias,14
Santander,Floridablanca,2021,11,Extorsión,2
Santander,Floridablanca,2021,12,Hurto a personas,69
Santander,Floridablanca,2021,12,Hurto a comercio,19
Santander,Floridablanca,2021,12,Hurto de vehículos,15
Santander,Floridablanca,2021,12,Lesiones personales,51
Santander,Floridablanca,2021,12,Homicidio,3
Santander,Floridablanca,2021,12,Violencia intrafamiliar,26
Santander,Floridablanca,2021,12,Hurto a residencias,16
Santander,Floridablanca,2021,12,Extorsión,2
Santander,Floridablanca,2022,1,Hurto a personas,73
Santander,Floridablanca,2022,1,Hurto a comercio,21
Santander,Floridablanca,2022,1,Hurto de vehículos,12
Santander,Floridablanca,2022,1,Lesiones personales,39
Santander,Floridablanca,2022,1,Homicidio,4
Santander,Floridablanca,2022,1,Violencia intrafamiliar,26
Santander,Floridablanca,2022,1,Hurto a residencias,16
Santander,Floridablanca,2022,1,Extorsión,2
Santander,Floridablanca,2022,2,Hurto a personas,71
Santander,Floridablanca,2022,2,Hurto a comercio,20
Santander,Floridablanca,2022,2,Hurto de vehículos,13
Santander,Floridablanca,2022,2,Lesiones personales,45
Santander,Floridablanca,2022,2,Homicidio,3
Santander,Floridablanca,2022,2,Violencia intrafamiliar,21
Santander,Floridablanca,2022,2,Hurto a residencias,18
Santander,Floridablanca,2022,2,Extorsión,2
Santander,Floridablanca,2022,3,Hurto a personas,62
Santander,Floridablanca,2022,3,Hurto a comercio,20
Santander,Floridablanca,2022,3,Hurto de vehículos,13
Santander,Floridablanca,2022,3,Lesiones personales,38
Santander,Floridablanca,2022,3,Homicidio,3
Santander,Floridablanca,2022,3,Violencia intrafamiliar,27
Santander,Floridablanca,2022,3,Hurto a residencias,14
Santander,Floridablanca,2022,3,Extorsión,1
Santander,Floridablanca,2022,4,Hurto a personas,80
Santander,Floridablanca,2022,4,Hurto a comercio,17
Santander,Floridablanca,2022,4,Hurto de vehículos,10
Santander,Floridablanca,2022,4,Lesiones personales,50
Santander,Floridablanca,2022,4,Homicidio,3
Santander,Floridablanca,2022,4,Violencia intrafamiliar,32
Santander,Floridablanca,2022,4,Hurto a residencias,14
Santander,Floridablanca,2022,4,Extorsión,2
Santander,Floridablanca,2022,5,Hurto a personas,69
Santander,Floridablanca,2022,5,Hurto a comercio,14
Santander,Floridablanca,2022,5,Hurto de vehículos,14
Santander,Floridablanca,2022,5,Lesiones personales,39
Santander,Floridablanca,2022,5,Homicidio,4
Santander,Floridablanca,2022,5,Violencia intrafamiliar,21
Santander,Floridablanca,2022,5,Hurto a residencias,16
Santander,Floridablanca,2022,5,Extorsión,2
Santander,Floridablanca,2022,6,Hurto a personas,78
Santander,Floridablanca,2022,6,Hurto a comercio,19
Santander,Floridablanca,2022,6,Hurto de vehículos,12
Santander,Floridablanca,2022,6,Lesiones personales,47
Santander,Floridablanca,2022,6,Homicidio,3
Santander,Floridablanca,2022,6,Violencia intrafamiliar,30
Santander,Floridablanca,2022,6,Hurto a residencias,12
Santander,Floridablanca,2022,6,Extorsión,2
Santander,Floridablanca,2022,7,Hurto a personas,76
Santander,Floridablanca,2022,7,Hurto a comercio,16
Santander,Floridablanca,2022,7,Hurto de vehículos,10
Santander,Floridablanca,2022,7,Lesiones personales,45
Santander,Floridablanca,2022,7,Homicidio,3
Santander,Floridablanca,2022,7,Violencia intrafamiliar,29
Santander,Floridablanca,2022,7,Hurto a residencias,13
Santander,Floridablanca,2022,7,Extorsión,1
Santander,Floridablanca,2022,8,Hurto a personas,51
Santander,Floridablanca,2022,8,Hurto a comercio,17
Santander,Floridablanca,2022,8,Hurto de vehículos,15
Santander,Floridablanca,2022,8,Lesiones personales,31
Santander,Floridablanca,2022,8,Homicidio,4
Santander,Floridablanca,2022,8,Violencia intrafamiliar,29
Santander,Floridablanca,2022,8,Hurto a residencias,15
Santander,Floridablanca,2022,8,Extorsión,1
Santander,Floridablanca,2022,9,Hurto a personas,52
Santander,Floridablanca,2022,9,Hurto a comercio,17
Santander,Floridablanca,2022,9,Hurto de vehículos,13
Santander,Floridablanca,2022,9,Lesiones personales,44
Santander,Floridablanca,2022,9,Homicidio,4
Santander,Floridablanca,2022,9,Violencia intrafamiliar,26
Santander,Floridablanca,2022,9,Hurto a residencias,10
Santander,Floridablanca,2022,9,Extorsión,1
Santander,Floridablanca,2022,10,Hurto a personas,62
Santander,Floridablanca,2022,10,Hurto a comercio,17
Santander,Floridablanca,2022,10,Hurto de vehículos,13
Santander,Floridablanca,2022,10,Lesiones personales,40
Santander,Floridablanca,2022,10,Homicidio,3
Santander,Floridablanca,2022,10,Violencia intrafamiliar,22
Santander,Floridablanca,2022,10,Hurto a residencias,15
Santander,Floridablanca,2022,10,Extorsión,2
Santander,Floridablanca,2022,11,Hurto a personas,58
Santander,Floridablanca,2022,11,Hurto a comercio,14
Santander,Floridablanca,2022,11,Hurto de vehículos,11
Santander,Floridablanca,2022,11,Lesiones personales,37
Santander,Floridablanca,2022,11,Homicidio,4
Santander,Floridablanca,2022,11,Violencia intrafamiliar,23
Santander,Floridablanca,2022,11,Hurto a residencias,15
Santander,Floridablanca,2022,11,Extorsión,1
Santander,Floridablanca,2022,12,Hurto a personas,84
Santander,Floridablanca,2022,12,Hurto a comercio,22
Santander,Floridablanca,2022,12,Hurto de vehículos,13
Santander,Floridablanca,2022,12,Lesiones personales,38
Santander,Floridablanca,2022,12,Homicidio,4
Santander,Floridablanca,2022,12,Violencia intrafamiliar,30
Santander,Floridablanca,2022,12,Hurto a residencias,18
Santander,Floridablanca,2022,12,Extorsión,2
Santander,Floridablanca,2023,1,Hurto a personas,63
Santander,Floridablanca,2023,1,Hurto a comercio,14
Santander,Floridablanca,2023,1,Hurto de vehículos,11
Santander,Floridablanca,2023,1,Lesiones personales,44
Santander,Floridablanca,2023,1,Homicidio,3
Santander,Floridablanca,2023,1,Violencia intrafamiliar,30
Santander,Floridablanca,2023,1,Hurto a residencias,13
Santander,Floridablanca,2023,1,Extorsión,2
Santander,Floridablanca,2023,2,Hurto a personas,59
Santander,Floridablanca,2023,2,Hurto a comercio,17
Santander,Floridablanca,2023,2,Hurto de vehículos,13
Santander,Floridablanca,2023,2,Lesiones personales,36
Santander,Floridablanca,2023,2,Homicidio,3
Santander,Floridablanca,2023,2,Violencia intrafamiliar,23
Santander,Floridablanca,2023,2,Hurto a residencias,14
Santander,Floridablanca,2023,2,Extorsión,2
Santander,Floridablanca,2023,3,Hurto a personas,77
Santander,Floridablanca,2023,3,Hurto a comercio,17
Santander,Floridablanca,2023,3,Hurto de vehículos,14
Santander,Floridablanca,2023,3,Lesiones personales,39
Santander,Floridablanca,2023,3,Homicidio,4
Santander,Floridablanca,2023,3,Violencia intrafamiliar,23
Santander,Floridablanca,2023,3,Hurto a residencias,11
Santander,Floridablanca,2023,3,Extorsión,2
Santander,Floridablanca,2023,4,Hurto a personas,82
Santander,Floridablanca,2023,4,Hurto a comercio,15
Santander,Floridablanca,2023,4,Hurto de vehículos,13
Santander,Floridablanca,2023,4,Lesiones personales,44
Santander,Floridablanca,2023,4,Homicidio,3
Santander,Floridablanca,2023,4,Violencia intrafamiliar,33
Santander,Floridablanca,2023,4,Hurto a residencias,13
Santander,Floridablanca,2023,4,Extorsión,1
Santander,Floridablanca,2023,5,Hurto a personas,49
Santander,Floridablanca,2023,5,Hurto a comercio,16
Santander,Floridablanca,2023,5,Hurto de vehículos,9
Santander,Floridablanca,2023,5,Lesiones personales,39
Santander,Floridablanca,2023,5,Homicidio,2
Santander,Floridablanca,2023,5,Violencia intrafamiliar,23
Santander,Floridablanca,2023,5,Hurto a residencias,11
Santander,Floridablanca,2023,5,Extorsión,1
Santander,Floridablanca,2023,6,Hurto a personas,61
Santander,Floridablanca,2023,6,Hurto a comercio,16
Santander,Floridablanca,2023,6,Hurto de vehículos,11
Santander,Floridablanca,2023,6,Lesiones personales,42
Santander,Floridablanca,2023,6,Homicidio,3
Santander,Floridablanca,2023,6,Violencia intrafamiliar,24
Santander,Floridablanca,2023,6,Hurto a residencias,17
Santander,Floridablanca,2023,6,Extorsión,1
Santander,Floridablanca,2023,7,Hurto a personas,72
Santander,Floridablanca,2023,7,Hurto a comercio,14
Santander,Floridablanca,2023,7,Hurto de vehículos,10
Santander,Floridablanca,2023,7,Lesiones personales,44
Santander,Floridablanca,2023,7,Homicidio,3
Santander,Floridablanca,2023,7,Violencia intrafamiliar,26
Santander,Floridablanca,2023,7,Hurto a residencias,12
Santander,Floridablanca,2023,7,Extorsión,2
Santander,Floridablanca,2023,8,Hurto a personas,66
Santander,Floridablanca,2023,8,Hurto a comercio,15
Santander,Floridablanca,2023,8,Hurto de vehículos,12
Santander,Floridablanca,2023,8,Lesiones personales,50
Santander,Floridablanca,2023,8,Homicidio,2
Santander,Floridablanca,2023,8,Violencia intrafamiliar,19
Santander,Floridablanca,2023,8,Hurto a residencias,10
Santander,Floridablanca,2023,8,Extorsión,1
Santander,Floridablanca,2023,9,Hurto a personas,70
Santander,Floridablanca,2023,9,Hurto a comercio,17
Santander,Floridablanca,2023,9,Hurto de vehículos,14
Santander,Floridablanca,2023,9,Lesiones personales,31
Santander,Floridablanca,2023,9,Homicidio,3
Santander,Floridablanca,2023,9,Violencia intrafamiliar,24
Santander,Floridablanca,2023,9,Hurto a residencias,13
Santander,Floridablanca,2023,9,Extorsión,2
Santander,Floridablanca,2023,10,Hurto a personas,57
Santander,Floridablanca,2023,10,Hurto a comercio,20
Santander,Floridablanca,2023,10,Hurto de vehículos,11
Santander,Floridablanca,2023,10,Lesiones personales,40
Santander,Floridablanca,2023,10,Homicidio,3
Santander,Floridablanca,2023,10,Violencia intrafamiliar,27
Santander,Floridablanca,2023,10,Hurto a residencias,11
Santander,Floridablanca,2023,10,Extorsión,2
Santander,Floridablanca,2023,11,Hurto a personas,69
Santander,Floridablanca,2023,11,Hurto a comercio,19
Santander,Floridablanca,2023,11,Hurto de vehículos,11
Santander,Floridablanca,2023,11,Lesiones personales,43
Santander,Floridablanca,2023,11,Homicidio,3
Santander,Floridablanca,2023,11,Violencia intrafamiliar,21
Santander,Floridablanca,2023,11,Hurto a residencias,16
Santander,Floridablanca,2023,11,Extorsión,1
Santander,Floridablanca,2023,12,Hurto a personas,76
Santander,Floridablanca,2023,12,Hurto a comercio,23
Santander,Floridablanca,2023,12,Hurto de vehículos,11
Santander,Floridablanca,2023,12,Lesiones personales,48
Santander,Floridablanca,2023,12,Homicidio,3
Santander,Floridablanca,2023,12,Violencia intrafamiliar,27
Santander,Floridablanca,2023,12,Hurto a residencias,18
Santander,Floridablanca,2023,12,Extorsión,2
Santander,Floridablanca,2024,1,Hurto a personas,73
Santander,Floridablanca,2024,1,Hurto a comercio,18
Santander,Floridablanca,2024,1,Hurto de vehículos,11
Santander,Floridablanca,2024,1,Lesiones personales,43
Santander,Floridablanca,2024,1,Homicidio,3
Santander,Floridablanca,2024,1,Violencia intrafamiliar,30
Santander,Floridablanca,2024,1,Hurto a residencias,16
Santander,Floridablanca,2024,1,Extorsión,1
Santander,Floridablanca,2024,2,Hurto a personas,68
Santander,Floridablanca,2024,2,Hurto a comercio,16
Santander,Floridablanca,2024,2,Hurto de vehículos,11
Santander,Floridablanca,2024,2,Lesiones personales,46
Santander,Floridablanca,2024,2,Homicidio,3
Santander,Floridablanca,2024,2,Violencia intrafamiliar,21
Santander,Floridablanca,2024,2,Hurto a residencias,11
Santander,Floridablanca,2024,2,Extorsión,2
Santander,Floridablanca,2024,3,Hurto a personas,75
Santander,Floridablanca,2024,3,Hurto a comercio,14
Santander,Floridablanca,2024,3,Hurto de vehículos,9
Santander,Floridablanca,2024,3,Lesiones personales,31
Santander,Floridablanca,2024,3,Homicidio,3
Santander,Floridablanca,2024,3,Violencia intrafamiliar,23
Santander,Floridablanca,2024,3,Hurto a residencias,10
Santander,Floridablanca,2024,3,Extorsión,1
Santander,Floridablanca,2024,4,Hurto a personas,50
Santander,Floridablanca,2024,4,Hurto a comercio,18
Santander,Floridablanca,2024,4,Hurto de vehículos,12
Santander,Floridablanca,2024,4,Lesiones personales,36
Santander,Floridablanca,2024,4,Homicidio,4
Santander,Floridablanca,2024,4,Violencia intrafamiliar,30
Santander,Floridablanca,2024,4,Hurto a residencias,11
Santander,Floridablanca,2024,4,Extorsión,1
Santander,Floridablanca,2024,5,Hurto a personas,61
Santander,Floridablanca,2024,5,Hurto a comercio,15
Santander,Floridablanca,2024,5,Hurto de vehículos,9
Santander,Floridablanca,2024,5,Lesiones personales,47
Santander,Floridablanca,2024,5,Homicidio,3
Santander,Floridablanca,2024,5,Violencia intrafamiliar,22
Santander,Floridablanca,2024,5,Hurto a residencias,11
Santander,Floridablanca,2024,5,Extorsión,1
Santander,Floridablanca,2024,6,Hurto a personas,67
Santander,Floridablanca,2024,6,Hurto a comercio,16
Santander,Floridablanca,2024,6,Hurto de vehículos,10
Santander,Floridablanca,2024,6,Lesiones personales,38
Santander,Floridablanca,2024,6,Homicidio,3
Santander,Floridablanca,2024,6,Violencia intrafamiliar,23
Santander,Floridablanca,2024,6,Hurto a residencias,16
Santander,Floridablanca,2024,6,Extorsión,2
Santander,Floridablanca,2024,7,Hurto a personas,64
Santander,Floridablanca,2024,7,Hurto a comercio,17
Santander,Floridablanca,2024,7,Hurto de vehículos,10
Santander,Floridablanca,2024,7,Lesiones personales,32
Santander,Floridablanca,2024,7,Homicidio,2
Santander,Floridablanca,2024,7,Violencia intrafamiliar,30
Santander,Floridablanca,2024,7,Hurto a residencias,11
Santander,Floridablanca,2024,7,Extorsión,1
Santander,Floridablanca,2024,8,Hurto a personas,53
Santander,Floridablanca,2024,8,Hurto a comercio,16
Santander,Floridablanca,2024,8,Hurto de vehículos,12
Santander,Floridablanca,2024,8,Lesiones personales,37
Santander,Floridablanca,2024,8,Homicidio,3
Santander,Floridablanca,2024,8,Violencia intrafamiliar,28
Santander,Floridablanca,2024,8,Hurto a residencias,14
Santander,Floridablanca,2024,8,Extorsión,2
Santander,Floridablanca,2024,9,Hurto a personas,69
Santander,Floridablanca,2024,9,Hurto a comercio,17
Santander,Floridablanca,2024,9,Hurto de vehículos,11
Santander,Floridablanca,2024,9,Lesiones personales,35
Santander,Floridablanca,2024,9,Homicidio,3
Santander,Floridablanca,2024,9,Violencia intrafamiliar,27
Santander,Floridablanca,2024,9,Hurto a residencias,15
Santander,Floridablanca,2024,9,Extorsión,2
Santander,Floridablanca,2024,10,Hurto a personas,69
Santander,Floridablanca,2024,10,Hurto a comercio,18
Santander,Floridablanca,2024,10,Hurto de vehículos,10
Santander,Floridablanca,2024,10,Lesiones personales,45
Santander,Floridablanca,2024,10,Homicidio,2
Santander,Floridablanca,2024,10,Violencia intrafamiliar,20
Santander,Floridablanca,2024,10,Hurto a residencias,14
Santander,Floridablanca,2024,10,Extorsión,2
Santander,Floridablanca,2024,11,Hurto a personas,58
Santander,Floridablanca,2024,11,Hurto a comercio,17
Santander,Floridablanca,2024,11,Hurto de vehículos,9
Santander,Floridablanca,2024,11,Lesiones personales,38
Santander,Floridablanca,2024,11,Homicidio,2
Santander,Floridablanca,2024,11,Violencia intrafamiliar,28
Santander,Floridablanca,2024,11,Hurto a residencias,10
Santander,Floridablanca,2024,11,Extorsión,2
Santander,Floridablanca,2024,12,Hurto a personas,83
Santander,Floridablanca,2024,12,Hurto a comercio,21
Santander,Floridablanca,2024,12,Hurto de vehículos,16
Santander,Floridablanca,2024,12,Lesiones personales,35
Santander,Floridablanca,2024,12,Homicidio,3
Santander,Floridablanca,2024,12,Violencia intrafamiliar,32
Santander,Floridablanca,2024,12,Hurto a residencias,12
Santander,Floridablanca,2024,12,Extorsión,2
Risaralda,Pereira,2020,1,Hurto a personas,224
Risaralda,Pereira,2020,1,Hurto a comercio,56
Risaralda,Pereira,2020,1,Hurto de vehículos,32
Risaralda,Pereira,2020,1,Lesiones personales,116
Risaralda,Pereira,2020,1,Homicidio,10
Risaralda,Pereira,2020,1,Violencia intrafamiliar,84
Risaralda,Pereira,2020,1,Hurto a residencias,39
Risaralda,Pereira,2020,1,Extorsión,7
Risaralda,Pereira,2020,2,Hurto a personas,217
Risaralda,Pereira,2020,2,Hurto a comercio,49
Risaralda,Pereira,2020,2,Hurto de vehículos,29
Risaralda,Pereira,2020,2,Lesiones personales,105
Risaralda,Pereira,2020,2,Homicidio,9
Risaralda,Pereira,2020,2,Violencia intrafamiliar,60
Risaralda,Pereira,2020,2,Hurto a residencias,27
Risaralda,Pereira,2020,2,Extorsión,6
Risaralda,Pereira,2020,3,Hurto a personas,216
Risaralda,Pereira,2020,3,Hurto a comercio,42
Risaralda,Pereira,2020,3,Hurto de vehículos,28
Risaralda,Pereira,2020,3,Lesiones personales,109
Risaralda,Pereira,2020,3,Homicidio,9
Risaralda,Pereira,2020,3,Violencia intrafamiliar,62
Risaralda,Pereira,2020,3,Hurto a residencias,29
Risaralda,Pereira,2020,3,Extorsión,6
Risaralda,Pereira,2020,4,Hurto a personas,171
Risaralda,Pereira,2020,4,Hurto a comercio,43
Risaralda,Pereira,2020,4,Hurto de vehículos,36
Risaralda,Pereira,2020,4,Lesiones personales,94
Risaralda,Pereira,2020,4,Homicidio,8
Risaralda,Pereira,2020,4,Violencia intrafamiliar,74
Risaralda,Pereira,2020,4,Hurto a residencias,29
Risaralda,Pereira,2020,4,Extorsión,6
Risaralda,Pereira,2020,5,Hurto a personas,197
Risaralda,Pereira,2020,5,Hurto a comercio,55
Risaralda,Pereira,2020,5,Hurto de vehículos,30
Risaralda,Pereira,2020,5,Lesiones personales,96
Risaralda,Pereira,2020,5,Homicidio,7
Risaralda,Pereira,2020,5,Violencia intrafamiliar,78
Risaralda,Pereira,2020,5,Hurto a residencias,32
Risaralda,Pereira,2020,5,Extorsión,5
Risaralda,Pereira,2020,6,Hurto a personas,164
Risaralda,Pereira,2020,6,Hurto a comercio,48
Risaralda,Pereira,2020,6,Hurto de vehículos,29
Risaralda,Pereira,2020,6,Lesiones personales,135
Risaralda,Pereira,2020,6,Homicidio,8
Risaralda,Pereira,2020,6,Violencia intrafamiliar,84
Risaralda,Pereira,2020,6,Hurto a residencias,33
Risaralda,Pereira,2020,6,Extorsión,7
Risaralda,Pereira,2020,7,Hurto a personas,184
Risaralda,Pereira,2020,7,Hurto a comercio,56
Risaralda,Pereira,2020,7,Hurto de vehículos,28
Risaralda,Pereira,2020,7,Lesiones personales,81
Risaralda,Pereira,2020,7,Homicidio,8
Risaralda,Pereira,2020,7,Violencia intrafamiliar,86
Risaralda,Pereira,2020,7,Hurto a residencias,35
Risaralda,Pereira,2020,7,Extorsión,4
Risaralda,Pereira,2020,8,Hurto a personas,188
Risaralda,Pereira,2020,8,Hurto a comercio,41
Risaralda,Pereira,2020,8,Hurto de vehículos,34
Risaralda,Pereira,2020,8,Lesiones personales,99
Risaralda,Pereira,2020,8,Homicidio,8
Risaralda,Pereira,2020,8,Violencia intrafamiliar,71
Risaralda,Pereira,2020,8,Hurto a residencias,31
Risaralda,Pereira,2020,8,Extorsión,5
Risaralda,Pereira,2020,9,Hurto a personas,193
Risaralda,Pereira,2020,9,Hurto a comercio,45
Risaralda,Pereira,2020,9,Hurto de vehículos,39
Risaralda,Pereira,2020,9,Lesiones personales,91
Risaralda,Pereira,2020,9,Homicidio,9
Risaralda,Pereira,2020,9,Violencia intrafamiliar,82
Risaralda,Pereira,2020,9,Hurto a residencias,38
Risaralda,Pereira,2020,9,Extorsión,5
Risaralda,Pereira,2020,10,Hurto a personas,174
Risaralda,Pereira,2020,10,Hurto a comercio,44
Risaralda,Pereira,2020,10,Hurto de vehículos,27
Risaralda,Pereira,2020,10,Lesiones personales,102
Risaralda,Pereira,2020,10,Homicidio,7
Risaralda,Pereira,2020,10,Violencia intrafamiliar,59
Risaralda,Pereira,2020,10,Hurto a residencias,33
Risaralda,Pereira,2020,10,Extorsión,6
Risaralda,Pereira,2020,11,Hurto a personas,185
Risaralda,Pereira,2020,11,Hurto a comercio,55
Risaralda,Pereira,2020,11,Hurto de vehículos,26
Risaralda,Pereira,2020,11,Lesiones personales,111
Risaralda,Pereira,2020,11,Homicidio,8
Risaralda,Pereira,2020,11,Violencia intrafamiliar,70
Risaralda,Pereira,2020,11,Hurto a residencias,28
Risaralda,Pereira,2020,11,Extorsión,6
Risaralda,Pereira,2020,12,Hurto a personas,189
Risaralda,Pereira,2020,12,Hurto a comercio,61
Risaralda,Pereira,2020,12,Hurto de vehículos,31
Risaralda,Pereira,2020,12,Lesiones personales,120
Risaralda,Pereira,2020,12,Homicidio,10
Risaralda,Pereira,2020,12,Violencia intrafamiliar,95
Risaralda,Pereira,2020,12,Hurto a residencias,48
Risaralda,Pereira,2020,12,Extorsión,6
Risaralda,Pereira,2021,1,Hurto a personas,211
Risaralda,Pereira,2021,1,Hurto a comercio,58
Risaralda,Pereira,2021,1,Hurto de vehículos,34
Risaralda,Pereira,2021,1,Lesiones personales,91
Risaralda,Pereira,2021,1,Homicidio,8
Risaralda,Pereira,2021,1,Violencia intrafamiliar,68
Risaralda,Pereira,2021,1,Hurto a residencias,37
Risaralda,Pereira,2021,1,Extorsión,6
Risaralda,Pereira,2021,2,Hurto a personas,129
Risaralda,Pereira,2021,2,Hurto a comercio,46
Risaralda,Pereira,2021,2,Hurto de vehículos,36
Risaralda,Pereira,2021,2,Lesiones personales,111
Risaralda,Pereira,2021,2,Homicidio,7
Risaralda,Pereira,2021,2,Violencia intrafamiliar,69
Risaralda,Pereira,2021,2,Hurto a residencias,35
Risaralda,Pereira,2021,2,Extorsión,5
Risaralda,Pereira,2021,3,Hurto a personas,148
Risaralda,Pereira,2021,3,Hurto a comercio,56
Risaralda,Pereira,2021,3,Hurto de vehículos,35
Risaralda,Pereira,2021,3,Lesiones personales,86
Risaralda,Pereira,2021,3,Homicidio,9
Risaralda,Pereira,2021,3,Violencia intrafamiliar,57
Risaralda,Pereira,2021,3,Hurto a residencias,37
Risaralda,Pereira,2021,3,Extorsión,5
Risaralda,Pereira,2021,4,Hurto a personas,194
Risaralda,Pereira,2021,4,Hurto a comercio,42
Risaralda,Pereira,2021,4,Hurto de vehículos,39
Risaralda,Pereira,2021,4,Lesiones personales,112
Risaralda,Pereira,2021,4,Homicidio,8
Risaralda,Pereira,2021,4,Violencia intrafamiliar,77
Risaralda,Pereira,2021,4,Hurto a residencias,34
Risaralda,Pereira,2021,4,Extorsión,6
Risaralda,Pereira,2021,5,Hurto a personas,182
Risaralda,Pereira,2021,5,Hurto a comercio,48
Risaralda,Pereira,2021,5,Hurto de vehículos,40
Risaralda,Pereira,2021,5,Lesiones personales,128
Risaralda,Pereira,2021,5,Homicidio,10
Risaralda,Pereira,2021,5,Violencia intrafamiliar,66
Risaralda,Pereira,2021,5,Hurto a residencias,43
Risaralda,Pereira,2021,5,Extorsión,6
Risaralda,Pereira,2021,6,Hurto a personas,188
Risaralda,Pereira,2021,6,Hurto a comercio,57
Risaralda,Pereira,2021,6,Hurto de vehículos,39
Risaralda,Pereira,2021,6,Lesiones personales,95
Risaralda,Pereira,2021,6,Homicidio,11
Risaralda,Pereira,2021,6,Violencia intrafamiliar,75
Risaralda,Pereira,2021,6,Hurto a residencias,36
Risaralda,Pereira,2021,6,Extorsión,5
Risaralda,Pereira,2021,7,Hurto a personas,203
Risaralda,Pereira,2021,7,Hurto a comercio,46
Risaralda,Pereira,2021,7,Hurto de vehículos,28
Risaralda,Pereira,2021,7,Lesiones personales,109
Risaralda,Pereira,2021,7,Homicidio,7
Risaralda,Pereira,2021,7,Violencia intrafamiliar,69
Risaralda,Pereira,2021,7,Hurto a residencias,30
Risaralda,Pereira,2021,7,Extorsión,6
Risaralda,Pereira,2021,8,Hurto a personas,195
Risaralda,Pereira,2021,8,Hurto a comercio,54
Risaralda,Pereira,2021,8,Hurto de vehículos,28
Risaralda,Pereira,2021,8,Lesiones personales,131
Risaralda,Pereira,2021,8,Homicidio,7
Risaralda,Pereira,2021,8,Violencia intrafamiliar,69
Risaralda,Pereira,2021,8,Hurto a residencias,28
Risaralda,Pereira,2021,8,Extorsión,6
Risaralda,Pereira,2021,9,Hurto a personas,205
Risaralda,Pereira,2021,9,Hurto a comercio,44
Risaralda,Pereira,2021,9,Hurto de vehículos,32
Risaralda,Pereira,2021,9,Lesiones personales,111
Risaralda,Pereira,2021,9,Homicidio,7
Risaralda,Pereira,2021,9,Violencia intrafamiliar,64
Risaralda,Pereira,2021,9,Hurto a residencias,31
Risaralda,Pereira,2021,9,Extorsión,5
Risaralda,Pereira,2021,10,Hurto a personas,169
Risaralda,Pereira,2021,10,Hurto a comercio,48
Risaralda,Pereira,2021,10,Hurto de vehículos,25
Risaralda,Pereira,2021,10,Lesiones personales,115
Risaralda,Pereira,2021,10,Homicidio,8
Risaralda,Pereira,2021,10,Violencia intrafamiliar,67
Risaralda,Pereira,2021,10,Hurto a residencias,44
Risaralda,Pereira,2021,10,Extorsión,5
Risaralda,Pereira,2021,11,Hurto a personas,148
Risaralda,Pereira,2021,11,Hurto a comercio,45
Risaralda,Pereira,2021,11,Hurto de vehículos,25
Risaralda,Pereira,2021,11,Lesiones personales,108
Risaralda,Pereira,2021,11,Homicidio,7
Risaralda,Pereira,2021,11,Violencia intrafamiliar,83
Risaralda,Pereira,2021,11,Hurto a residencias,41
Risaralda,Pereira,2021,11,Extorsión,4
Risaralda,Pereira,2021,12,Hurto a personas,180
Risaralda,Pereira,2021,12,Hurto a comercio,47
Risaralda,Pereira,2021,12,Hurto de vehículos,42
Risaralda,Pereira,2021,12,Lesiones personales,101
Risaralda,Pereira,2021,12,Homicidio,10
Risaralda,Pereira,2021,12,Violencia intrafamiliar,68
Risaralda,Pereira,2021,12,Hurto a residencias,45
Risaralda,Pereira,2021,12,Extorsión,6
Risaralda,Pereira,2022,1,Hurto a personas,164
Risaralda,Pereira,2022,1,Hurto a comercio,52
Risaralda,Pereira,2022,1,Hurto de vehículos,34
Risaralda,Pereira,2022,1,Lesiones personales,93
Risaralda,Pereira,2022,1,Homicidio,10
Risaralda,Pereira,2022,1,Violencia intrafamiliar,65
Risaralda,Pereira,2022,1,Hurto a residencias,41
Risaralda,Pereira,2022,1,Extorsión,4
Risaralda,Pereira,2022,2,Hurto a personas,171
Risaralda,Pereira,2022,2,Hurto a comercio,36
Risaralda,Pereira,2022,2,Hurto de vehículos,29
Risaralda,Pereira,2022,2,Lesiones personales,101
Risaralda,Pereira,2022,2,Homicidio,7
Risaralda,Pereira,2022,2,Violencia intrafamiliar,51
Risaralda,Pereira,2022,2,Hurto a residencias,43
Risaralda,Pereira,2022,2,Extorsión,5
Risaralda,Pereira,2022,3,Hurto a personas,148
Risaralda,Pereira,2022,3,Hurto a comercio,55
Risaralda,Pereira,2022,3,Hurto de vehículos,31
Risaralda,Pereira,2022,3,Lesiones personales,86
Risaralda,Pereira,2022,3,Homicidio,8
Risaralda,Pereira,2022,3,Violencia intrafamiliar,67
Risaralda,Pereira,2022,3,Hurto a residencias,28
Risaralda,Pereira,2022,3,Extorsión,6
Risaralda,Pereira,2022,4,Hurto a personas,167
Risaralda,Pereira,2022,4,Hurto a comercio,47
Risaralda,Pereira,2022,4,Hurto de vehículos,28
Risaralda,Pereira,2022,4,Lesiones personales,103
Risaralda,Pereira,2022,4,Homicidio,8
Risaralda,Pereira,2022,4,Violencia intrafamiliar,71
Risaralda,Pereira,2022,4,Hurto a residencias,37
Risaralda,Pereira,2022,4,Extorsión,4
Risaralda,Pereira,2022,5,Hurto a personas,176
Risaralda,Pereira,2022,5,Hurto a comercio,54
Risaralda,Pereira,2022,5,Hurto de vehículos,30
Risaralda,Pereira,2022,5,Lesiones personales,98
Risaralda,Pereira,2022,5,Homicidio,8
Risaralda,Pereira,2022,5,Violencia intrafamiliar,54
Risaralda,Pereira,2022,5,Hurto a residencias,38
Risaralda,Pereira,2022,5,Extorsión,6
Risaralda,Pereira,2022,6,Hurto a personas,202
Risaralda,Pereira,2022,6,Hurto a comercio,53
Risaralda,Pereira,2022,6,Hurto de vehículos,32
Risaralda,Pereira,2022,6,Lesiones personales,118
Risaralda,Pereira,2022,6,Homicidio,10
Risaralda,Pereira,2022,6,Violencia intrafamiliar,72
Risaralda,Pereira,2022,6,Hurto a residencias,42
Risaralda,Pereira,2022,6,Extorsión,6
Risaralda,Pereira,2022,7,Hurto a personas,135
Risaralda,Pereira,2022,7,Hurto a comercio,37
Risaralda,Pereira,2022,7,Hurto de vehículos,32
Risaralda,Pereira,2022,7,Lesiones personales,120
Risaralda,Pereira,2022,7,Homicidio,9
Risaralda,Pereira,2022,7,Violencia intrafamiliar,69
Risaralda,Pereira,2022,7,Hurto a residencias,32
Risaralda,Pereira,2022,7,Extorsión,6
Risaralda,Pereira,2022,8,Hurto a personas,173
Risaralda,Pereira,2022,8,Hurto a comercio,36
Risaralda,Pereira,2022,8,Hurto de vehículos,34
Risaralda,Pereira,2022,8,Lesiones personales,103
Risaralda,Pereira,2022,8,Homicidio,7
Risaralda,Pereira,2022,8,Violencia intrafamiliar,74
Risaralda,Pereira,2022,8,Hurto a residencias,41
Risaralda,Pereira,2022,8,Extorsión,4
Risaralda,Pereira,2022,9,Hurto a personas,157
Risaralda,Pereira,2022,9,Hurto a comercio,35
Risaralda,Pereira,2022,9,Hurto de vehículos,31
Risaralda,Pereira,2022,9,Lesiones personales,108
Risaralda,Pereira,2022,9,Homicidio,7
Risaralda,Pereira,2022,9,Violencia intrafamiliar,58
Risaralda,Pereira,2022,9,Hurto a residencias,34
Risaralda,Pereira,2022,9,Extorsión,5
Risaralda,Pereira,2022,10,Hurto a personas,175
Risaralda,Pereira,2022,10,Hurto a comercio,39
Risaralda,Pereira,2022,10,Hurto de vehículos,27
Risaralda,Pereira,2022,10,Lesiones personales,115
Risaralda,Pereira,2022,10,Homicidio,7
Risaralda,Pereira,2022,10,Violencia intrafamiliar,74
Risaralda,Pereira,2022,10,Hurto a residencias,30
Risaralda,Pereira,2022,10,Extorsión,6
Risaralda,Pereira,2022,11,Hurto a personas,164
Risaralda,Pereira,2022,11,Hurto a comercio,40
Risaralda,Pereira,2022,11,Hurto de vehículos,33
Risaralda,Pereira,2022,11,Lesiones personales,123
Risaralda,Pereira,2022,11,Homicidio,7
Risaralda,Pereira,2022,11,Violencia intrafamiliar,74
Risaralda,Pereira,2022,11,Hurto a residencias,33
Risaralda,Pereira,2022,11,Extorsión,5
Risaralda,Pereira,2022,12,Hurto a personas,176
Risaralda,Pereira,2022,12,Hurto a comercio,52
Risaralda,Pereira,2022,12,Hurto de vehículos,35
Risaralda,Pereira,2022,12,Lesiones personales,133
Risaralda,Pereira,2022,12,Homicidio,11
Risaralda,Pereira,2022,12,Violencia intrafamiliar,88
Risaralda,Pereira,2022,12,Hurto a residencias,39
Risaralda,Pereira,2022,12,Extorsión,6
Risaralda,Pereira,2023,1,Hurto a personas,206
Risaralda,Pereira,2023,1,Hurto a comercio,38
Risaralda,Pereira,2023,1,Hurto de vehículos,38
Risaralda,Pereira,2023,1,Lesiones personales,110
Risaralda,Pereira,2023,1,Homicidio,8
Risaralda,Pereira,2023,1,Violencia intrafamiliar,59
Risaralda,Pereira,2023,1,Hurto a residencias,32
Risaralda,Pereira,2023,1,Extorsión,4
Risaralda,Pereira,2023,2,Hurto a personas,201
Risaralda,Pereira,2023,2,Hurto a comercio,49
Risaralda,Pereira,2023,2,Hurto de vehículos,29
Risaralda,Pereira,2023,2,Lesiones personales,93
Risaralda,Pereira,2023,2,Homicidio,8
Risaralda,Pereira,2023,2,Violencia intrafamiliar,67
Risaralda,Pereira,2023,2,Hurto a residencias,39
Risaralda,Pereira,2023,2,Extorsión,6
Risaralda,Pereira,2023,3,Hurto a personas,177
Risaralda,Pereira,2023,3,Hurto a comercio,37
Risaralda,Pereira,2023,3,Hurto de vehículos,34
Risaralda,Pereira,2023,3,Lesiones personales,94
Risaralda,Pereira,2023,3,Homicidio,9
Risaralda,Pereira,2023,3,Violencia intrafamiliar,76
Risaralda,Pereira,2023,3,Hurto a residencias,31
Risaralda,Pereira,2023,3,Extorsión,5
Risaralda,Pereira,2023,4,Hurto a personas,154
Risaralda,Pereira,2023,4,Hurto a comercio,47
Risaralda,Pereira,2023,4,Hurto de vehículos,29
Risaralda,Pereira,2023,4,Lesiones personales,124
Risaralda,Pereira,2023,4,Homicidio,7
Risaralda,Pereira,2023,4,Violencia intrafamiliar,77
Risaralda,Pereira,2023,4,Hurto a residencias,36
Risaralda,Pereira,2023,4,Extorsión,4
Risaralda,Pereira,2023,5,Hurto a personas,140
Risaralda,Pereira,2023,5,Hurto a comercio,51
Risaralda,Pereira,2023,5,Hurto de vehículos,38
Risaralda,Pereira,2023,5,Lesiones personales,88
Risaralda,Pereira,2023,5,Homicidio,9
Risaralda,Pereira,2023,5,Violencia intrafamiliar,64
Risaralda,Pereira,2023,5,Hurto a residencias,38
Risaralda,Pereira,2023,5,Extorsión,4
Risaralda,Pereira,2023,6,Hurto a personas,205
Risaralda,Pereira,2023,6,Hurto a comercio,45
Risaralda,Pereira,2023,6,Hurto de vehículos,31
Risaralda,Pereira,2023,6,Lesiones personales,117
Risaralda,Pereira,2023,6,Homicidio,10
Risaralda,Pereira,2023,6,Violencia intrafamiliar,75
Risaralda,Pereira,2023,6,Hurto a residencias,34
Risaralda,Pereira,2023,6,Extorsión,5
Risaralda,Pereira,2023,7,Hurto a personas,164
Risaralda,Pereira,2023,7,Hurto a comercio,50
Risaralda,Pereira,2023,7,Hurto de vehículos,24
Risaralda,Pereira,2023,7,Lesiones personales,114
Risaralda,Pereira,2023,7,Homicidio,9
Risaralda,Pereira,2023,7,Violencia intrafamiliar,68
Risaralda,Pereira,2023,7,Hurto a residencias,30
Risaralda,Pereira,2023,7,Extorsión,4
Risaralda,Pereira,2023,8,Hurto a personas,160
Risaralda,Pereira,2023,8,Hurto a comercio,32
Risaralda,Pereira,2023,8,Hurto de vehículos,32
Risaralda,Pereira,2023,8,Lesiones personales,107
Risaralda,Pereira,2023,8,Homicidio,9
Risaralda,Pereira,2023,8,Violencia intrafamiliar,61
Risaralda,Pereira,2023,8,Hurto a residencias,29
Risaralda,Pereira,2023,8,Extorsión,6
Risaralda,Pereira,2023,9,Hurto a personas,155
Risaralda,Pereira,2023,9,Hurto a comercio,51
Risaralda,Pereira,2023,9,Hurto de vehículos,25
Risaralda,Pereira,2023,9,Lesiones personales,100
Risaralda,Pereira,2023,9,Homicidio,9
Risaralda,Pereira,2023,9,Violencia intrafamiliar,71
Risaralda,Pereira,2023,9,Hurto a residencias,34
Risaralda,Pereira,2023,9,Extorsión,5
Risaralda,Pereira,2023,10,Hurto a personas,167
Risaralda,Pereira,2023,10,Hurto a comercio,51
Risaralda,Pereira,2023,10,Hurto de vehículos,35
Risaralda,Pereira,2023,10,Lesiones personales,98
Risaralda,Pereira,2023,10,Homicidio,7
Risaralda,Pereira,2023,10,Violencia intrafamiliar,75
Risaralda,Pereira,2023,10,Hurto a residencias,31
Risaralda,Pereira,2023,10,Extorsión,4
Risaralda,Pereira,2023,11,Hurto a personas,197
Risaralda,Pereira,2023,11,Hurto a comercio,35
Risaralda,Pereira,2023,11,Hurto de vehículos,35
Risaralda,Pereira,2023,11,Lesiones personales,102
Risaralda,Pereira,2023,11,Homicidio,7
Risaralda,Pereira,2023,11,Violencia intrafamiliar,49
Risaralda,Pereira,2023,11,Hurto a residencias,27
Risaralda,Pereira,2023,11,Extorsión,4
Risaralda,Pereira,2023,12,Hurto a personas,184
Risaralda,Pereira,2023,12,Hurto a comercio,45
Risaralda,Pereira,2023,12,Hurto de vehículos,37
Risaralda,Pereira,2023,12,Lesiones personales,106
Risaralda,Pereira,2023,12,Homicidio,8
Risaralda,Pereira,2023,12,Violencia intrafamiliar,59
Risaralda,Pereira,2023,12,Hurto a residencias,35
Risaralda,Pereira,2023,12,Extorsión,5
Risaralda,Pereira,2024,1,Hurto a personas,177
Risaralda,Pereira,2024,1,Hurto a comercio,49
Risaralda,Pereira,2024,1,Hurto de vehículos,28
Risaralda,Pereira,2024,1,Lesiones personales,121
Risaralda,Pereira,2024,1,Homicidio,10
Risaralda,Pereira,2024,1,Violencia intrafamiliar,75
Risaralda,Pereira,2024,1,Hurto a residencias,34
Risaralda,Pereira,2024,1,Extorsión,5
Risaralda,Pereira,2024,2,Hurto a personas,178
Risaralda,Pereira,2024,2,Hurto a comercio,36
Risaralda,Pereira,2024,2,Hurto de vehículos,27
Risaralda,Pereira,2024,2,Lesiones personales,94
Risaralda,Pereira,2024,2,Homicidio,9
Risaralda,Pereira,2024,2,Violencia intrafamiliar,46
Risaralda,Pereira,2024,2,Hurto a residencias,33
Risaralda,Pereira,2024,2,Extorsión,4
Risaralda,Pereira,2024,3,Hurto a personas,162
Risaralda,Pereira,2024,3,Hurto a comercio,39
Risaralda,Pereira,2024,3,Hurto de vehículos,30
Risaralda,Pereira,2024,3,Lesiones personales,116
Risaralda,Pereira,2024,3,Homicidio,10
Risaralda,Pereira,2024,3,Violencia intrafamiliar,64
Risaralda,Pereira,2024,3,Hurto a residencias,33
Risaralda,Pereira,2024,3,Extorsión,5
Risaralda,Pereira,2024,4,Hurto a personas,183
Risaralda,Pereira,2024,4,Hurto a comercio,33
Risaralda,Pereira,2024,4,Hurto de vehículos,33
Risaralda,Pereira,2024,4,Lesiones personales,100
Risaralda,Pereira,2024,4,Homicidio,6
Risaralda,Pereira,2024,4,Violencia intrafamiliar,64
Risaralda,Pereira,2024,4,Hurto a residencias,35
Risaralda,Pereira,2024,4,Extorsión,5
Risaralda,Pereira,2024,5,Hurto a personas,182
Risaralda,Pereira,2024,5,Hurto a comercio,49
Risaralda,Pereira,2024,5,Hurto de vehículos,25
Risaralda,Pereira,2024,5,Lesiones personales,114
Risaralda,Pereira,2024,5,Homicidio,8
Risaralda,Pereira,2024,5,Violencia intrafamiliar,59
Risaralda,Pereira,2024,5,Hurto a residencias,42
Risaralda,Pereira,2024,5,Extorsión,4
Risaralda,Pereira,2024,6,Hurto a personas,158
Risaralda,Pereira,2024,6,Hurto a comercio,42
Risaralda,Pereira,2024,6,Hurto de vehículos,36
Risaralda,Pereira,2024,6,Lesiones personales,88
Risaralda,Pereira,2024,6,Homicidio,7
Risaralda,Pereira,2024,6,Violencia intrafamiliar,78
Risaralda,Pereira,2024,6,Hurto a residencias,40
Risaralda,Pereira,2024,6,Extorsión,6
Risaralda,Pereira,2024,7,Hurto a personas,162
Risaralda,Pereira,2024,7,Hurto a comercio,35
Risaralda,Pereira,2024,7,Hurto de vehículos,27
Risaralda,Pereira,2024,7,Lesiones personales,76
Risaralda,Pereira,2024,7,Homicidio,7
Risaralda,Pereira,2024,7,Violencia intrafamiliar,64
Risaralda,Pereira,2024,7,Hurto a residencias,28
Risaralda,Pereira,2024,7,Extorsión,5
Risaralda,Pereira,2024,8,Hurto a personas,172
Risaralda,Pereira,2024,8,Hurto a comercio,47
Risaralda,Pereira,2024,8,Hurto de vehículos,23
Risaralda,Pereira,2024,8,Lesiones personales,91
Risaralda,Pereira,2024,8,Homicidio,8
Risaralda,Pereira,2024,8,Violencia intrafamiliar,58
Risaralda,Pereira,2024,8,Hurto a residencias,36
Risaralda,Pereira,2024,8,Extorsión,6
Risaralda,Pereira,2024,9,Hurto a personas,150
Risaralda,Pereira,2024,9,Hurto a comercio,41
Risaralda,Pereira,2024,9,Hurto de vehículos,30
Risaralda,Pereira,2024,9,Lesiones personales,107
Risaralda,Pereira,2024,9,Homicidio,8
Risaralda,Pereira,2024,9,Violencia intrafamiliar,67
Risaralda,Pereira,2024,9,Hurto a residencias,39
Risaralda,Pereira,2024,9,Extorsión,4
Risaralda,Pereira,2024,10,Hurto a personas,159
Risaralda,Pereira,2024,10,Hurto a comercio,43
Risaralda,Pereira,2024,10,Hurto de vehículos,30
Risaralda,Pereira,2024,10,Lesiones personales,81
Risaralda,Pereira,2024,10,Homicidio,8
Risaralda,Pereira,2024,10,Violencia intrafamiliar,62
Risaralda,Pereira,2024,10,Hurto a residencias,38
Risaralda,Pereira,2024,10,Extorsión,5
Risaralda,Pereira,2024,11,Hurto a personas,143
Risaralda,Pereira,2024,11,Hurto a comercio,38
Risaralda,Pereira,2024,11,Hurto de vehículos,28
Risaralda,Pereira,2024,11,Lesiones personales,83
Risaralda,Pereira,2024,11,Homicidio,7
Risaralda,Pereira,2024,11,Violencia intrafamiliar,62
Risaralda,Pereira,2024,11,Hurto a residencias,27
Risaralda,Pereira,2024,11,Extorsión,5
Risaralda,Pereira,2024,12,Hurto a personas,211
Risaralda,Pereira,2024,12,Hurto a comercio,41
Risaralda,Pereira,2024,12,Hurto de vehículos,31
Risaralda,Pereira,2024,12,Lesiones personales,111
Risaralda,Pereira,2024,12,Homicidio,8
Risaralda,Pereira,2024,12,Violencia intrafamiliar,74
Risaralda,Pereira,2024,12,Hurto a residencias,40
Risaralda,Pereira,2024,12,Extorsión,5
Magdalena,Santa Marta,2020,1,Hurto a personas,209
Magdalena,Santa Marta,2020,1,Hurto a comercio,55
Magdalena,Santa Marta,2020,1,Hurto de vehículos,40
Magdalena,Santa Marta,2020,1,Lesiones personales,168
Magdalena,Santa Marta,2020,1,Homicidio,14
Magdalena,Santa Marta,2020,1,Violencia intrafamiliar,94
Magdalena,Santa Marta,2020,1,Hurto a residencias,40
Magdalena,Santa Marta,2020,1,Extorsión,8
Magdalena,Santa Marta,2020,2,Hurto a personas,227
Magdalena,Santa Marta,2020,2,Hurto a comercio,49
Magdalena,Santa Marta,2020,2,Hurto de vehículos,33
Magdalena,Santa Marta,2020,2,Lesiones personales,130
Magdalena,Santa Marta,2020,2,Homicidio,14
Magdalena,Santa Marta,2020,2,Violencia intrafamiliar,89
Magdalena,Santa Marta,2020,2,Hurto a residencias,43
Magdalena,Santa Marta,2020,2,Extorsión,7
Magdalena,Santa Marta,2020,3,Hurto a personas,232
Magdalena,Santa Marta,2020,3,Hurto a comercio,45
Magdalena,Santa Marta,2020,3,Hurto de vehículos,41
Magdalena,Santa Marta,2020,3,Lesiones personales,110
Magdalena,Santa Marta,2020,3,Homicidio,10
Magdalena,Santa Marta,2020,3,Violencia intrafamiliar,99
Magdalena,Santa Marta,2020,3,Hurto a residencias,44
Magdalena,Santa Marta,2020,3,Extorsión,7
Magdalena,Santa Marta,2020,4,Hurto a personas,199
Magdalena,Santa Marta,2020,4,Hurto a comercio,49
Magdalena,Santa Marta,2020,4,Hurto de vehículos,36
Magdalena,Santa Marta,2020,4,Lesiones personales,114
Magdalena,Santa Marta,2020,4,Homicidio,12
Magdalena,Santa Marta,2020,4,Violencia intrafamiliar,88
Magdalena,Santa Marta,2020,4,Hurto a residencias,43
Magdalena,Santa Marta,2020,4,Extorsión,7
Magdalena,Santa Marta,2020,5,Hurto a personas,178
Magdalena,Santa Marta,2020,5,Hurto a comercio,56
Magdalena,Santa Marta,2020,5,Hurto de vehículos,45
Magdalena,Santa Marta,2020,5,Lesiones personales,127
Magdalena,Santa Marta,2020,5,Homicidio,13
Magdalena,Santa Marta,2020,5,Violencia intrafamiliar,82
Magdalena,Santa Marta,2020,5,Hurto a residencias,40
Magdalena,Santa Marta,2020,5,Extorsión,6
Magdalena,Santa Marta,2020,6,Hurto a personas,268
Magdalena,Santa Marta,2020,6,Hurto a comercio,66
Magdalena,Santa Marta,2020,6,Hurto de vehículos,49
Magdalena,Santa Marta,2020,6,Lesiones personales,152
Magdalena,Santa Marta,2020,6,Homicidio,11
Magdalena,Santa Marta,2020,6,Violencia intrafamiliar,85
Magdalena,Santa Marta,2020,6,Hurto a residencias,41
Magdalena,Santa Marta,2020,6,Extorsión,6
Magdalena,Santa Marta,2020,7,Hurto a personas,215
Magdalena,Santa Marta,2020,7,Hurto a comercio,61
Magdalena,Santa Marta,2020,7,Hurto de vehículos,36
Magdalena,Santa Marta,2020,7,Lesiones personales,125
Magdalena,Santa Marta,2020,7,Homicidio,10
Magdalena,Santa Marta,2020,7,Violencia intrafamiliar,73
Magdalena,Santa Marta,2020,7,Hurto a residencias,47
Magdalena,Santa Marta,2020,7,Extorsión,6
Magdalena,Santa Marta,2020,8,Hurto a personas,189
Magdalena,Santa Marta,2020,8,Hurto a comercio,56
Magdalena,Santa Marta,2020,8,Hurto de vehículos,32
Magdalena,Santa Marta,2020,8,Lesiones personales,154
Magdalena,Santa Marta,2020,8,Homicidio,11
Magdalena,Santa Marta,2020,8,Violencia intrafamiliar,69
Magdalena,Santa Marta,2020,8,Hurto a residencias,46
Magdalena,Santa Marta,2020,8,Extorsión,6
Magdalena,Santa Marta,2020,9,Hurto a personas,260
Magdalena,Santa Marta,2020,9,Hurto a comercio,59
Magdalena,Santa Marta,2020,9,Hurto de vehículos,39
Magdalena,Santa Marta,2020,9,Lesiones personales,104
Magdalena,Santa Marta,2020,9,Homicidio,12
Magdalena,Santa Marta,2020,9,Violencia intrafamiliar,83
Magdalena,Santa Marta,2020,9,Hurto a residencias,39
Magdalena,Santa Marta,2020,9,Extorsión,8
Magdalena,Santa Marta,2020,10,Hurto a personas,221
Magdalena,Santa Marta,2020,10,Hurto a comercio,72
Magdalena,Santa Marta,2020,10,Hurto de vehículos,47
Magdalena,Santa Marta,2020,10,Lesiones personales,116
Magdalena,Santa Marta,2020,10,Homicidio,12
Magdalena,Santa Marta,2020,10,Violencia intrafamiliar,85
Magdalena,Santa Marta,2020,10,Hurto a residencias,44
Magdalena,Santa Marta,2020,10,Extorsión,6
Magdalena,Santa Marta,2020,11,Hurto a personas,259
Magdalena,Santa Marta,2020,11,Hurto a comercio,50
Magdalena,Santa Marta,2020,11,Hurto de vehículos,40
Magdalena,Santa Marta,2020,11,Lesiones personales,120
Magdalena,Santa Marta,2020,11,Homicidio,14
Magdalena,Santa Marta,2020,11,Violencia intrafamiliar,92
Magdalena,Santa Marta,2020,11,Hurto a residencias,42
Magdalena,Santa Marta,2020,11,Extorsión,7
Magdalena,Santa Marta,2020,12,Hurto a personas,241
Magdalena,Santa Marta,2020,12,Hurto a comercio,53
Magdalena,Santa Marta,2020,12,Hurto de vehículos,54
Magdalena,Santa Marta,2020,12,Lesiones personales,132
Magdalena,Santa Marta,2020,12,Homicidio,10
Magdalena,Santa Marta,2020,12,Violencia intrafamiliar,86
Magdalena,Santa Marta,2020,12,Hurto a residencias,43
Magdalena,Santa Marta,2020,12,Extorsión,7
Magdalena,Santa Marta,2021,1,Hurto a personas,240
Magdalena,Santa Marta,2021,1,Hurto a comercio,63
Magdalena,Santa Marta,2021,1,Hurto de vehículos,36
Magdalena,Santa Marta,2021,1,Lesiones personales,139
Magdalena,Santa Marta,2021,1,Homicidio,13
Magdalena,Santa Marta,2021,1,Violencia intrafamiliar,80
Magdalena,Santa Marta,2021,1,Hurto a residencias,38
Magdalena,Santa Marta,2021,1,Extorsión,7
Magdalena,Santa Marta,2021,2,Hurto a personas,180
Magdalena,Santa Marta,2021,2,Hurto a comercio,55
Magdalena,Santa Marta,2021,2,Hurto de vehículos,36
Magdalena,Santa Marta,2021,2,Lesiones personales,108
Magdalena,Santa Marta,2021,2,Homicidio,9
Magdalena,Santa Marta,2021,2,Violencia intrafamiliar,78
Magdalena,Santa Marta,2021,2,Hurto a residencias,34
Magdalena,Santa Marta,2021,2,Extorsión,8
Magdalena,Santa Marta,2021,3,Hurto a personas,254
Magdalena,Santa Marta,2021,3,Hurto a comercio,48
Magdalena,Santa Marta,2021,3,Hurto de vehículos,35
Magdalena,Santa Marta,2021,3,Lesiones personales,143
Magdalena,Santa Marta,2021,3,Homicidio,10
Magdalena,Santa Marta,2021,3,Violencia intrafamiliar,79
Magdalena,Santa Marta,2021,3,Hurto a residencias,49
Magdalena,Santa Marta,2021,3,Extorsión,6
Magdalena,Santa Marta,2021,4,Hurto a personas,161
Magdalena,Santa Marta,2021,4,Hurto a comercio,44
Magdalena,Santa Marta,2021,4,Hurto de vehículos,37
Magdalena,Santa Marta,2021,4,Lesiones personales,124
Magdalena,Santa Marta,2021,4,Homicidio,10
Magdalena,Santa Marta,2021,4,Violencia intrafamiliar,70
Magdalena,Santa Marta,2021,4,Hurto a residencias,55
Magdalena,Santa Marta,2021,4,Extorsión,5
Magdalena,Santa Marta,2021,5,Hurto a personas,172
Magdalena,Santa Marta,2021,5,Hurto a comercio,56
Magdalena,Santa Marta,2021,5,Hurto de vehículos,43
Magdalena,Santa Marta,2021,5,Lesiones personales,150
Magdalena,Santa Marta,2021,5,Homicidio,9
Magdalena,Santa Marta,2021,5,Violencia intrafamiliar,83
Magdalena,Santa Marta,2021,5,Hurto a residencias,49
Magdalena,Santa Marta,2021,5,Extorsión,8
Magdalena,Santa Marta,2021,6,Hurto a personas,202
Magdalena,Santa Marta,2021,6,Hurto a comercio,51
Magdalena,Santa Marta,2021,6,Hurto de vehículos,36
Magdalena,Santa Marta,2021,6,Lesiones personales,154
Magdalena,Santa Marta,2021,6,Homicidio,14
Magdalena,Santa Marta,2021,6,Violencia intrafamiliar,82
Magdalena,Santa Marta,2021,6,Hurto a residencias,44
Magdalena,Santa Marta,2021,6,Extorsión,6
Magdalena,Santa Marta,2021,7,Hurto a personas,183
Magdalena,Santa Marta,2021,7,Hurto a comercio,58
Magdalena,Santa Marta,2021,7,Hurto de vehículos,43
Magdalena,Santa Marta,2021,7,Lesiones personales,162
Magdalena,Santa Marta,2021,7,Homicidio,10
Magdalena,Santa Marta,2021,7,Violencia intrafamiliar,78
Magdalena,Santa Marta,2021,7,Hurto a residencias,47
Magdalena,Santa Marta,2021,7,Extorsión,6
Magdalena,Santa Marta,2021,8,Hurto a personas,216
Magdalena,Santa Marta,2021,8,Hurto a comercio,41
Magdalena,Santa Marta,2021,8,Hurto de vehículos,39
Magdalena,Santa Marta,2021,8,Lesiones personales,122
Magdalena,Santa Marta,2021,8,Homicidio,12
Magdalena,Santa Marta,2021,8,Violencia intrafamiliar,78
Magdalena,Santa Marta,2021,8,Hurto a residencias,38
Magdalena,Santa Marta,2021,8,Extorsión,8
Magdalena,Santa Marta,2021,9,Hurto a personas,153
Magdalena,Santa Marta,2021,9,Hurto a comercio,46
Magdalena,Santa Marta,2021,9,Hurto de vehículos,42
Magdalena,Santa Marta,2021,9,Lesiones personales,146
Magdalena,Santa Marta,2021,9,Homicidio,10
Magdalena,Santa Marta,2021,9,Violencia intrafamiliar,85
Magdalena,Santa Marta,2021,9,Hurto a residencias,41
Magdalena,Santa Marta,2021,9,Extorsión,6
Magdalena,Santa Marta,2021,10,Hurto a personas,164
Magdalena,Santa Marta,2021,10,Hurto a comercio,44
Magdalena,Santa Marta,2021,10,Hurto de vehículos,44
Magdalena,Santa Marta,2021,10,Lesiones personales,167
Magdalena,Santa Marta,2021,10,Homicidio,10
Magdalena,Santa Marta,2021,10,Violencia intrafamiliar,92
Magdalena,Santa Marta,2021,10,Hurto a residencias,45
Magdalena,Santa Marta,2021,10,Extorsión,6
Magdalena,Santa Marta,2021,11,Hurto a personas,248
Magdalena,Santa Marta,2021,11,Hurto a comercio,55
Magdalena,Santa Marta,2021,11,Hurto de vehículos,35
Magdalena,Santa Marta,2021,11,Lesiones personales,155
Magdalena,Santa Marta,2021,11,Homicidio,8
Magdalena,Santa Marta,2021,11,Violencia intrafamiliar,93
Magdalena,Santa Marta,2021,11,Hurto a residencias,40
Magdalena,Santa Marta,2021,11,Extorsión,6
Magdalena,Santa Marta,2021,12,Hurto a personas,238
Magdalena,Santa Marta,2021,12,Hurto a comercio,58
Magdalena,Santa Marta,2021,12,Hurto de vehículos,52
Magdalena,Santa Marta,2021,12,Lesiones personales,145
Magdalena,Santa Marta,2021,12,Homicidio,15
Magdalena,Santa Marta,2021,12,Violencia intrafamiliar,102
Magdalena,Santa Marta,2021,12,Hurto a residencias,48
Magdalena,Santa Marta,2021,12,Extorsión,6
Magdalena,Santa Marta,2022,1,Hurto a personas,256
Magdalena,Santa Marta,2022,1,Hurto a comercio,60
Magdalena,Santa Marta,2022,1,Hurto de vehículos,49
Magdalena,Santa Marta,2022,1,Lesiones personales,122
Magdalena,Santa Marta,2022,1,Homicidio,10
Magdalena,Santa Marta,2022,1,Violencia intrafamiliar,91
Magdalena,Santa Marta,2022,1,Hurto a residencias,49
Magdalena,Santa Marta,2022,1,Extorsión,6
Magdalena,Santa Marta,2022,2,Hurto a personas,193
Magdalena,Santa Marta,2022,2,Hurto a comercio,66
Magdalena,Santa Marta,2022,2,Hurto de vehículos,38
Magdalena,Santa Marta,2022,2,Lesiones personales,159
Magdalena,Santa Marta,2022,2,Homicidio,8
Magdalena,Santa Marta,2022,2,Violencia intrafamiliar,83
Magdalena,Santa Marta,2022,2,Hurto a residencias,44
Magdalena,Santa Marta,2022,2,Extorsión,7
Magdalena,Santa Marta,2022,3,Hurto a personas,209
Magdalena,Santa Marta,2022,3,Hurto a comercio,58
Magdalena,Santa Marta,2022,3,Hurto de vehículos,41
Magdalena,Santa Marta,2022,3,Lesiones personales,98
Magdalena,Santa Marta,2022,3,Homicidio,9
Magdalena,Santa Marta,2022,3,Violencia intrafamiliar,94
Magdalena,Santa Marta,2022,3,Hurto a residencias,45
Magdalena,Santa Marta,2022,3,Extorsión,5
Magdalena,Santa Marta,2022,4,Hurto a personas,203
Magdalena,Santa Marta,2022,4,Hurto a comercio,47
Magdalena,Santa Marta,2022,4,Hurto de vehículos,47
Magdalena,Santa Marta,2022,4,Lesiones personales,102
Magdalena,Santa Marta,2022,4,Homicidio,9
Magdalena,Santa Marta,2022,4,Violencia intrafamiliar,78
Magdalena,Santa Marta,2022,4,Hurto a residencias,36
Magdalena,Santa Marta,2022,4,Extorsión,7
Magdalena,Santa Marta,2022,5,Hurto a personas,195
Magdalena,Santa Marta,2022,5,Hurto a comercio,49
Magdalena,Santa Marta,2022,5,Hurto de vehículos,40
Magdalena,Santa Marta,2022,5,Lesiones personales,108
Magdalena,Santa Marta,2022,5,Homicidio,10
Magdalena,Santa Marta,2022,5,Violencia intrafamiliar,78
Magdalena,Santa Marta,2022,5,Hurto a residencias,45
Magdalena,Santa Marta,2022,5,Extorsión,5
Magdalena,Santa Marta,2022,6,Hurto a personas,186
Magdalena,Santa Marta,2022,6,Hurto a comercio,66
Magdalena,Santa Marta,2022,6,Hurto de vehículos,35
Magdalena,Santa Marta,2022,6,Lesiones personales,160
Magdalena,Santa Marta,2022,6,Homicidio,10
Magdalena,Santa Marta,2022,6,Violencia intrafamiliar,102
Magdalena,Santa Marta,2022,6,Hurto a residencias,49
Magdalena,Santa Marta,2022,6,Extorsión,6
Magdalena,Santa Marta,2022,7,Hurto a personas,222
Magdalena,Santa Marta,2022,7,Hurto a comercio,64
Magdalena,Santa Marta,2022,7,Hurto de vehículos,38
Magdalena,Santa Marta,2022,7,Lesiones personales,108
Magdalena,Santa Marta,2022,7,Homicidio,10
Magdalena,Santa Marta,2022,7,Violencia intrafamiliar,69
Magdalena,Santa Marta,2022,7,Hurto a residencias,39
Magdalena,Santa Marta,2022,7,Extorsión,5
Magdalena,Santa Marta,2022,8,Hurto a personas,202
Magdalena,Santa Marta,2022,8,Hurto a comercio,48
Magdalena,Santa Marta,2022,8,Hurto de vehículos,38
Magdalena,Santa Marta,2022,8,Lesiones personales,133
Magdalena,Santa Marta,2022,8,Homicidio,10
Magdalena,Santa Marta,2022,8,Violencia intrafamiliar,91
Magdalena,Santa Marta,2022,8,Hurto a residencias,38
Magdalena,Santa Marta,2022,8,Extorsión,5
Magdalena,Santa Marta,2022,9,Hurto a personas,239
Magdalena,Santa Marta,2022,9,Hurto a comercio,50
Magdalena,Santa Marta,2022,9,Hurto de vehículos,43
Magdalena,Santa Marta,2022,9,Lesiones personales,99
Magdalena,Santa Marta,2022,9,Homicidio,9
Magdalena,Santa Marta,2022,9,Violencia intrafamiliar,99
Magdalena,Santa Marta,2022,9,Hurto a residencias,47
Magdalena,Santa Marta,2022,9,Extorsión,5
Magdalena,Santa Marta,2022,10,Hurto a personas,182
Magdalena,Santa Marta,2022,10,Hurto a comercio,51
Magdalena,Santa Marta,2022,10,Hurto de vehículos,41
Magdalena,Santa Marta,2022,10,Lesiones personales,107
Magdalena,Santa Marta,2022,10,Homicidio,10
Magdalena,Santa Marta,2022,10,Violencia intrafamiliar,84
Magdalena,Santa Marta,2022,10,Hurto a residencias,38
Magdalena,Santa Marta,2022,10,Extorsión,6
Magdalena,Santa Marta,2022,11,Hurto a personas,232
Magdalena,Santa Marta,2022,11,Hurto a comercio,47
Magdalena,Santa Marta,2022,11,Hurto de vehículos,35
Magdalena,Santa Marta,2022,11,Lesiones personales,104
Magdalena,Santa Marta,2022,11,Homicidio,10
Magdalena,Santa Marta,2022,11,Violencia intrafamiliar,67
Magdalena,Santa Marta,2022,11,Hurto a residencias,34
Magdalena,Santa Marta,2022,11,Extorsión,8
Magdalena,Santa Marta,2022,12,Hurto a personas,190
Magdalena,Santa Marta,2022,12,Hurto a comercio,52
Magdalena,Santa Marta,2022,12,Hurto de vehículos,40
Magdalena,Santa Marta,2022,12,Lesiones personales,155
Magdalena,Santa Marta,2022,12,Homicidio,13
Magdalena,Santa Marta,2022,12,Violencia intrafamiliar,84
Magdalena,Santa Marta,2022,12,Hurto a residencias,44
Magdalena,Santa Marta,2022,12,Extorsión,9
Magdalena,Santa Marta,2023,1,Hurto a personas,181
Magdalena,Santa Marta,2023,1,Hurto a comercio,65
Magdalena,Santa Marta,2023,1,Hurto de vehículos,34
Magdalena,Santa Marta,2023,1,Lesiones personales,117
Magdalena,Santa Marta,2023,1,Homicidio,11
Magdalena,Santa Marta,2023,1,Violencia intrafamiliar,70
Magdalena,Santa Marta,2023,1,Hurto a residencias,43
Magdalena,Santa Marta,2023,1,Extorsión,8
Magdalena,Santa Marta,2023,2,Hurto a personas,226
Magdalena,Santa Marta,2023,2,Hurto a comercio,53
Magdalena,Santa Marta,2023,2,Hurto de vehículos,35
Magdalena,Santa Marta,2023,2,Lesiones personales,106
Magdalena,Santa Marta,2023,2,Homicidio,10
Magdalena,Santa Marta,2023,2,Violencia intrafamiliar,78
Magdalena,Santa Marta,2023,2,Hurto a residencias,43
Magdalena,Santa Marta,2023,2,Extorsión,7
Magdalena,Santa Marta,2023,3,Hurto a personas,177
Magdalena,Santa Marta,2023,3,Hurto a comercio,45
Magdalena,Santa Marta,2023,3,Hurto de vehículos,31
Magdalena,Santa Marta,2023,3,Lesiones personales,116
Magdalena,Santa Marta,2023,3,Homicidio,10
Magdalena,Santa Marta,2023,3,Violencia intrafamiliar,65
Magdalena,Santa Marta,2023,3,Hurto a residencias,34
Magdalena,Santa Marta,2023,3,Extorsión,5
Magdalena,Santa Marta,2023,4,Hurto a personas,241
Magdalena,Santa Marta,2023,4,Hurto a comercio,45
Magdalena,Santa Marta,2023,4,Hurto de vehículos,37
Magdalena,Santa Marta,2023,4,Lesiones personales,127
Magdalena,Santa Marta,2023,4,Homicidio,10
Magdalena,Santa Marta,2023,4,Violencia intrafamiliar,94
Magdalena,Santa Marta,2023,4,Hurto a residencias,43
Magdalena,Santa Marta,2023,4,Extorsión,8
Magdalena,Santa Marta,2023,5,Hurto a personas,189
Magdalena,Santa Marta,2023,5,Hurto a comercio,61
Magdalena,Santa Marta,2023,5,Hurto de vehículos,38
Magdalena,Santa Marta,2023,5,Lesiones personales,106
Magdalena,Santa Marta,2023,5,Homicidio,10
Magdalena,Santa Marta,2023,5,Violencia intrafamiliar,72
Magdalena,Santa Marta,2023,5,Hurto a residencias,43
Magdalena,Santa Marta,2023,5,Extorsión,7
Magdalena,Santa Marta,2023,6,Hurto a personas,226
Magdalena,Santa Marta,2023,6,Hurto a comercio,66
Magdalena,Santa Marta,2023,6,Hurto de vehículos,41
Magdalena,Santa Marta,2023,6,Lesiones personales,114
Magdalena,Santa Marta,2023,6,Homicidio,11
Magdalena,Santa Marta,2023,6,Violencia intrafamiliar,72
Magdalena,Santa Marta,2023,6,Hurto a residencias,49
Magdalena,Santa Marta,2023,6,Extorsión,6
Magdalena,Santa Marta,2023,7,Hurto a personas,152
Magdalena,Santa Marta,2023,7,Hurto a comercio,43
Magdalena,Santa Marta,2023,7,Hurto de vehículos,38
Magdalena,Santa Marta,2023,7,Lesiones personales,135
Magdalena,Santa Marta,2023,7,Homicidio,9
Magdalena,Santa Marta,2023,7,Violencia intrafamiliar,90
Magdalena,Santa Marta,2023,7,Hurto a residencias,40
Magdalena,Santa Marta,2023,7,Extorsión,8
Magdalena,Santa Marta,2023,8,Hurto a personas,201
Magdalena,Santa Marta,2023,8,Hurto a comercio,45
Magdalena,Santa Marta,2023,8,Hurto de vehículos,45
Magdalena,Santa Marta,2023,8,Lesiones personales,130
Magdalena,Santa Marta,2023,8,Homicidio,8
Magdalena,Santa Marta,2023,8,Violencia intrafamiliar,92
Magdalena,Santa Marta,2023,8,Hurto a residencias,48
Magdalena,Santa Marta,2023,8,Extorsión,6
Magdalena,Santa Marta,2023,9,Hurto a personas,247
Magdalena,Santa Marta,2023,9,Hurto a comercio,52
Magdalena,Santa Marta,2023,9,Hurto de vehículos,43
Magdalena,Santa Marta,2023,9,Lesiones personales,98
Magdalena,Santa Marta,2023,9,Homicidio,10
Magdalena,Santa Marta,2023,9,Violencia intrafamiliar,67
Magdalena,Santa Marta,2023,9,Hurto a residencias,46
Magdalena,Santa Marta,2023,9,Extorsión,5
Magdalena,Santa Marta,2023,10,Hurto a personas,158
Magdalena,Santa Marta,2023,10,Hurto a comercio,43
Magdalena,Santa Marta,2023,10,Hurto de vehículos,31
Magdalena,Santa Marta,2023,10,Lesiones personales,120
Magdalena,Santa Marta,2023,10,Homicidio,8
Magdalena,Santa Marta,2023,10,Violencia intrafamiliar,58
Magdalena,Santa Marta,2023,10,Hurto a residencias,48
Magdalena,Santa Marta,2023,10,Extorsión,5
Magdalena,Santa Marta,2023,11,Hurto a personas,160
Magdalena,Santa Marta,2023,11,Hurto a comercio,45
Magdalena,Santa Marta,2023,11,Hurto de vehículos,36
Magdalena,Santa Marta,2023,11,Lesiones personales,94
Magdalena,Santa Marta,2023,11,Homicidio,10
Magdalena,Santa Marta,2023,11,Violencia intrafamiliar,84
Magdalena,Santa Marta,2023,11,Hurto a residencias,43
Magdalena,Santa Marta,2023,11,Extorsión,5
Magdalena,Santa Marta,2023,12,Hurto a personas,227
Magdalena,Santa Marta,2023,12,Hurto a comercio,62
Magdalena,Santa Marta,2023,12,Hurto de vehículos,41
Magdalena,Santa Marta,2023,12,Lesiones personales,143
Magdalena,Santa Marta,2023,12,Homicidio,14
Magdalena,Santa Marta,2023,12,Violencia intrafamiliar,79
Magdalena,Santa Marta,2023,12,Hurto a residencias,39
Magdalena,Santa Marta,2023,12,Extorsión,7
Magdalena,Santa Marta,2024,1,Hurto a personas,237
Magdalena,Santa Marta,2024,1,Hurto a comercio,58
Magdalena,Santa Marta,2024,1,Hurto de vehículos,46
Magdalena,Santa Marta,2024,1,Lesiones personales,105
Magdalena,Santa Marta,2024,1,Homicidio,11
Magdalena,Santa Marta,2024,1,Violencia intrafamiliar,82
Magdalena,Santa Marta,2024,1,Hurto a residencias,35
Magdalena,Santa Marta,2024,1,Extorsión,5
Magdalena,Santa Marta,2024,2,Hurto a personas,228
Magdalena,Santa Marta,2024,2,Hurto a comercio,51
Magdalena,Santa Marta,2024,2,Hurto de vehículos,35
Magdalena,Santa Marta,2024,2,Lesiones personales,146
Magdalena,Santa Marta,2024,2,Homicidio,8
Magdalena,Santa Marta,2024,2,Violencia intrafamiliar,66
Magdalena,Santa Marta,2024,2,Hurto a residencias,45
Magdalena,Santa Marta,2024,2,Extorsión,7
Magdalena,Santa Marta,2024,3,Hurto a personas,156
Magdalena,Santa Marta,2024,3,Hurto a comercio,42
Magdalena,Santa Marta,2024,3,Hurto de vehículos,29
Magdalena,Santa Marta,2024,3,Lesiones personales,130
Magdalena,Santa Marta,2024,3,Homicidio,8
Magdalena,Santa Marta,2024,3,Violencia intrafamiliar,84
Magdalena,Santa Marta,2024,3,Hurto a residencias,33
Magdalena,Santa Marta,2024,3,Extorsión,6
Magdalena,Santa Marta,2024,4,Hurto a personas,199
Magdalena,Santa Marta,2024,4,Hurto a comercio,44
Magdalena,Santa Marta,2024,4,Hurto de vehículos,43
Magdalena,Santa Marta,2024,4,Lesiones personales,99
Magdalena,Santa Marta,2024,4,Homicidio,10
Magdalena,Santa Marta,2024,4,Violencia intrafamiliar,72
Magdalena,Santa Marta,2024,4,Hurto a residencias,44
Magdalena,Santa Marta,2024,4,Extorsión,6
Magdalena,Santa Marta,2024,5,Hurto a personas,161
Magdalena,Santa Marta,2024,5,Hurto a comercio,52
Magdalena,Santa Marta,2024,5,Hurto de vehículos,37
Magdalena,Santa Marta,2024,5,Lesiones personales,92
Magdalena,Santa Marta,2024,5,Homicidio,9
Magdalena,Santa Marta,2024,5,Violencia intrafamiliar,81
Magdalena,Santa Marta,2024,5,Hurto a residencias,50
Magdalena,Santa Marta,2024,5,Extorsión,7
Magdalena,Santa Marta,2024,6,Hurto a personas,246
Magdalena,Santa Marta,2024,6,Hurto a comercio,63
Magdalena,Santa Marta,2024,6,Hurto de vehículos,39
Magdalena,Santa Marta,2024,6,Lesiones personales,110
Magdalena,Santa Marta,2024,6,Homicidio,9
Magdalena,Santa Marta,2024,6,Violencia intrafamiliar,74
Magdalena,Santa Marta,2024,6,Hurto a residencias,48
Magdalena,Santa Marta,2024,6,Extorsión,8
Magdalena,Santa Marta,2024,7,Hurto a personas,179
Magdalena,Santa Marta,2024,7,Hurto a comercio,54
Magdalena,Santa Marta,2024,7,Hurto de vehículos,31
Magdalena,Santa Marta,2024,7,Lesiones personales,120
Magdalena,Santa Marta,2024,7,Homicidio,8
Magdalena,Santa Marta,2024,7,Violencia intrafamiliar,80
Magdalena,Santa Marta,2024,7,Hurto a residencias,38
Magdalena,Santa Marta,2024,7,Extorsión,6
Magdalena,Santa Marta,2024,8,Hurto a personas,172
Magdalena,Santa Marta,2024,8,Hurto a comercio,45
Magdalena,Santa Marta,2024,8,Hurto de vehículos,34
Magdalena,Santa Marta,2024,8,Lesiones personales,133
Magdalena,Santa Marta,2024,8,Homicidio,8
Magdalena,Santa Marta,2024,8,Violencia intrafamiliar,73
Magdalena,Santa Marta,2024,8,Hurto a residencias,40
Magdalena,Santa Marta,2024,8,Extorsión,5
Magdalena,Santa Marta,2024,9,Hurto a personas,170
Magdalena,Santa Marta,2024,9,Hurto a comercio,56
Magdalena,Santa Marta,2024,9,Hurto de vehículos,37
Magdalena,Santa Marta,2024,9,Lesiones personales,113
Magdalena,Santa Marta,2024,9,Homicidio,11
Magdalena,Santa Marta,2024,9,Violencia intrafamiliar,72
Magdalena,Santa Marta,2024,9,Hurto a residencias,38
Magdalena,Santa Marta,2024,9,Extorsión,7
Magdalena,Santa Marta,2024,10,Hurto a personas,194
Magdalena,Santa Marta,2024,10,Hurto a comercio,54
Magdalena,Santa Marta,2024,10,Hurto de vehículos,27
Magdalena,Santa Marta,2024,10,Lesiones personales,99
Magdalena,Santa Marta,2024,10,Homicidio,8
Magdalena,Santa Marta,2024,10,Violencia intrafamiliar,77
Magdalena,Santa Marta,2024,10,Hurto a residencias,44
Magdalena,Santa Marta,2024,10,Extorsión,6
Magdalena,Santa Marta,2024,11,Hurto a personas,216
Magdalena,Santa Marta,2024,11,Hurto a comercio,45
Magdalena,Santa Marta,2024,11,Hurto de vehículos,29
Magdalena,Santa Marta,2024,11,Lesiones personales,114
Magdalena,Santa Marta,2024,11,Homicidio,8
Magdalena,Santa Marta,2024,11,Violencia intrafamiliar,90
Magdalena,Santa Marta,2024,11,Hurto a residencias,50
Magdalena,Santa Marta,2024,11,Extorsión,6
Magdalena,Santa Marta,2024,12,Hurto a personas,215
Magdalena,Santa Marta,2024,12,Hurto a comercio,48
Magdalena,Santa Marta,2024,12,Hurto de vehículos,44
Magdalena,Santa Marta,2024,12,Lesiones personales,123
Magdalena,Santa Marta,2024,12,Homicidio,10
Magdalena,Santa Marta,2024,12,Violencia intrafamiliar,86
Magdalena,Santa Marta,2024,12,Hurto a residencias,53
Magdalena,Santa Marta,2024,12,Extorsión,6
Tolima,Ibagué,2020,1,Hurto a personas,174
Tolima,Ibagué,2020,1,Hurto a comercio,53
Tolima,Ibagué,2020,1,Hurto de vehículos,46
Tolima,Ibagué,2020,1,Lesiones personales,135
Tolima,Ibagué,2020,1,Homicidio,11
Tolima,Ibagué,2020,1,Violencia intrafamiliar,91
Tolima,Ibagué,2020,1,Hurto a residencias,41
Tolima,Ibagué,2020,1,Extorsión,8
Tolima,Ibagué,2020,2,Hurto a personas,232
Tolima,Ibagué,2020,2,Hurto a comercio,55
Tolima,Ibagué,2020,2,Hurto de vehículos,45
Tolima,Ibagué,2020,2,Lesiones personales,93
Tolima,Ibagué,2020,2,Homicidio,9
Tolima,Ibagué,2020,2,Violencia intrafamiliar,68
Tolima,Ibagué,2020,2,Hurto a residencias,40
Tolima,Ibagué,2020,2,Extorsión,6
Tolima,Ibagué,2020,3,Hurto a personas,181
Tolima,Ibagué,2020,3,Hurto a comercio,59
Tolima,Ibagué,2020,3,Hurto de vehículos,29
Tolima,Ibagué,2020,3,Lesiones personales,105
Tolima,Ibagué,2020,3,Homicidio,10
Tolima,Ibagué,2020,3,Violencia intrafamiliar,68
Tolima,Ibagué,2020,3,Hurto a residencias,45
Tolima,Ibagué,2020,3,Extorsión,7
Tolima,Ibagué,2020,4,Hurto a personas,154
Tolima,Ibagué,2020,4,Hurto a comercio,62
Tolima,Ibagué,2020,4,Hurto de vehículos,33
Tolima,Ibagué,2020,4,Lesiones personales,104
Tolima,Ibagué,2020,4,Homicidio,8
Tolima,Ibagué,2020,4,Violencia intrafamiliar,69
Tolima,Ibagué,2020,4,Hurto a residencias,42
Tolima,Ibagué,2020,4,Extorsión,7
Tolima,Ibagué,2020,5,Hurto a personas,193
Tolima,Ibagué,2020,5,Hurto a comercio,58
Tolima,Ibagué,2020,5,Hurto de vehículos,34
Tolima,Ibagué,2020,5,Lesiones personales,116
Tolima,Ibagué,2020,5,Homicidio,11
Tolima,Ibagué,2020,5,Violencia intrafamiliar,63
Tolima,Ibagué,2020,5,Hurto a residencias,33
Tolima,Ibagué,2020,5,Extorsión,6
Tolima,Ibagué,2020,6,Hurto a personas,203
Tolima,Ibagué,2020,6,Hurto a comercio,63
Tolima,Ibagué,2020,6,Hurto de vehículos,40
Tolima,Ibagué,2020,6,Lesiones personales,109
Tolima,Ibagué,2020,6,Homicidio,9
Tolima,Ibagué,2020,6,Violencia intrafamiliar,94
Tolima,Ibagué,2020,6,Hurto a residencias,44
Tolima,Ibagué,2020,6,Extorsión,8
Tolima,Ibagué,2020,7,Hurto a personas,196
Tolima,Ibagué,2020,7,Hurto a comercio,60
Tolima,Ibagué,2020,7,Hurto de vehículos,39
Tolima,Ibagué,2020,7,Lesiones personales,141
Tolima,Ibagué,2020,7,Homicidio,11
Tolima,Ibagué,2020,7,Violencia intrafamiliar,89
Tolima,Ibagué,2020,7,Hurto a residencias,43
Tolima,Ibagué,2020,7,Extorsión,7
Tolima,Ibagué,2020,8,Hurto a personas,179
Tolima,Ibagué,2020,8,Hurto a comercio,52
Tolima,Ibagué,2020,8,Hurto de vehículos,32
Tolima,Ibagué,2020,8,Lesiones personales,99
Tolima,Ibagué,2020,8,Homicidio,11
Tolima,Ibagué,2020,8,Violencia intrafamiliar,81
Tolima,Ibagué,2020,8,Hurto a residencias,44
Tolima,Ibagué,2020,8,Extorsión,5
Tolima,Ibagué,2020,9,Hurto a personas,186
Tolima,Ibagué,2020,9,Hurto a comercio,42
Tolima,Ibagué,2020,9,Hurto de vehículos,40
Tolima,Ibagué,2020,9,Lesiones personales,129
Tolima,Ibagué,2020,9,Homicidio,12
Tolima,Ibagué,2020,9,Violencia intrafamiliar,66
Tolima,Ibagué,2020,9,Hurto a residencias,36
Tolima,Ibagué,2020,9,Extorsión,7
Tolima,Ibagué,2020,10,Hurto a personas,162
Tolima,Ibagué,2020,10,Hurto a comercio,57
Tolima,Ibagué,2020,10,Hurto de vehículos,34
Tolima,Ibagué,2020,10,Lesiones personales,132
Tolima,Ibagué,2020,10,Homicidio,9
Tolima,Ibagué,2020,10,Violencia intrafamiliar,74
Tolima,Ibagué,2020,10,Hurto a residencias,31
Tolima,Ibagué,2020,10,Extorsión,6
Tolima,Ibagué,2020,11,Hurto a personas,232
Tolima,Ibagué,2020,11,Hurto a comercio,49
Tolima,Ibagué,2020,11,Hurto de vehículos,38
Tolima,Ibagué,2020,11,Lesiones personales,149
Tolima,Ibagué,2020,11,Homicidio,11
Tolima,Ibagué,2020,11,Violencia intrafamiliar,85
Tolima,Ibagué,2020,11,Hurto a residencias,51
Tolima,Ibagué,2020,11,Extorsión,6
Tolima,Ibagué,2020,12,Hurto a personas,234
Tolima,Ibagué,2020,12,Hurto a comercio,63
Tolima,Ibagué,2020,12,Hurto de vehículos,50
Tolima,Ibagué,2020,12,Lesiones personales,125
Tolima,Ibagué,2020,12,Homicidio,14
Tolima,Ibagué,2020,12,Violencia intrafamiliar,101
Tolima,Ibagué,2020,12,Hurto a residencias,52
Tolima,Ibagué,2020,12,Extorsión,8
Tolima,Ibagué,2021,1,Hurto a personas,225
Tolima,Ibagué,2021,1,Hurto a comercio,61
Tolima,Ibagué,2021,1,Hurto de vehículos,35
Tolima,Ibagué,2021,1,Lesiones personales,104
Tolima,Ibagué,2021,1,Homicidio,12
Tolima,Ibagué,2021,1,Violencia intrafamiliar,91
Tolima,Ibagué,2021,1,Hurto a residencias,44
Tolima,Ibagué,2021,1,Extorsión,7
Tolima,Ibagué,2021,2,Hurto a personas,160
Tolima,Ibagué,2021,2,Hurto a comercio,55
Tolima,Ibagué,2021,2,Hurto de vehículos,38
Tolima,Ibagué,2021,2,Lesiones personales,147
Tolima,Ibagué,2021,2,Homicidio,11
Tolima,Ibagué,2021,2,Violencia intrafamiliar,76
Tolima,Ibagué,2021,2,Hurto a residencias,37
Tolima,Ibagué,2021,2,Extorsión,5
Tolima,Ibagué,2021,3,Hurto a personas,156
Tolima,Ibagué,2021,3,Hurto a comercio,55
Tolima,Ibagué,2021,3,Hurto de vehículos,40
Tolima,Ibagué,2021,3,Lesiones personales,134
Tolima,Ibagué,2021,3,Homicidio,10
Tolima,Ibagué,2021,3,Violencia intrafamiliar,65
Tolima,Ibagué,2021,3,Hurto a residencias,44
Tolima,Ibagué,2021,3,Extorsión,6
Tolima,Ibagué,2021,4,Hurto a personas,202
Tolima,Ibagué,2021,4,Hurto a comercio,57
Tolima,Ibagué,2021,4,Hurto de vehículos,32
Tolima,Ibagué,2021,4,Lesiones personales,122
Tolima,Ibagué,2021,4,Homicidio,11
Tolima,Ibagué,2021,4,Violencia intrafamiliar,78
Tolima,Ibagué,2021,4,Hurto a residencias,34
Tolima,Ibagué,2021,4,Extorsión,7
Tolima,Ibagué,2021,5,Hurto a personas,233
Tolima,Ibagué,2021,5,Hurto a comercio,55
Tolima,Ibagué,2021,5,Hurto de vehículos,35
Tolima,Ibagué,2021,5,Lesiones personales,104
Tolima,Ibagué,2021,5,Homicidio,10
Tolima,Ibagué,2021,5,Violencia intrafamiliar,70
Tolima,Ibagué,2021,5,Hurto a residencias,45
Tolima,Ibagué,2021,5,Extorsión,6
Tolima,Ibagué,2021,6,Hurto a personas,169
Tolima,Ibagué,2021,6,Hurto a comercio,60
Tolima,Ibagué,2021,6,Hurto de vehículos,41
Tolima,Ibagué,2021,6,Lesiones personales,121
Tolima,Ibagué,2021,6,Homicidio,12
Tolima,Ibagué,2021,6,Violencia intrafamiliar,84
Tolima,Ibagué,2021,6,Hurto a residencias,51
Tolima,Ibagué,2021,6,Extorsión,7
Tolima,Ibagué,2021,7,Hurto a personas,206
Tolima,Ibagué,2021,7,Hurto a comercio,62
Tolima,Ibagué,2021,7,Hurto de vehículos,41
Tolima,Ibagué,2021,7,Lesiones personales,116
Tolima,Ibagué,2021,7,Homicidio,8
Tolima,Ibagué,2021,7,Violencia intrafamiliar,83
Tolima,Ibagué,2021,7,Hurto a residencias,33
Tolima,Ibagué,2021,7,Extorsión,5
Tolima,Ibagué,2021,8,Hurto a personas,216
Tolima,Ibagué,2021,8,Hurto a comercio,50
Tolima,Ibagué,2021,8,Hurto de vehículos,28
Tolima,Ibagué,2021,8,Lesiones personales,99
Tolima,Ibagué,2021,8,Homicidio,9
Tolima,Ibagué,2021,8,Violencia intrafamiliar,82
Tolima,Ibagué,2021,8,Hurto a residencias,41
Tolima,Ibagué,2021,8,Extorsión,6
Tolima,Ibagué,2021,9,Hurto a personas,208
Tolima,Ibagué,2021,9,Hurto a comercio,57
Tolima,Ibagué,2021,9,Hurto de vehículos,42
Tolima,Ibagué,2021,9,Lesiones personales,124
Tolima,Ibagué,2021,9,Homicidio,10
Tolima,Ibagué,2021,9,Violencia intrafamiliar,84
Tolima,Ibagué,2021,9,Hurto a residencias,32
Tolima,Ibagué,2021,9,Extorsión,5
Tolima,Ibagué,2021,10,Hurto a personas,169
Tolima,Ibagué,2021,10,Hurto a comercio,61
Tolima,Ibagué,2021,10,Hurto de vehículos,40
Tolima,Ibagué,2021,10,Lesiones personales,105
Tolima,Ibagué,2021,10,Homicidio,10
Tolima,Ibagué,2021,10,Violencia intrafamiliar,67
Tolima,Ibagué,2021,10,Hurto a residencias,47
Tolima,Ibagué,2021,10,Extorsión,6
Tolima,Ibagué,2021,11,Hurto a personas,227
Tolima,Ibagué,2021,11,Hurto a comercio,40
Tolima,Ibagué,2021,11,Hurto de vehículos,38
Tolima,Ibagué,2021,11,Lesiones personales,116
Tolima,Ibagué,2021,11,Homicidio,11
Tolima,Ibagué,2021,11,Violencia intrafamiliar,71
Tolima,Ibagué,2021,11,Hurto a residencias,39
Tolima,Ibagué,2021,11,Extorsión,6
Tolima,Ibagué,2021,12,Hurto a personas,181
Tolima,Ibagué,2021,12,Hurto a comercio,50
Tolima,Ibagué,2021,12,Hurto de vehículos,37
Tolima,Ibagué,2021,12,Lesiones personales,147
Tolima,Ibagué,2021,12,Homicidio,12
Tolima,Ibagué,2021,12,Violencia intrafamiliar,90
Tolima,Ibagué,2021,12,Hurto a residencias,51
Tolima,Ibagué,2021,12,Extorsión,8
Tolima,Ibagué,2022,1,Hurto a personas,172
Tolima,Ibagué,2022,1,Hurto a comercio,53
Tolima,Ibagué,2022,1,Hurto de vehículos,39
Tolima,Ibagué,2022,1,Lesiones personales,112
Tolima,Ibagué,2022,1,Homicidio,10
Tolima,Ibagué,2022,1,Violencia intrafamiliar,83
Tolima,Ibagué,2022,1,Hurto a residencias,40
Tolima,Ibagué,2022,1,Extorsión,5
Tolima,Ibagué,2022,2,Hurto a personas,197
Tolima,Ibagué,2022,2,Hurto a comercio,42
Tolima,Ibagué,2022,2,Hurto de vehículos,33
Tolima,Ibagué,2022,2,Lesiones personales,106
Tolima,Ibagué,2022,2,Homicidio,9
Tolima,Ibagué,2022,2,Violencia intrafamiliar,81
Tolima,Ibagué,2022,2,Hurto a residencias,38
Tolima,Ibagué,2022,2,Extorsión,4
Tolima,Ibagué,2022,3,Hurto a personas,199
Tolima,Ibagué,2022,3,Hurto a comercio,56
Tolima,Ibagué,2022,3,Hurto de vehículos,27
Tolima,Ibagué,2022,3,Lesiones personales,98
Tolima,Ibagué,2022,3,Homicidio,9
Tolima,Ibagué,2022,3,Violencia intrafamiliar,66
Tolima,Ibagué,2022,3,Hurto a residencias,44
Tolima,Ibagué,2022,3,Extorsión,6
Tolima,Ibagué,2022,4,Hurto a personas,215
Tolima,Ibagué,2022,4,Hurto a comercio,52
Tolima,Ibagué,2022,4,Hurto de vehículos,33
Tolima,Ibagué,2022,4,Lesiones personales,106
Tolima,Ibagué,2022,4,Homicidio,10
Tolima,Ibagué,2022,4,Violencia intrafamiliar,71
Tolima,Ibagué,2022,4,Hurto a residencias,42
Tolima,Ibagué,2022,4,Extorsión,6
Tolima,Ibagué,2022,5,Hurto a personas,195
Tolima,Ibagué,2022,5,Hurto a comercio,46
Tolima,Ibagué,2022,5,Hurto de vehículos,35
Tolima,Ibagué,2022,5,Lesiones personales,137
Tolima,Ibagué,2022,5,Homicidio,9
Tolima,Ibagué,2022,5,Violencia intrafamiliar,73
Tolima,Ibagué,2022,5,Hurto a residencias,36
Tolima,Ibagué,2022,5,Extorsión,7
Tolima,Ibagué,2022,6,Hurto a personas,161
Tolima,Ibagué,2022,6,Hurto a comercio,48
Tolima,Ibagué,2022,6,Hurto de vehículos,37
Tolima,Ibagué,2022,6,Lesiones personales,119
Tolima,Ibagué,2022,6,Homicidio,11
Tolima,Ibagué,2022,6,Violencia intrafamiliar,94
Tolima,Ibagué,2022,6,Hurto a residencias,38
Tolima,Ibagué,2022,6,Extorsión,6
Tolima,Ibagué,2022,7,Hurto a personas,211
Tolima,Ibagué,2022,7,Hurto a comercio,51
Tolima,Ibagué,2022,7,Hurto de vehículos,43
Tolima,Ibagué,2022,7,Lesiones personales,122
Tolima,Ibagué,2022,7,Homicidio,10
Tolima,Ibagué,2022,7,Violencia intrafamiliar,79
Tolima,Ibagué,2022,7,Hurto a residencias,33
Tolima,Ibagué,2022,7,Extorsión,4
Tolima,Ibagué,2022,8,Hurto a personas,226
Tolima,Ibagué,2022,8,Hurto a comercio,49
Tolima,Ibagué,2022,8,Hurto de vehículos,32
Tolima,Ibagué,2022,8,Lesiones personales,139
Tolima,Ibagué,2022,8,Homicidio,8
Tolima,Ibagué,2022,8,Violencia intrafamiliar,82
Tolima,Ibagué,2022,8,Hurto a residencias,42
Tolima,Ibagué,2022,8,Extorsión,6
Tolima,Ibagué,2022,9,Hurto a personas,236
Tolima,Ibagué,2022,9,Hurto a comercio,59
Tolima,Ibagué,2022,9,Hurto de vehículos,29
Tolima,Ibagué,2022,9,Lesiones personales,134
Tolima,Ibagué,2022,9,Homicidio,11
Tolima,Ibagué,2022,9,Violencia intrafamiliar,70
Tolima,Ibagué,2022,9,Hurto a residencias,38
Tolima,Ibagué,2022,9,Extorsión,5
Tolima,Ibagué,2022,10,Hurto a personas,186
Tolima,Ibagué,2022,10,Hurto a comercio,49
Tolima,Ibagué,2022,10,Hurto de vehículos,39
Tolima,Ibagué,2022,10,Lesiones personales,122
Tolima,Ibagué,2022,10,Homicidio,10
Tolima,Ibagué,2022,10,Violencia intrafamiliar,73
Tolima,Ibagué,2022,10,Hurto a residencias,44
Tolima,Ibagué,2022,10,Extorsión,6
Tolima,Ibagué,2022,11,Hurto a personas,190
Tolima,Ibagué,2022,11,Hurto a comercio,61
Tolima,Ibagué,2022,11,Hurto de vehículos,31
Tolima,Ibagué,2022,11,Lesiones personales,131
Tolima,Ibagué,2022,11,Homicidio,9
Tolima,Ibagué,2022,11,Violencia intrafamiliar,85
Tolima,Ibagué,2022,11,Hurto a residencias,34
Tolima,Ibagué,2022,11,Extorsión,6
Tolima,Ibagué,2022,12,Hurto a personas,219
Tolima,Ibagué,2022,12,Hurto a comercio,64
Tolima,Ibagué,2022,12,Hurto de vehículos,38
Tolima,Ibagué,2022,12,Lesiones personales,152
Tolima,Ibagué,2022,12,Homicidio,13
Tolima,Ibagué,2022,12,Violencia intrafamiliar,101
Tolima,Ibagué,2022,12,Hurto a residencias,44
Tolima,Ibagué,2022,12,Extorsión,6
Tolima,Ibagué,2023,1,Hurto a personas,208
Tolima,Ibagué,2023,1,Hurto a comercio,45
Tolima,Ibagué,2023,1,Hurto de vehículos,31
Tolima,Ibagué,2023,1,Lesiones personales,135
Tolima,Ibagué,2023,1,Homicidio,10
Tolima,Ibagué,2023,1,Violencia intrafamiliar,76
Tolima,Ibagué,2023,1,Hurto a residencias,47
Tolima,Ibagué,2023,1,Extorsión,7
Tolima,Ibagué,2023,2,Hurto a personas,168
Tolima,Ibagué,2023,2,Hurto a comercio,51
Tolima,Ibagué,2023,2,Hurto de vehículos,28
Tolima,Ibagué,2023,2,Lesiones personales,134
Tolima,Ibagué,2023,2,Homicidio,8
Tolima,Ibagué,2023,2,Violencia intrafamiliar,65
Tolima,Ibagué,2023,2,Hurto a residencias,44
Tolima,Ibagué,2023,2,Extorsión,5
Tolima,Ibagué,2023,3,Hurto a personas,140
Tolima,Ibagué,2023,3,Hurto a comercio,46
Tolima,Ibagué,2023,3,Hurto de vehículos,30
Tolima,Ibagué,2023,3,Lesiones personales,127
Tolima,Ibagué,2023,3,Homicidio,9
Tolima,Ibagué,2023,3,Violencia intrafamiliar,75
Tolima,Ibagué,2023,3,Hurto a residencias,33
Tolima,Ibagué,2023,3,Extorsión,6
Tolima,Ibagué,2023,4,Hurto a personas,186
Tolima,Ibagué,2023,4,Hurto a comercio,47
Tolima,Ibagué,2023,4,Hurto de vehículos,31
Tolima,Ibagué,2023,4,Lesiones personales,119
Tolima,Ibagué,2023,4,Homicidio,9
Tolima,Ibagué,2023,4,Violencia intrafamiliar,73
Tolima,Ibagué,2023,4,Hurto a residencias,31
Tolima,Ibagué,2023,4,Extorsión,6
Tolima,Ibagué,2023,5,Hurto a personas,171
Tolima,Ibagué,2023,5,Hurto a comercio,43
Tolima,Ibagué,2023,5,Hurto de vehículos,39
Tolima,Ibagué,2023,5,Lesiones personales,121
Tolima,Ibagué,2023,5,Homicidio,11
Tolima,Ibagué,2023,5,Violencia intrafamiliar,64
Tolima,Ibagué,2023,5,Hurto a residencias,44
Tolima,Ibagué,2023,5,Extorsión,6
Tolima,Ibagué,2023,6,Hurto a personas,173
Tolima,Ibagué,2023,6,Hurto a comercio,52
Tolima,Ibagué,2023,6,Hurto de vehículos,39
Tolima,Ibagué,2023,6,Lesiones personales,129
Tolima,Ibagué,2023,6,Homicidio,11
Tolima,Ibagué,2023,6,Violencia intrafamiliar,77
Tolima,Ibagué,2023,6,Hurto a residencias,44
Tolima,Ibagué,2023,6,Extorsión,6
Tolima,Ibagué,2023,7,Hurto a personas,194
Tolima,Ibagué,2023,7,Hurto a comercio,50
Tolima,Ibagué,2023,7,Hurto de vehículos,29
Tolima,Ibagué,2023,7,Lesiones personales,120
Tolima,Ibagué,2023,7,Homicidio,7
Tolima,Ibagué,2023,7,Violencia intrafamiliar,83
Tolima,Ibagué,2023,7,Hurto a residencias,34
Tolima,Ibagué,2023,7,Extorsión,6
Tolima,Ibagué,2023,8,Hurto a personas,200
Tolima,Ibagué,2023,8,Hurto a comercio,50
Tolima,Ibagué,2023,8,Hurto de vehículos,38
Tolima,Ibagué,2023,8,Lesiones personales,116
Tolima,Ibagué,2023,8,Homicidio,11
Tolima,Ibagué,2023,8,Violencia intrafamiliar,85
Tolima,Ibagué,2023,8,Hurto a residencias,36
Tolima,Ibagué,2023,8,Extorsión,7
Tolima,Ibagué,2023,9,Hurto a personas,174
Tolima,Ibagué,2023,9,Hurto a comercio,52
Tolima,Ibagué,2023,9,Hurto de vehículos,33
Tolima,Ibagué,2023,9,Lesiones personales,101
Tolima,Ibagué,2023,9,Homicidio,10
Tolima,Ibagué,2023,9,Violencia intrafamiliar,60
Tolima,Ibagué,2023,9,Hurto a residencias,41
Tolima,Ibagué,2023,9,Extorsión,5
Tolima,Ibagué,2023,10,Hurto a personas,186
Tolima,Ibagué,2023,10,Hurto a comercio,51
Tolima,Ibagué,2023,10,Hurto de vehículos,39
Tolima,Ibagué,2023,10,Lesiones personales,109
Tolima,Ibagué,2023,10,Homicidio,7
Tolima,Ibagué,2023,10,Violencia intrafamiliar,64
Tolima,Ibagué,2023,10,Hurto a residencias,40
Tolima,Ibagué,2023,10,Extorsión,6
Tolima,Ibagué,2023,11,Hurto a personas,204
Tolima,Ibagué,2023,11,Hurto a comercio,40
Tolima,Ibagué,2023,11,Hurto de vehículos,43
Tolima,Ibagué,2023,11,Lesiones personales,90
Tolima,Ibagué,2023,11,Homicidio,8
Tolima,Ibagué,2023,11,Violencia intrafamiliar,59
Tolima,Ibagué,2023,11,Hurto a residencias,43
Tolima,Ibagué,2023,11,Extorsión,7
Tolima,Ibagué,2023,12,Hurto a personas,184
Tolima,Ibagué,2023,12,Hurto a comercio,60
Tolima,Ibagué,2023,12,Hurto de vehículos,32
Tolima,Ibagué,2023,12,Lesiones personales,144
Tolima,Ibagué,2023,12,Homicidio,10
Tolima,Ibagué,2023,12,Violencia intrafamiliar,95
Tolima,Ibagué,2023,12,Hurto a residencias,52
Tolima,Ibagué,2023,12,Extorsión,7
Tolima,Ibagué,2024,1,Hurto a personas,159
Tolima,Ibagué,2024,1,Hurto a comercio,48
Tolima,Ibagué,2024,1,Hurto de vehículos,36
Tolima,Ibagué,2024,1,Lesiones personales,94
Tolima,Ibagué,2024,1,Homicidio,9
Tolima,Ibagué,2024,1,Violencia intrafamiliar,72
Tolima,Ibagué,2024,1,Hurto a residencias,46
Tolima,Ibagué,2024,1,Extorsión,6
Tolima,Ibagué,2024,2,Hurto a personas,202
Tolima,Ibagué,2024,2,Hurto a comercio,48
Tolima,Ibagué,2024,2,Hurto de vehículos,27
Tolima,Ibagué,2024,2,Lesiones personales,119
Tolima,Ibagué,2024,2,Homicidio,10
Tolima,Ibagué,2024,2,Violencia intrafamiliar,53
Tolima,Ibagué,2024,2,Hurto a residencias,35
Tolima,Ibagué,2024,2,Extorsión,5
Tolima,Ibagué,2024,3,Hurto a personas,175
Tolima,Ibagué,2024,3,Hurto a comercio,54
Tolima,Ibagué,2024,3,Hurto de vehículos,38
Tolima,Ibagué,2024,3,Lesiones personales,131
Tolima,Ibagué,2024,3,Homicidio,8
Tolima,Ibagué,2024,3,Violencia intrafamiliar,56
Tolima,Ibagué,2024,3,Hurto a residencias,38
Tolima,Ibagué,2024,3,Extorsión,4
Tolima,Ibagué,2024,4,Hurto a personas,139
Tolima,Ibagué,2024,4,Hurto a comercio,48
Tolima,Ibagué,2024,4,Hurto de vehículos,33
Tolima,Ibagué,2024,4,Lesiones personales,94
Tolima,Ibagué,2024,4,Homicidio,10
Tolima,Ibagué,2024,4,Violencia intrafamiliar,54
Tolima,Ibagué,2024,4,Hurto a residencias,38
Tolima,Ibagué,2024,4,Extorsión,5
Tolima,Ibagué,2024,5,Hurto a personas,195
Tolima,Ibagué,2024,5,Hurto a comercio,52
Tolima,Ibagué,2024,5,Hurto de vehículos,36
Tolima,Ibagué,2024,5,Lesiones personales,133
Tolima,Ibagué,2024,5,Homicidio,7
Tolima,Ibagué,2024,5,Violencia intrafamiliar,71
Tolima,Ibagué,2024,5,Hurto a residencias,32
Tolima,Ibagué,2024,5,Extorsión,4
Tolima,Ibagué,2024,6,Hurto a personas,181
Tolima,Ibagué,2024,6,Hurto a comercio,56
Tolima,Ibagué,2024,6,Hurto de vehículos,32
Tolima,Ibagué,2024,6,Lesiones personales,137
Tolima,Ibagué,2024,6,Homicidio,10
Tolima,Ibagué,2024,6,Violencia intrafamiliar,85
Tolima,Ibagué,2024,6,Hurto a residencias,39
Tolima,Ibagué,2024,6,Extorsión,7
Tolima,Ibagué,2024,7,Hurto a personas,162
Tolima,Ibagué,2024,7,Hurto a comercio,45
Tolima,Ibagué,2024,7,Hurto de vehículos,33
Tolima,Ibagué,2024,7,Lesiones personales,92
Tolima,Ibagué,2024,7,Homicidio,9
Tolima,Ibagué,2024,7,Violencia intrafamiliar,72
Tolima,Ibagué,2024,7,Hurto a residencias,35
Tolima,Ibagué,2024,7,Extorsión,4
Tolima,Ibagué,2024,8,Hurto a personas,167
Tolima,Ibagué,2024,8,Hurto a comercio,48
Tolima,Ibagué,2024,8,Hurto de vehículos,40
Tolima,Ibagué,2024,8,Lesiones personales,132
Tolima,Ibagué,2024,8,Homicidio,10
Tolima,Ibagué,2024,8,Violencia intrafamiliar,67
Tolima,Ibagué,2024,8,Hurto a residencias,38
Tolima,Ibagué,2024,8,Extorsión,6
Tolima,Ibagué,2024,9,Hurto a personas,160
Tolima,Ibagué,2024,9,Hurto a comercio,52
Tolima,Ibagué,2024,9,Hurto de vehículos,39
Tolima,Ibagué,2024,9,Lesiones personales,101
Tolima,Ibagué,2024,9,Homicidio,10
Tolima,Ibagué,2024,9,Violencia intrafamiliar,60
Tolima,Ibagué,2024,9,Hurto a residencias,39
Tolima,Ibagué,2024,9,Extorsión,5
Tolima,Ibagué,2024,10,Hurto a personas,169
Tolima,Ibagué,2024,10,Hurto a comercio,51
Tolima,Ibagué,2024,10,Hurto de vehículos,33
Tolima,Ibagué,2024,10,Lesiones personales,91
Tolima,Ibagué,2024,10,Homicidio,8
Tolima,Ibagué,2024,10,Violencia intrafamiliar,81
Tolima,Ibagué,2024,10,Hurto a residencias,38
Tolima,Ibagué,2024,10,Extorsión,7
Tolima,Ibagué,2024,11,Hurto a personas,162
Tolima,Ibagué,2024,11,Hurto a comercio,43
Tolima,Ibagué,2024,11,Hurto de vehículos,34
Tolima,Ibagué,2024,11,Lesiones personales,116
Tolima,Ibagué,2024,11,Homicidio,10
Tolima,Ibagué,2024,11,Violencia intrafamiliar,63
Tolima,Ibagué,2024,11,Hurto a residencias,47
Tolima,Ibagué,2024,11,Extorsión,6
Tolima,Ibagué,2024,12,Hurto a personas,183
Tolima,Ibagué,2024,12,Hurto a comercio,58
Tolima,Ibagué,2024,12,Hurto de vehículos,39
Tolima,Ibagué,2024,12,Lesiones personales,122
Tolima,Ibagué,2024,12,Homicidio,9
Tolima,Ibagué,2024,12,Violencia intrafamiliar,84
Tolima,Ibagué,2024,12,Hurto a residencias,41
Tolima,Ibagué,2024,12,Extorsión,7
Caldas,Manizales,2020,1,Hurto a personas,158
Caldas,Manizales,2020,1,Hurto a comercio,35
Caldas,Manizales,2020,1,Hurto de vehículos,22
Caldas,Manizales,2020,1,Lesiones personales,102
Caldas,Manizales,2020,1,Homicidio,7
Caldas,Manizales,2020,1,Violencia intrafamiliar,52
Caldas,Manizales,2020,1,Hurto a residencias,33
Caldas,Manizales,2020,1,Extorsión,4
Caldas,Manizales,2020,2,Hurto a personas,119
Caldas,Manizales,2020,2,Hurto a comercio,27
Caldas,Manizales,2020,2,Hurto de vehículos,29
Caldas,Manizales,2020,2,Lesiones personales,74
Caldas,Manizales,2020,2,Homicidio,8
Caldas,Manizales,2020,2,Violencia intrafamiliar,60
Caldas,Manizales,2020,2,Hurto a residencias,20
Caldas,Manizales,2020,2,Extorsión,4
Caldas,Manizales,2020,3,Hurto a personas,158
Caldas,Manizales,2020,3,Hurto a comercio,33
Caldas,Manizales,2020,3,Hurto de vehículos,26
Caldas,Manizales,2020,3,Lesiones personales,64
Caldas,Manizales,2020,3,Homicidio,7
Caldas,Manizales,2020,3,Violencia intrafamiliar,53
Caldas,Manizales,2020,3,Hurto a residencias,21
Caldas,Manizales,2020,3,Extorsión,5
Caldas,Manizales,2020,4,Hurto a personas,148
Caldas,Manizales,2020,4,Hurto a comercio,30
Caldas,Manizales,2020,4,Hurto de vehículos,27
Caldas,Manizales,2020,4,Lesiones personales,67
Caldas,Manizales,2020,4,Homicidio,6
Caldas,Manizales,2020,4,Violencia intrafamiliar,67
Caldas,Manizales,2020,4,Hurto a residencias,22
Caldas,Manizales,2020,4,Extorsión,3
Caldas,Manizales,2020,5,Hurto a personas,145
Caldas,Manizales,2020,5,Hurto a comercio,30
Caldas,Manizales,2020,5,Hurto de vehículos,21
Caldas,Manizales,2020,5,Lesiones personales,82
Caldas,Manizales,2020,5,Homicidio,8
Caldas,Manizales,2020,5,Violencia intrafamiliar,59
Caldas,Manizales,2020,5,Hurto a residencias,26
Caldas,Manizales,2020,5,Extorsión,5
Caldas,Manizales,2020,6,Hurto a personas,123
Caldas,Manizales,2020,6,Hurto a comercio,33
Caldas,Manizales,2020,6,Hurto de vehículos,21
Caldas,Manizales,2020,6,Lesiones personales,103
Caldas,Manizales,2020,6,Homicidio,8
Caldas,Manizales,2020,6,Violencia intrafamiliar,57
Caldas,Manizales,2020,6,Hurto a residencias,31
Caldas,Manizales,2020,6,Extorsión,5
Caldas,Manizales,2020,7,Hurto a personas,118
Caldas,Manizales,2020,7,Hurto a comercio,27
Caldas,Manizales,2020,7,Hurto de vehículos,19
Caldas,Manizales,2020,7,Lesiones personales,85
Caldas,Manizales,2020,7,Homicidio,6
Caldas,Manizales,2020,7,Violencia intrafamiliar,51
Caldas,Manizales,2020,7,Hurto a residencias,34
Caldas,Manizales,2020,7,Extorsión,4
Caldas,Manizales,2020,8,Hurto a personas,127
Caldas,Manizales,2020,8,Hurto a comercio,36
Caldas,Manizales,2020,8,Hurto de vehículos,20
Caldas,Manizales,2020,8,Lesiones personales,78
Caldas,Manizales,2020,8,Homicidio,6
Caldas,Manizales,2020,8,Violencia intrafamiliar,49
Caldas,Manizales,2020,8,Hurto a residencias,32
Caldas,Manizales,2020,8,Extorsión,4
Caldas,Manizales,2020,9,Hurto a personas,114
Caldas,Manizales,2020,9,Hurto a comercio,31
Caldas,Manizales,2020,9,Hurto de vehículos,30
Caldas,Manizales,2020,9,Lesiones personales,80
Caldas,Manizales,2020,9,Homicidio,6
Caldas,Manizales,2020,9,Violencia intrafamiliar,51
Caldas,Manizales,2020,9,Hurto a residencias,29
Caldas,Manizales,2020,9,Extorsión,3
Caldas,Manizales,2020,10,Hurto a personas,147
Caldas,Manizales,2020,10,Hurto a comercio,29
Caldas,Manizales,2020,10,Hurto de vehículos,29
Caldas,Manizales,2020,10,Lesiones personales,76
Caldas,Manizales,2020,10,Homicidio,6
Caldas,Manizales,2020,10,Violencia intrafamiliar,58
Caldas,Manizales,2020,10,Hurto a residencias,31
Caldas,Manizales,2020,10,Extorsión,4
Caldas,Manizales,2020,11,Hurto a personas,121
Caldas,Manizales,2020,11,Hurto a comercio,30
Caldas,Manizales,2020,11,Hurto de vehículos,26
Caldas,Manizales,2020,11,Lesiones personales,83
Caldas,Manizales,2020,11,Homicidio,5
Caldas,Manizales,2020,11,Violencia intrafamiliar,51
Caldas,Manizales,2020,11,Hurto a residencias,29
Caldas,Manizales,2020,11,Extorsión,3
Caldas,Manizales,2020,12,Hurto a personas,122
Caldas,Manizales,2020,12,Hurto a comercio,40
Caldas,Manizales,2020,12,Hurto de vehículos,23
Caldas,Manizales,2020,12,Lesiones personales,93
Caldas,Manizales,2020,12,Homicidio,7
Caldas,Manizales,2020,12,Violencia intrafamiliar,61
Caldas,Manizales,2020,12,Hurto a residencias,32
Caldas,Manizales,2020,12,Extorsión,4
Caldas,Manizales,2021,1,Hurto a personas,156
Caldas,Manizales,2021,1,Hurto a comercio,30
Caldas,Manizales,2021,1,Hurto de vehículos,27
Caldas,Manizales,2021,1,Lesiones personales,88
Caldas,Manizales,2021,1,Homicidio,7
Caldas,Manizales,2021,1,Violencia intrafamiliar,53
Caldas,Manizales,2021,1,Hurto a residencias,33
Caldas,Manizales,2021,1,Extorsión,4
Caldas,Manizales,2021,2,Hurto a personas,114
Caldas,Manizales,2021,2,Hurto a comercio,27
Caldas,Manizales,2021,2,Hurto de vehículos,22
Caldas,Manizales,2021,2,Lesiones personales,64
Caldas,Manizales,2021,2,Homicidio,7
Caldas,Manizales,2021,2,Violencia intrafamiliar,46
Caldas,Manizales,2021,2,Hurto a residencias,20
Caldas,Manizales,2021,2,Extorsión,4
Caldas,Manizales,2021,3,Hurto a personas,143
Caldas,Manizales,2021,3,Hurto a comercio,33
Caldas,Manizales,2021,3,Hurto de vehículos,28
Caldas,Manizales,2021,3,Lesiones personales,74
Caldas,Manizales,2021,3,Homicidio,6
Caldas,Manizales,2021,3,Violencia intrafamiliar,48
Caldas,Manizales,2021,3,Hurto a residencias,31
Caldas,Manizales,2021,3,Extorsión,3
Caldas,Manizales,2021,4,Hurto a personas,109
Caldas,Manizales,2021,4,Hurto a comercio,28
Caldas,Manizales,2021,4,Hurto de vehículos,20
Caldas,Manizales,2021,4,Lesiones personales,82
Caldas,Manizales,2021,4,Homicidio,6
Caldas,Manizales,2021,4,Violencia intrafamiliar,43
Caldas,Manizales,2021,4,Hurto a residencias,26
Caldas,Manizales,2021,4,Extorsión,4
Caldas,Manizales,2021,5,Hurto a personas,124
Caldas,Manizales,2021,5,Hurto a comercio,38
Caldas,Manizales,2021,5,Hurto de vehículos,25
Caldas,Manizales,2021,5,Lesiones personales,66
Caldas,Manizales,2021,5,Homicidio,8
Caldas,Manizales,2021,5,Violencia intrafamiliar,56
Caldas,Manizales,2021,5,Hurto a residencias,27
Caldas,Manizales,2021,5,Extorsión,4
Caldas,Manizales,2021,6,Hurto a personas,152
Caldas,Manizales,2021,6,Hurto a comercio,37
Caldas,Manizales,2021,6,Hurto de vehículos,21
Caldas,Manizales,2021,6,Lesiones personales,75
Caldas,Manizales,2021,6,Homicidio,6
Caldas,Manizales,2021,6,Violencia intrafamiliar,53
Caldas,Manizales,2021,6,Hurto a residencias,33
Caldas,Manizales,2021,6,Extorsión,4
Caldas,Manizales,2021,7,Hurto a personas,96
Caldas,Manizales,2021,7,Hurto a comercio,29
Caldas,Manizales,2021,7,Hurto de vehículos,18
Caldas,Manizales,2021,7,Lesiones personales,94
Caldas,Manizales,2021,7,Homicidio,6
Caldas,Manizales,2021,7,Violencia intrafamiliar,44
Caldas,Manizales,2021,7,Hurto a residencias,27
Caldas,Manizales,2021,7,Extorsión,3
Caldas,Manizales,2021,8,Hurto a personas,133
Caldas,Manizales,2021,8,Hurto a comercio,41
Caldas,Manizales,2021,8,Hurto de vehículos,26
Caldas,Manizales,2021,8,Lesiones personales,69
Caldas,Manizales,2021,8,Homicidio,5
Caldas,Manizales,2021,8,Violencia intrafamiliar,57
Caldas,Manizales,2021,8,Hurto a residencias,22
Caldas,Manizales,2021,8,Extorsión,3
Caldas,Manizales,2021,9,Hurto a personas,104
Caldas,Manizales,2021,9,Hurto a comercio,36
Caldas,Manizales,2021,9,Hurto de vehículos,27
Caldas,Manizales,2021,9,Lesiones personales,65
Caldas,Manizales,2021,9,Homicidio,8
Caldas,Manizales,2021,9,Violencia intrafamiliar,59
Caldas,Manizales,2021,9,Hurto a residencias,28
Caldas,Manizales,2021,9,Extorsión,4
Caldas,Manizales,2021,10,Hurto a personas,146
Caldas,Manizales,2021,10,Hurto a comercio,40
Caldas,Manizales,2021,10,Hurto de vehículos,18
Caldas,Manizales,2021,10,Lesiones personales,63
Caldas,Manizales,2021,10,Homicidio,5
Caldas,Manizales,2021,10,Violencia intrafamiliar,49
Caldas,Manizales,2021,10,Hurto a residencias,30
Caldas,Manizales,2021,10,Extorsión,5
Caldas,Manizales,2021,11,Hurto a personas,134
Caldas,Manizales,2021,11,Hurto a comercio,27
Caldas,Manizales,2021,11,Hurto de vehículos,21
Caldas,Manizales,2021,11,Lesiones personales,89
Caldas,Manizales,2021,11,Homicidio,8
Caldas,Manizales,2021,11,Violencia intrafamiliar,46
Caldas,Manizales,2021,11,Hurto a residencias,24
Caldas,Manizales,2021,11,Extorsión,4
Caldas,Manizales,2021,12,Hurto a personas,147
Caldas,Manizales,2021,12,Hurto a comercio,36
Caldas,Manizales,2021,12,Hurto de vehículos,31
Caldas,Manizales,2021,12,Lesiones personales,106
Caldas,Manizales,2021,12,Homicidio,8
Caldas,Manizales,2021,12,Violencia intrafamiliar,65
Caldas,Manizales,2021,12,Hurto a residencias,25
Caldas,Manizales,2021,12,Extorsión,4
Caldas,Manizales,2022,1,Hurto a personas,134
Caldas,Manizales,2022,1,Hurto a comercio,30
Caldas,Manizales,2022,1,Hurto de vehículos,24
Caldas,Manizales,2022,1,Lesiones personales,81
Caldas,Manizales,2022,1,Homicidio,8
Caldas,Manizales,2022,1,Violencia intrafamiliar,46
Caldas,Manizales,2022,1,Hurto a residencias,28
Caldas,Manizales,2022,1,Extorsión,3
Caldas,Manizales,2022,2,Hurto a personas,99
Caldas,Manizales,2022,2,Hurto a comercio,35
Caldas,Manizales,2022,2,Hurto de vehículos,23
Caldas,Manizales,2022,2,Lesiones personales,90
Caldas,Manizales,2022,2,Homicidio,8
Caldas,Manizales,2022,2,Violencia intrafamiliar,53
Caldas,Manizales,2022,2,Hurto a residencias,32
Caldas,Manizales,2022,2,Extorsión,5
Caldas,Manizales,2022,3,Hurto a personas,123
Caldas,Manizales,2022,3,Hurto a comercio,26
Caldas,Manizales,2022,3,Hurto de vehículos,23
Caldas,Manizales,2022,3,Lesiones personales,99
Caldas,Manizales,2022,3,Homicidio,7
Caldas,Manizales,2022,3,Violencia intrafamiliar,40
Caldas,Manizales,2022,3,Hurto a residencias,27
Caldas,Manizales,2022,3,Extorsión,4
Caldas,Manizales,2022,4,Hurto a personas,142
Caldas,Manizales,2022,4,Hurto a comercio,39
Caldas,Manizales,2022,4,Hurto de vehículos,21
Caldas,Manizales,2022,4,Lesiones personales,67
Caldas,Manizales,2022,4,Homicidio,7
Caldas,Manizales,2022,4,Violencia intrafamiliar,50
Caldas,Manizales,2022,4,Hurto a residencias,20
Caldas,Manizales,2022,4,Extorsión,3
Caldas,Manizales,2022,5,Hurto a personas,121
Caldas,Manizales,2022,5,Hurto a comercio,30
Caldas,Manizales,2022,5,Hurto de vehículos,19
Caldas,Manizales,2022,5,Lesiones personales,66
Caldas,Manizales,2022,5,Homicidio,7
Caldas,Manizales,2022,5,Violencia intrafamiliar,57
Caldas,Manizales,2022,5,Hurto a residencias,20
Caldas,Manizales,2022,5,Extorsión,4
Caldas,Manizales,2022,6,Hurto a personas,139
Caldas,Manizales,2022,6,Hurto a comercio,39
Caldas,Manizales,2022,6,Hurto de vehículos,23
Caldas,Manizales,2022,6,Lesiones personales,96
Caldas,Manizales,2022,6,Homicidio,6
Caldas,Manizales,2022,6,Violencia intrafamiliar,54
Caldas,Manizales,2022,6,Hurto a residencias,22
Caldas,Manizales,2022,6,Extorsión,4
Caldas,Manizales,2022,7,Hurto a personas,122
Caldas,Manizales,2022,7,Hurto a comercio,32
Caldas,Manizales,2022,7,Hurto de vehículos,21
Caldas,Manizales,2022,7,Lesiones personales,87
Caldas,Manizales,2022,7,Homicidio,6
Caldas,Manizales,2022,7,Violencia intrafamiliar,46
Caldas,Manizales,2022,7,Hurto a residencias,26
Caldas,Manizales,2022,7,Extorsión,3
Caldas,Manizales,2022,8,Hurto a personas,140
Caldas,Manizales,2022,8,Hurto a comercio,32
Caldas,Manizales,2022,8,Hurto de vehículos,20
Caldas,Manizales,2022,8,Lesiones personales,61
Caldas,Manizales,2022,8,Homicidio,7
Caldas,Manizales,2022,8,Violencia intrafamiliar,52
Caldas,Manizales,2022,8,Hurto a residencias,26
Caldas,Manizales,2022,8,Extorsión,4
Caldas,Manizales,2022,9,Hurto a personas,111
Caldas,Manizales,2022,9,Hurto a comercio,34
Caldas,Manizales,2022,9,Hurto de vehículos,20
Caldas,Manizales,2022,9,Lesiones personales,86
Caldas,Manizales,2022,9,Homicidio,7
Caldas,Manizales,2022,9,Violencia intrafamiliar,39
Caldas,Manizales,2022,9,Hurto a residencias,30
Caldas,Manizales,2022,9,Extorsión,3
Caldas,Manizales,2022,10,Hurto a personas,119
Caldas,Manizales,2022,10,Hurto a comercio,32
Caldas,Manizales,2022,10,Hurto de vehículos,22
Caldas,Manizales,2022,10,Lesiones personales,77
Caldas,Manizales,2022,10,Homicidio,6
Caldas,Manizales,2022,10,Violencia intrafamiliar,52
Caldas,Manizales,2022,10,Hurto a residencias,28
Caldas,Manizales,2022,10,Extorsión,3
Caldas,Manizales,2022,11,Hurto a personas,131
Caldas,Manizales,2022,11,Hurto a comercio,35
Caldas,Manizales,2022,11,Hurto de vehículos,22
Caldas,Manizales,2022,11,Lesiones personales,79
Caldas,Manizales,2022,11,Homicidio,6
Caldas,Manizales,2022,11,Violencia intrafamiliar,51
Caldas,Manizales,2022,11,Hurto a residencias,28
Caldas,Manizales,2022,11,Extorsión,4
Caldas,Manizales,2022,12,Hurto a personas,141
Caldas,Manizales,2022,12,Hurto a comercio,38
Caldas,Manizales,2022,12,Hurto de vehículos,27
Caldas,Manizales,2022,12,Lesiones personales,93
Caldas,Manizales,2022,12,Homicidio,6
Caldas,Manizales,2022,12,Violencia intrafamiliar,57
Caldas,Manizales,2022,12,Hurto a residencias,32
Caldas,Manizales,2022,12,Extorsión,3
Caldas,Manizales,2023,1,Hurto a personas,145
Caldas,Manizales,2023,1,Hurto a comercio,40
Caldas,Manizales,2023,1,Hurto de vehículos,26
Caldas,Manizales,2023,1,Lesiones personales,86
Caldas,Manizales,2023,1,Homicidio,7
Caldas,Manizales,2023,1,Violencia intrafamiliar,56
Caldas,Manizales,2023,1,Hurto a residencias,24
Caldas,Manizales,2023,1,Extorsión,4
Caldas,Manizales,2023,2,Hurto a personas,124
Caldas,Manizales,2023,2,Hurto a comercio,28
Caldas,Manizales,2023,2,Hurto de vehículos,23
Caldas,Manizales,2023,2,Lesiones personales,79
Caldas,Manizales,2023,2,Homicidio,6
Caldas,Manizales,2023,2,Violencia intrafamiliar,41
Caldas,Manizales,2023,2,Hurto a residencias,21
Caldas,Manizales,2023,2,Extorsión,4
Caldas,Manizales,2023,3,Hurto a personas,117
Caldas,Manizales,2023,3,Hurto a comercio,34
Caldas,Manizales,2023,3,Hurto de vehículos,20
Caldas,Manizales,2023,3,Lesiones personales,67
Caldas,Manizales,2023,3,Homicidio,5
Caldas,Manizales,2023,3,Violencia intrafamiliar,40
Caldas,Manizales,2023,3,Hurto a residencias,22
Caldas,Manizales,2023,3,Extorsión,4
Caldas,Manizales,2023,4,Hurto a personas,118
Caldas,Manizales,2023,4,Hurto a comercio,30
Caldas,Manizales,2023,4,Hurto de vehículos,23
Caldas,Manizales,2023,4,Lesiones personales,74
Caldas,Manizales,2023,4,Homicidio,6
Caldas,Manizales,2023,4,Violencia intrafamiliar,48
Caldas,Manizales,2023,4,Hurto a residencias,22
Caldas,Manizales,2023,4,Extorsión,4
Caldas,Manizales,2023,5,Hurto a personas,136
Caldas,Manizales,2023,5,Hurto a comercio,38
Caldas,Manizales,2023,5,Hurto de vehículos,22
Caldas,Manizales,2023,5,Lesiones personales,82
Caldas,Manizales,2023,5,Homicidio,6
Caldas,Manizales,2023,5,Violencia intrafamiliar,36
Caldas,Manizales,2023,5,Hurto a residencias,22
Caldas,Manizales,2023,5,Extorsión,3
Caldas,Manizales,2023,6,Hurto a personas,117
Caldas,Manizales,2023,6,Hurto a comercio,34
Caldas,Manizales,2023,6,Hurto de vehículos,25
Caldas,Manizales,2023,6,Lesiones personales,91
Caldas,Manizales,2023,6,Homicidio,5
Caldas,Manizales,2023,6,Violencia intrafamiliar,46
Caldas,Manizales,2023,6,Hurto a residencias,22
Caldas,Manizales,2023,6,Extorsión,5
Caldas,Manizales,2023,7,Hurto a personas,118
Caldas,Manizales,2023,7,Hurto a comercio,30
Caldas,Manizales,2023,7,Hurto de vehículos,18
Caldas,Manizales,2023,7,Lesiones personales,66
Caldas,Manizales,2023,7,Homicidio,5
Caldas,Manizales,2023,7,Violencia intrafamiliar,60
Caldas,Manizales,2023,7,Hurto a residencias,22
Caldas,Manizales,2023,7,Extorsión,4
Caldas,Manizales,2023,8,Hurto a personas,100
Caldas,Manizales,2023,8,Hurto a comercio,40
Caldas,Manizales,2023,8,Hurto de vehículos,21
Caldas,Manizales,2023,8,Lesiones personales,75
Caldas,Manizales,2023,8,Homicidio,7
Caldas,Manizales,2023,8,Violencia intrafamiliar,54
Caldas,Manizales,2023,8,Hurto a residencias,20
Caldas,Manizales,2023,8,Extorsión,4
Caldas,Manizales,2023,9,Hurto a personas,95
Caldas,Manizales,2023,9,Hurto a comercio,29
Caldas,Manizales,2023,9,Hurto de vehículos,19
Caldas,Manizales,2023,9,Lesiones personales,82
Caldas,Manizales,2023,9,Homicidio,4
Caldas,Manizales,2023,9,Violencia intrafamiliar,45
Caldas,Manizales,2023,9,Hurto a residencias,22
Caldas,Manizales,2023,9,Extorsión,4
Caldas,Manizales,2023,10,Hurto a personas,127
Caldas,Manizales,2023,10,Hurto a comercio,36
Caldas,Manizales,2023,10,Hurto de vehículos,28
Caldas,Manizales,2023,10,Lesiones personales,70
Caldas,Manizales,2023,10,Homicidio,6
Caldas,Manizales,2023,10,Violencia intrafamiliar,51
Caldas,Manizales,2023,10,Hurto a residencias,19
Caldas,Manizales,2023,10,Extorsión,3
Caldas,Manizales,2023,11,Hurto a personas,104
Caldas,Manizales,2023,11,Hurto a comercio,31
Caldas,Manizales,2023,11,Hurto de vehículos,21
Caldas,Manizales,2023,11,Lesiones personales,88
Caldas,Manizales,2023,11,Homicidio,6
Caldas,Manizales,2023,11,Violencia intrafamiliar,48
Caldas,Manizales,2023,11,Hurto a residencias,25
Caldas,Manizales,2023,11,Extorsión,3
Caldas,Manizales,2023,12,Hurto a personas,158
Caldas,Manizales,2023,12,Hurto a comercio,39
Caldas,Manizales,2023,12,Hurto de vehículos,20
Caldas,Manizales,2023,12,Lesiones personales,82
Caldas,Manizales,2023,12,Homicidio,6
Caldas,Manizales,2023,12,Violencia intrafamiliar,46
Caldas,Manizales,2023,12,Hurto a residencias,30
Caldas,Manizales,2023,12,Extorsión,4
Caldas,Manizales,2024,1,Hurto a personas,141
Caldas,Manizales,2024,1,Hurto a comercio,31
Caldas,Manizales,2024,1,Hurto de vehículos,27
Caldas,Manizales,2024,1,Lesiones personales,91
Caldas,Manizales,2024,1,Homicidio,5
Caldas,Manizales,2024,1,Violencia intrafamiliar,47
Caldas,Manizales,2024,1,Hurto a residencias,27
Caldas,Manizales,2024,1,Extorsión,4
Caldas,Manizales,2024,2,Hurto a personas,122
Caldas,Manizales,2024,2,Hurto a comercio,36
Caldas,Manizales,2024,2,Hurto de vehículos,22
Caldas,Manizales,2024,2,Lesiones personales,67
Caldas,Manizales,2024,2,Homicidio,5
Caldas,Manizales,2024,2,Violencia intrafamiliar,43
Caldas,Manizales,2024,2,Hurto a residencias,23
Caldas,Manizales,2024,2,Extorsión,3
Caldas,Manizales,2024,3,Hurto a personas,94
Caldas,Manizales,2024,3,Hurto a comercio,36
Caldas,Manizales,2024,3,Hurto de vehículos,17
Caldas,Manizales,2024,3,Lesiones personales,92
Caldas,Manizales,2024,3,Homicidio,5
Caldas,Manizales,2024,3,Violencia intrafamiliar,38
Caldas,Manizales,2024,3,Hurto a residencias,21
Caldas,Manizales,2024,3,Extorsión,3
Caldas,Manizales,2024,4,Hurto a personas,120
Caldas,Manizales,2024,4,Hurto a comercio,37
Caldas,Manizales,2024,4,Hurto de vehículos,16
Caldas,Manizales,2024,4,Lesiones personales,87
Caldas,Manizales,2024,4,Homicidio,6
Caldas,Manizales,2024,4,Violencia intrafamiliar,39
Caldas,Manizales,2024,4,Hurto a residencias,23
Caldas,Manizales,2024,4,Extorsión,3
Caldas,Manizales,2024,5,Hurto a personas,114
Caldas,Manizales,2024,5,Hurto a comercio,28
Caldas,Manizales,2024,5,Hurto de vehículos,24
Caldas,Manizales,2024,5,Lesiones personales,57
Caldas,Manizales,2024,5,Homicidio,5
Caldas,Manizales,2024,5,Violencia intrafamiliar,41
Caldas,Manizales,2024,5,Hurto a residencias,20
Caldas,Manizales,2024,5,Extorsión,3
Caldas,Manizales,2024,6,Hurto a personas,117
Caldas,Manizales,2024,6,Hurto a comercio,31
Caldas,Manizales,2024,6,Hurto de vehículos,24
Caldas,Manizales,2024,6,Lesiones personales,81
Caldas,Manizales,2024,6,Homicidio,6
Caldas,Manizales,2024,6,Violencia intrafamiliar,50
Caldas,Manizales,2024,6,Hurto a residencias,29
Caldas,Manizales,2024,6,Extorsión,4
Caldas,Manizales,2024,7,Hurto a personas,117
Caldas,Manizales,2024,7,Hurto a comercio,25
Caldas,Manizales,2024,7,Hurto de vehículos,20
Caldas,Manizales,2024,7,Lesiones personales,62
Caldas,Manizales,2024,7,Homicidio,4
Caldas,Manizales,2024,7,Violencia intrafamiliar,36
Caldas,Manizales,2024,7,Hurto a residencias,19
Caldas,Manizales,2024,7,Extorsión,4
Caldas,Manizales,2024,8,Hurto a personas,124
Caldas,Manizales,2024,8,Hurto a comercio,31
Caldas,Manizales,2024,8,Hurto de vehículos,19
Caldas,Manizales,2024,8,Lesiones personales,55
Caldas,Manizales,2024,8,Homicidio,6
Caldas,Manizales,2024,8,Violencia intrafamiliar,50
Caldas,Manizales,2024,8,Hurto a residencias,22
Caldas,Manizales,2024,8,Extorsión,3
Caldas,Manizales,2024,9,Hurto a personas,124
Caldas,Manizales,2024,9,Hurto a comercio,32
Caldas,Manizales,2024,9,Hurto de vehículos,17
Caldas,Manizales,2024,9,Lesiones personales,71
Caldas,Manizales,2024,9,Homicidio,6
Caldas,Manizales,2024,9,Violencia intrafamiliar,37
Caldas,Manizales,2024,9,Hurto a residencias,18
Caldas,Manizales,2024,9,Extorsión,3
Caldas,Manizales,2024,10,Hurto a personas,116
Caldas,Manizales,2024,10,Hurto a comercio,34
Caldas,Manizales,2024,10,Hurto de vehículos,19
Caldas,Manizales,2024,10,Lesiones personales,65
Caldas,Manizales,2024,10,Homicidio,6
Caldas,Manizales,2024,10,Violencia intrafamiliar,44
Caldas,Manizales,2024,10,Hurto a residencias,25
Caldas,Manizales,2024,10,Extorsión,3
Caldas,Manizales,2024,11,Hurto a personas,108
Caldas,Manizales,2024,11,Hurto a comercio,23
Caldas,Manizales,2024,11,Hurto de vehículos,20
Caldas,Manizales,2024,11,Lesiones personales,92
Caldas,Manizales,2024,11,Homicidio,6
Caldas,Manizales,2024,11,Violencia intrafamiliar,40
Caldas,Manizales,2024,11,Hurto a residencias,24
Caldas,Manizales,2024,11,Extorsión,3
Caldas,Manizales,2024,12,Hurto a personas,145
Caldas,Manizales,2024,12,Hurto a comercio,37
Caldas,Manizales,2024,12,Hurto de vehículos,24
Caldas,Manizales,2024,12,Lesiones personales,72
Caldas,Manizales,2024,12,Homicidio,5
Caldas,Manizales,2024,12,Violencia intrafamiliar,60
Caldas,Manizales,2024,12,Hurto a residencias,26
Caldas,Manizales,2024,12,Extorsión,4
Meta,Villavicencio,2020,1,Hurto a personas,246
Meta,Villavicencio,2020,1,Hurto a comercio,56
Meta,Villavicencio,2020,1,Hurto de vehículos,40
Meta,Villavicencio,2020,1,Lesiones personales,160
Meta,Villavicencio,2020,1,Homicidio,11
Meta,Villavicencio,2020,1,Violencia intrafamiliar,82
Meta,Villavicencio,2020,1,Hurto a residencias,48
Meta,Villavicencio,2020,1,Extorsión,7
Meta,Villavicencio,2020,2,Hurto a personas,208
Meta,Villavicencio,2020,2,Hurto a comercio,51
Meta,Villavicencio,2020,2,Hurto de vehículos,41
Meta,Villavicencio,2020,2,Lesiones personales,127
Meta,Villavicencio,2020,2,Homicidio,11
Meta,Villavicencio,2020,2,Violencia intrafamiliar,75
Meta,Villavicencio,2020,2,Hurto a residencias,51
Meta,Villavicencio,2020,2,Extorsión,8
Meta,Villavicencio,2020,3,Hurto a personas,207
Meta,Villavicencio,2020,3,Hurto a comercio,56
Meta,Villavicencio,2020,3,Hurto de vehículos,35
Meta,Villavicencio,2020,3,Lesiones personales,161
Meta,Villavicencio,2020,3,Homicidio,12
Meta,Villavicencio,2020,3,Violencia intrafamiliar,73
Meta,Villavicencio,2020,3,Hurto a residencias,42
Meta,Villavicencio,2020,3,Extorsión,8
Meta,Villavicencio,2020,4,Hurto a personas,222
Meta,Villavicencio,2020,4,Hurto a comercio,57
Meta,Villavicencio,2020,4,Hurto de vehículos,38
Meta,Villavicencio,2020,4,Lesiones personales,124
Meta,Villavicencio,2020,4,Homicidio,15
Meta,Villavicencio,2020,4,Violencia intrafamiliar,100
Meta,Villavicencio,2020,4,Hurto a residencias,41
Meta,Villavicencio,2020,4,Extorsión,6
Meta,Villavicencio,2020,5,Hurto a personas,200
Meta,Villavicencio,2020,5,Hurto a comercio,53
Meta,Villavicencio,2020,5,Hurto de vehículos,37
Meta,Villavicencio,2020,5,Lesiones personales,133
Meta,Villavicencio,2020,5,Homicidio,11
Meta,Villavicencio,2020,5,Violencia intrafamiliar,74
Meta,Villavicencio,2020,5,Hurto a residencias,52
Meta,Villavicencio,2020,5,Extorsión,5
Meta,Villavicencio,2020,6,Hurto a personas,266
Meta,Villavicencio,2020,6,Hurto a comercio,66
Meta,Villavicencio,2020,6,Hurto de vehículos,55
Meta,Villavicencio,2020,6,Lesiones personales,139
Meta,Villavicencio,2020,6,Homicidio,11
Meta,Villavicencio,2020,6,Violencia intrafamiliar,102
Meta,Villavicencio,2020,6,Hurto a residencias,59
Meta,Villavicencio,2020,6,Extorsión,7
Meta,Villavicencio,2020,7,Hurto a personas,283
Meta,Villavicencio,2020,7,Hurto a comercio,75
Meta,Villavicencio,2020,7,Hurto de vehículos,47
Meta,Villavicencio,2020,7,Lesiones personales,125
Meta,Villavicencio,2020,7,Homicidio,11
Meta,Villavicencio,2020,7,Violencia intrafamiliar,101
Meta,Villavicencio,2020,7,Hurto a residencias,41
Meta,Villavicencio,2020,7,Extorsión,8
Meta,Villavicencio,2020,8,Hurto a personas,235
Meta,Villavicencio,2020,8,Hurto a comercio,57
Meta,Villavicencio,2020,8,Hurto de vehículos,47
Meta,Villavicencio,2020,8,Lesiones personales,184
Meta,Villavicencio,2020,8,Homicidio,11
Meta,Villavicencio,2020,8,Violencia intrafamiliar,94
Meta,Villavicencio,2020,8,Hurto a residencias,41
Meta,Villavicencio,2020,8,Extorsión,7
Meta,Villavicencio,2020,9,Hurto a personas,230
Meta,Villavicencio,2020,9,Hurto a comercio,59
Meta,Villavicencio,2020,9,Hurto de vehículos,39
Meta,Villavicencio,2020,9,Lesiones personales,163
Meta,Villavicencio,2020,9,Homicidio,10
Meta,Villavicencio,2020,9,Violencia intrafamiliar,74
Meta,Villavicencio,2020,9,Hurto a residencias,51
Meta,Villavicencio,2020,9,Extorsión,6
Meta,Villavicencio,2020,10,Hurto a personas,222
Meta,Villavicencio,2020,10,Hurto a comercio,54
Meta,Villavicencio,2020,10,Hurto de vehículos,43
Meta,Villavicencio,2020,10,Lesiones personales,114
Meta,Villavicencio,2020,10,Homicidio,11
Meta,Villavicencio,2020,10,Violencia intrafamiliar,102
Meta,Villavicencio,2020,10,Hurto a residencias,56
Meta,Villavicencio,2020,10,Extorsión,7
Meta,Villavicencio,2020,11,Hurto a personas,209
Meta,Villavicencio,2020,11,Hurto a comercio,68
Meta,Villavicencio,2020,11,Hurto de vehículos,39
Meta,Villavicencio,2020,11,Lesiones personales,169
Meta,Villavicencio,2020,11,Homicidio,11
Meta,Villavicencio,2020,11,Violencia intrafamiliar,93
Meta,Villavicencio,2020,11,Hurto a residencias,38
Meta,Villavicencio,2020,11,Extorsión,8
Meta,Villavicencio,2020,12,Hurto a personas,215
Meta,Villavicencio,2020,12,Hurto a comercio,77
Meta,Villavicencio,2020,12,Hurto de vehículos,47
Meta,Villavicencio,2020,12,Lesiones personales,174
Meta,Villavicencio,2020,12,Homicidio,11
Meta,Villavicencio,2020,12,Violencia intrafamiliar,113
Meta,Villavicencio,2020,12,Hurto a residencias,48
Meta,Villavicencio,2020,12,Extorsión,10
Meta,Villavicencio,2021,1,Hurto a personas,201
Meta,Villavicencio,2021,1,Hurto a comercio,58
Meta,Villavicencio,2021,1,Hurto de vehículos,40
Meta,Villavicencio,2021,1,Lesiones personales,132
Meta,Villavicencio,2021,1,Homicidio,15
Meta,Villavicencio,2021,1,Violencia intrafamiliar,79
Meta,Villavicencio,2021,1,Hurto a residencias,53
Meta,Villavicencio,2021,1,Extorsión,7
Meta,Villavicencio,2021,2,Hurto a personas,232
Meta,Villavicencio,2021,2,Hurto a comercio,75
Meta,Villavicencio,2021,2,Hurto de vehículos,38
Meta,Villavicencio,2021,2,Lesiones personales,142
Meta,Villavicencio,2021,2,Homicidio,13
Meta,Villavicencio,2021,2,Violencia intrafamiliar,102
Meta,Villavicencio,2021,2,Hurto a residencias,53
Meta,Villavicencio,2021,2,Extorsión,6
Meta,Villavicencio,2021,3,Hurto a personas,231
Meta,Villavicencio,2021,3,Hurto a comercio,61
Meta,Villavicencio,2021,3,Hurto de vehículos,45
Meta,Villavicencio,2021,3,Lesiones personales,168
Meta,Villavicencio,2021,3,Homicidio,10
Meta,Villavicencio,2021,3,Violencia intrafamiliar,89
Meta,Villavicencio,2021,3,Hurto a residencias,52
Meta,Villavicencio,2021,3,Extorsión,6
Meta,Villavicencio,2021,4,Hurto a personas,240
Meta,Villavicencio,2021,4,Hurto a comercio,56
Meta,Villavicencio,2021,4,Hurto de vehículos,43
Meta,Villavicencio,2021,4,Lesiones personales,125
Meta,Villavicencio,2021,4,Homicidio,12
Meta,Villavicencio,2021,4,Violencia intrafamiliar,78
Meta,Villavicencio,2021,4,Hurto a residencias,39
Meta,Villavicencio,2021,4,Extorsión,8
Meta,Villavicencio,2021,5,Hurto a personas,216
Meta,Villavicencio,2021,5,Hurto a comercio,60
Meta,Villavicencio,2021,5,Hurto de vehículos,39
Meta,Villavicencio,2021,5,Lesiones personales,122
Meta,Villavicencio,2021,5,Homicidio,9
Meta,Villavicencio,2021,5,Violencia intrafamiliar,108
Meta,Villavicencio,2021,5,Hurto a residencias,56
Meta,Villavicencio,2021,5,Extorsión,7
Meta,Villavicencio,2021,6,Hurto a personas,207
Meta,Villavicencio,2021,6,Hurto a comercio,76
Meta,Villavicencio,2021,6,Hurto de vehículos,42
Meta,Villavicencio,2021,6,Lesiones personales,157
Meta,Villavicencio,2021,6,Homicidio,10
Meta,Villavicencio,2021,6,Violencia intrafamiliar,88
Meta,Villavicencio,2021,6,Hurto a residencias,52
Meta,Villavicencio,2021,6,Extorsión,9
Meta,Villavicencio,2021,7,Hurto a personas,236
Meta,Villavicencio,2021,7,Hurto a comercio,67
Meta,Villavicencio,2021,7,Hurto de vehículos,42
Meta,Villavicencio,2021,7,Lesiones personales,158
Meta,Villavicencio,2021,7,Homicidio,12
Meta,Villavicencio,2021,7,Violencia intrafamiliar,83
Meta,Villavicencio,2021,7,Hurto a residencias,41
Meta,Villavicencio,2021,7,Extorsión,7
Meta,Villavicencio,2021,8,Hurto a personas,280
Meta,Villavicencio,2021,8,Hurto a comercio,70
Meta,Villavicencio,2021,8,Hurto de vehículos,35
Meta,Villavicencio,2021,8,Lesiones personales,158
Meta,Villavicencio,2021,8,Homicidio,11
Meta,Villavicencio,2021,8,Violencia intrafamiliar,91
Meta,Villavicencio,2021,8,Hurto a residencias,57
Meta,Villavicencio,2021,8,Extorsión,6
Meta,Villavicencio,2021,9,Hurto a personas,254
Meta,Villavicencio,2021,9,Hurto a comercio,56
Meta,Villavicencio,2021,9,Hurto de vehículos,39
Meta,Villavicencio,2021,9,Lesiones personales,109
Meta,Villavicencio,2021,9,Homicidio,12
Meta,Villavicencio,2021,9,Violencia intrafamiliar,84
Meta,Villavicencio,2021,9,Hurto a residencias,52
Meta,Villavicencio,2021,9,Extorsión,7
Meta,Villavicencio,2021,10,Hurto a personas,186
Meta,Villavicencio,2021,10,Hurto a comercio,65
Meta,Villavicencio,2021,10,Hurto de vehículos,45
Meta,Villavicencio,2021,10,Lesiones personales,133
Meta,Villavicencio,2021,10,Homicidio,14
Meta,Villavicencio,2021,10,Violencia intrafamiliar,83
Meta,Villavicencio,2021,10,Hurto a residencias,41
Meta,Villavicencio,2021,10,Extorsión,8
Meta,Villavicencio,2021,11,Hurto a personas,236
Meta,Villavicencio,2021,11,Hurto a comercio,58
Meta,Villavicencio,2021,11,Hurto de vehículos,36
Meta,Villavicencio,2021,11,Lesiones personales,124
Meta,Villavicencio,2021,11,Homicidio,10
Meta,Villavicencio,2021,11,Violencia intrafamiliar,96
Meta,Villavicencio,2021,11,Hurto a residencias,57
Meta,Villavicencio,2021,11,Extorsión,8
Meta,Villavicencio,2021,12,Hurto a personas,207
Meta,Villavicencio,2021,12,Hurto a comercio,60
Meta,Villavicencio,2021,12,Hurto de vehículos,43
Meta,Villavicencio,2021,12,Lesiones personales,191
Meta,Villavicencio,2021,12,Homicidio,14
Meta,Villavicencio,2021,12,Violencia intrafamiliar,124
Meta,Villavicencio,2021,12,Hurto a residencias,56
Meta,Villavicencio,2021,12,Extorsión,7
Meta,Villavicencio,2022,1,Hurto a personas,281
Meta,Villavicencio,2022,1,Hurto a comercio,75
Meta,Villavicencio,2022,1,Hurto de vehículos,44
Meta,Villavicencio,2022,1,Lesiones personales,134
Meta,Villavicencio,2022,1,Homicidio,12
Meta,Villavicencio,2022,1,Violencia intrafamiliar,99
Meta,Villavicencio,2022,1,Hurto a residencias,43
Meta,Villavicencio,2022,1,Extorsión,6
Meta,Villavicencio,2022,2,Hurto a personas,211
Meta,Villavicencio,2022,2,Hurto a comercio,65
Meta,Villavicencio,2022,2,Hurto de vehículos,38
Meta,Villavicencio,2022,2,Lesiones personales,142
Meta,Villavicencio,2022,2,Homicidio,9
Meta,Villavicencio,2022,2,Violencia intrafamiliar,91
Meta,Villavicencio,2022,2,Hurto a residencias,49
Meta,Villavicencio,2022,2,Extorsión,6
Meta,Villavicencio,2022,3,Hurto a personas,239
Meta,Villavicencio,2022,3,Hurto a comercio,59
Meta,Villavicencio,2022,3,Hurto de vehículos,38
Meta,Villavicencio,2022,3,Lesiones personales,127
Meta,Villavicencio,2022,3,Homicidio,8
Meta,Villavicencio,2022,3,Violencia intrafamiliar,82
Meta,Villavicencio,2022,3,Hurto a residencias,36
Meta,Villavicencio,2022,3,Extorsión,7
Meta,Villavicencio,2022,4,Hurto a personas,178
Meta,Villavicencio,2022,4,Hurto a comercio,59
Meta,Villavicencio,2022,4,Hurto de vehículos,36
Meta,Villavicencio,2022,4,Lesiones personales,139
Meta,Villavicencio,2022,4,Homicidio,13
Meta,Villavicencio,2022,4,Violencia intrafamiliar,82
Meta,Villavicencio,2022,4,Hurto a residencias,35
Meta,Villavicencio,2022,4,Extorsión,7
Meta,Villavicencio,2022,5,Hurto a personas,187
Meta,Villavicencio,2022,5,Hurto a comercio,65
Meta,Villavicencio,2022,5,Hurto de vehículos,43
Meta,Villavicencio,2022,5,Lesiones personales,128
Meta,Villavicencio,2022,5,Homicidio,9
Meta,Villavicencio,2022,5,Violencia intrafamiliar,98
Meta,Villavicencio,2022,5,Hurto a residencias,53
Meta,Villavicencio,2022,5,Extorsión,8
Meta,Villavicencio,2022,6,Hurto a personas,278
Meta,Villavicencio,2022,6,Hurto a comercio,62
Meta,Villavicencio,2022,6,Hurto de vehículos,46
Meta,Villavicencio,2022,6,Lesiones personales,133
Meta,Villavicencio,2022,6,Homicidio,11
Meta,Villavicencio,2022,6,Violencia intrafamiliar,89
Meta,Villavicencio,2022,6,Hurto a residencias,56
Meta,Villavicencio,2022,6,Extorsión,8
Meta,Villavicencio,2022,7,Hurto a personas,199
Meta,Villavicencio,2022,7,Hurto a comercio,63
Meta,Villavicencio,2022,7,Hurto de vehículos,42
Meta,Villavicencio,2022,7,Lesiones personales,147
Meta,Villavicencio,2022,7,Homicidio,13
Meta,Villavicencio,2022,7,Violencia intrafamiliar,74
Meta,Villavicencio,2022,7,Hurto a residencias,38
Meta,Villavicencio,2022,7,Extorsión,8
Meta,Villavicencio,2022,8,Hurto a personas,223
Meta,Villavicencio,2022,8,Hurto a comercio,52
Meta,Villavicencio,2022,8,Hurto de vehículos,49
Meta,Villavicencio,2022,8,Lesiones personales,107
Meta,Villavicencio,2022,8,Homicidio,10
Meta,Villavicencio,2022,8,Violencia intrafamiliar,68
Meta,Villavicencio,2022,8,Hurto a residencias,46
Meta,Villavicencio,2022,8,Extorsión,9
Meta,Villavicencio,2022,9,Hurto a personas,246
Meta,Villavicencio,2022,9,Hurto a comercio,54
Meta,Villavicencio,2022,9,Hurto de vehículos,34
Meta,Villavicencio,2022,9,Lesiones personales,146
Meta,Villavicencio,2022,9,Homicidio,12
Meta,Villavicencio,2022,9,Violencia intrafamiliar,89
Meta,Villavicencio,2022,9,Hurto a residencias,56
Meta,Villavicencio,2022,9,Extorsión,6
Meta,Villavicencio,2022,10,Hurto a personas,260
Meta,Villavicencio,2022,10,Hurto a comercio,44
Meta,Villavicencio,2022,10,Hurto de vehículos,42
Meta,Villavicencio,2022,10,Lesiones personales,149
Meta,Villavicencio,2022,10,Homicidio,10
Meta,Villavicencio,2022,10,Violencia intrafamiliar,71
Meta,Villavicencio,2022,10,Hurto a residencias,51
Meta,Villavicencio,2022,10,Extorsión,7
Meta,Villavicencio,2022,11,Hurto a personas,215
Meta,Villavicencio,2022,11,Hurto a comercio,62
Meta,Villavicencio,2022,11,Hurto de vehículos,44
Meta,Villavicencio,2022,11,Lesiones personales,124
Meta,Villavicencio,2022,11,Homicidio,12
Meta,Villavicencio,2022,11,Violencia intrafamiliar,109
Meta,Villavicencio,2022,11,Hurto a residencias,49
Meta,Villavicencio,2022,11,Extorsión,7
Meta,Villavicencio,2022,12,Hurto a personas,254
Meta,Villavicencio,2022,12,Hurto a comercio,70
Meta,Villavicencio,2022,12,Hurto de vehículos,50
Meta,Villavicencio,2022,12,Lesiones personales,174
Meta,Villavicencio,2022,12,Homicidio,12
Meta,Villavicencio,2022,12,Violencia intrafamiliar,116
Meta,Villavicencio,2022,12,Hurto a residencias,63
Meta,Villavicencio,2022,12,Extorsión,8
Meta,Villavicencio,2023,1,Hurto a personas,200
Meta,Villavicencio,2023,1,Hurto a comercio,63
Meta,Villavicencio,2023,1,Hurto de vehículos,38
Meta,Villavicencio,2023,1,Lesiones personales,118
Meta,Villavicencio,2023,1,Homicidio,12
Meta,Villavicencio,2023,1,Violencia intrafamiliar,96
Meta,Villavicencio,2023,1,Hurto a residencias,50
Meta,Villavicencio,2023,1,Extorsión,9
Meta,Villavicencio,2023,2,Hurto a personas,188
Meta,Villavicencio,2023,2,Hurto a comercio,55
Meta,Villavicencio,2023,2,Hurto de vehículos,42
Meta,Villavicencio,2023,2,Lesiones personales,133
Meta,Villavicencio,2023,2,Homicidio,10
Meta,Villavicencio,2023,2,Violencia intrafamiliar,84
Meta,Villavicencio,2023,2,Hurto a residencias,55
Meta,Villavicencio,2023,2,Extorsión,8
Meta,Villavicencio,2023,3,Hurto a personas,194
Meta,Villavicencio,2023,3,Hurto a comercio,65
Meta,Villavicencio,2023,3,Hurto de vehículos,41
Meta,Villavicencio,2023,3,Lesiones personales,133
Meta,Villavicencio,2023,3,Homicidio,12
Meta,Villavicencio,2023,3,Violencia intrafamiliar,68
Meta,Villavicencio,2023,3,Hurto a residencias,49
Meta,Villavicencio,2023,3,Extorsión,6
Meta,Villavicencio,2023,4,Hurto a personas,232
Meta,Villavicencio,2023,4,Hurto a comercio,60
Meta,Villavicencio,2023,4,Hurto de vehículos,41
Meta,Villavicencio,2023,4,Lesiones personales,134
Meta,Villavicencio,2023,4,Homicidio,8
Meta,Villavicencio,2023,4,Violencia intrafamiliar,76
Meta,Villavicencio,2023,4,Hurto a residencias,50
Meta,Villavicencio,2023,4,Extorsión,6
Meta,Villavicencio,2023,5,Hurto a personas,205
Meta,Villavicencio,2023,5,Hurto a comercio,47
Meta,Villavicencio,2023,5,Hurto de vehículos,32
Meta,Villavicencio,2023,5,Lesiones personales,119
Meta,Villavicencio,2023,5,Homicidio,14
Meta,Villavicencio,2023,5,Violencia intrafamiliar,92
Meta,Villavicencio,2023,5,Hurto a residencias,38
Meta,Villavicencio,2023,5,Extorsión,5
Meta,Villavicencio,2023,6,Hurto a personas,196
Meta,Villavicencio,2023,6,Hurto a comercio,53
Meta,Villavicencio,2023,6,Hurto de vehículos,38
Meta,Villavicencio,2023,6,Lesiones personales,163
Meta,Villavicencio,2023,6,Homicidio,11
Meta,Villavicencio,2023,6,Violencia intrafamiliar,106
Meta,Villavicencio,2023,6,Hurto a residencias,41
Meta,Villavicencio,2023,6,Extorsión,7
Meta,Villavicencio,2023,7,Hurto a personas,243
Meta,Villavicencio,2023,7,Hurto a comercio,65
Meta,Villavicencio,2023,7,Hurto de vehículos,34
Meta,Villavicencio,2023,7,Lesiones personales,114
Meta,Villavicencio,2023,7,Homicidio,13
Meta,Villavicencio,2023,7,Violencia intrafamiliar,73
Meta,Villavicencio,2023,7,Hurto a residencias,41
Meta,Villavicencio,2023,7,Extorsión,6
Meta,Villavicencio,2023,8,Hurto a personas,257
Meta,Villavicencio,2023,8,Hurto a comercio,60
Meta,Villavicencio,2023,8,Hurto de vehículos,36
Meta,Villavicencio,2023,8,Lesiones personales,105
Meta,Villavicencio,2023,8,Homicidio,9
Meta,Villavicencio,2023,8,Violencia intrafamiliar,84
Meta,Villavicencio,2023,8,Hurto a residencias,44
Meta,Villavicencio,2023,8,Extorsión,5
Meta,Villavicencio,2023,9,Hurto a personas,172
Meta,Villavicencio,2023,9,Hurto a comercio,53
Meta,Villavicencio,2023,9,Hurto de vehículos,42
Meta,Villavicencio,2023,9,Lesiones personales,117
Meta,Villavicencio,2023,9,Homicidio,9
Meta,Villavicencio,2023,9,Violencia intrafamiliar,85
Meta,Villavicencio,2023,9,Hurto a residencias,38
Meta,Villavicencio,2023,9,Extorsión,7
Meta,Villavicencio,2023,10,Hurto a personas,205
Meta,Villavicencio,2023,10,Hurto a comercio,60
Meta,Villavicencio,2023,10,Hurto de vehículos,46
Meta,Villavicencio,2023,10,Lesiones personales,162
Meta,Villavicencio,2023,10,Homicidio,13
Meta,Villavicencio,2023,10,Violencia intrafamiliar,91
Meta,Villavicencio,2023,10,Hurto a residencias,47
Meta,Villavicencio,2023,10,Extorsión,7
Meta,Villavicencio,2023,11,Hurto a personas,260
Meta,Villavicencio,2023,11,Hurto a comercio,61
Meta,Villavicencio,2023,11,Hurto de vehículos,33
Meta,Villavicencio,2023,11,Lesiones personales,146
Meta,Villavicencio,2023,11,Homicidio,9
Meta,Villavicencio,2023,11,Violencia intrafamiliar,79
Meta,Villavicencio,2023,11,Hurto a residencias,50
Meta,Villavicencio,2023,11,Extorsión,7
Meta,Villavicencio,2023,12,Hurto a personas,268
Meta,Villavicencio,2023,12,Hurto a comercio,73
Meta,Villavicencio,2023,12,Hurto de vehículos,40
Meta,Villavicencio,2023,12,Lesiones personales,173
Meta,Villavicencio,2023,12,Homicidio,13
Meta,Villavicencio,2023,12,Violencia intrafamiliar,117
Meta,Villavicencio,2023,12,Hurto a residencias,54
Meta,Villavicencio,2023,12,Extorsión,8
Meta,Villavicencio,2024,1,Hurto a personas,220
Meta,Villavicencio,2024,1,Hurto a comercio,62
Meta,Villavicencio,2024,1,Hurto de vehículos,34
Meta,Villavicencio,2024,1,Lesiones personales,134
Meta,Villavicencio,2024,1,Homicidio,13
Meta,Villavicencio,2024,1,Violencia intrafamiliar,98
Meta,Villavicencio,2024,1,Hurto a residencias,41
Meta,Villavicencio,2024,1,Extorsión,6
Meta,Villavicencio,2024,2,Hurto a personas,209
Meta,Villavicencio,2024,2,Hurto a comercio,45
Meta,Villavicencio,2024,2,Hurto de vehículos,42
Meta,Villavicencio,2024,2,Lesiones personales,153
Meta,Villavicencio,2024,2,Homicidio,8
Meta,Villavicencio,2024,2,Violencia intrafamiliar,91
Meta,Villavicencio,2024,2,Hurto a residencias,46
Meta,Villavicencio,2024,2,Extorsión,7
Meta,Villavicencio,2024,3,Hurto a personas,186
Meta,Villavicencio,2024,3,Hurto a comercio,52
Meta,Villavicencio,2024,3,Hurto de vehículos,40
Meta,Villavicencio,2024,3,Lesiones personales,162
Meta,Villavicencio,2024,3,Homicidio,9
Meta,Villavicencio,2024,3,Violencia intrafamiliar,100
Meta,Villavicencio,2024,3,Hurto a residencias,33
Meta,Villavicencio,2024,3,Extorsión,6
Meta,Villavicencio,2024,4,Hurto a personas,227
Meta,Villavicencio,2024,4,Hurto a comercio,49
Meta,Villavicencio,2024,4,Hurto de vehículos,41
Meta,Villavicencio,2024,4,Lesiones personales,104
Meta,Villavicencio,2024,4,Homicidio,11
Meta,Villavicencio,2024,4,Violencia intrafamiliar,82
Meta,Villavicencio,2024,4,Hurto a residencias,41
Meta,Villavicencio,2024,4,Extorsión,7
Meta,Villavicencio,2024,5,Hurto a personas,185
Meta,Villavicencio,2024,5,Hurto a comercio,43
Meta,Villavicencio,2024,5,Hurto de vehículos,41
Meta,Villavicencio,2024,5,Lesiones personales,163
Meta,Villavicencio,2024,5,Homicidio,10
Meta,Villavicencio,2024,5,Violencia intrafamiliar,65
Meta,Villavicencio,2024,5,Hurto a residencias,39
Meta,Villavicencio,2024,5,Extorsión,7
Meta,Villavicencio,2024,6,Hurto a personas,254
Meta,Villavicencio,2024,6,Hurto a comercio,66
Meta,Villavicencio,2024,6,Hurto de vehículos,47
Meta,Villavicencio,2024,6,Lesiones personales,130
Meta,Villavicencio,2024,6,Homicidio,13
Meta,Villavicencio,2024,6,Violencia intrafamiliar,83
Meta,Villavicencio,2024,6,Hurto a residencias,56
Meta,Villavicencio,2024,6,Extorsión,6
Meta,Villavicencio,2024,7,Hurto a personas,203
Meta,Villavicencio,2024,7,Hurto a comercio,56
Meta,Villavicencio,2024,7,Hurto de vehículos,43
Meta,Villavicencio,2024,7,Lesiones personales,155
Meta,Villavicencio,2024,7,Homicidio,14
Meta,Villavicencio,2024,7,Violencia intrafamiliar,69
Meta,Villavicencio,2024,7,Hurto a residencias,38
Meta,Villavicencio,2024,7,Extorsión,5
Meta,Villavicencio,2024,8,Hurto a personas,193
Meta,Villavicencio,2024,8,Hurto a comercio,53
Meta,Villavicencio,2024,8,Hurto de vehículos,47
Meta,Villavicencio,2024,8,Lesiones personales,127
Meta,Villavicencio,2024,8,Homicidio,8
Meta,Villavicencio,2024,8,Violencia intrafamiliar,98
Meta,Villavicencio,2024,8,Hurto a residencias,44
Meta,Villavicencio,2024,8,Extorsión,7
Meta,Villavicencio,2024,9,Hurto a personas,258
Meta,Villavicencio,2024,9,Hurto a comercio,67
Meta,Villavicencio,2024,9,Hurto de vehículos,33
Meta,Villavicencio,2024,9,Lesiones personales,132
Meta,Villavicencio,2024,9,Homicidio,10
Meta,Villavicencio,2024,9,Violencia intrafamiliar,74
Meta,Villavicencio,2024,9,Hurto a residencias,46
Meta,Villavicencio,2024,9,Extorsión,6
Meta,Villavicencio,2024,10,Hurto a personas,181
Meta,Villavicencio,2024,10,Hurto a comercio,56
Meta,Villavicencio,2024,10,Hurto de vehículos,32
Meta,Villavicencio,2024,10,Lesiones personales,117
Meta,Villavicencio,2024,10,Homicidio,9
Meta,Villavicencio,2024,10,Violencia intrafamiliar,86
Meta,Villavicencio,2024,10,Hurto a residencias,37
Meta,Villavicencio,2024,10,Extorsión,5
Meta,Villavicencio,2024,11,Hurto a personas,228
Meta,Villavicencio,2024,11,Hurto a comercio,48
Meta,Villavicencio,2024,11,Hurto de vehículos,36
Meta,Villavicencio,2024,11,Lesiones personales,149
Meta,Villavicencio,2024,11,Homicidio,12
Meta,Villavicencio,2024,11,Violencia intrafamiliar,74
Meta,Villavicencio,2024,11,Hurto a residencias,55
Meta,Villavicencio,2024,11,Extorsión,6
Meta,Villavicencio,2024,12,Hurto a personas,202
Meta,Villavicencio,2024,12,Hurto a comercio,60
Meta,Villavicencio,2024,12,Hurto de vehículos,48
Meta,Villavicencio,2024,12,Lesiones personales,168
Meta,Villavicencio,2024,12,Homicidio,10
Meta,Villavicencio,2024,12,Violencia intrafamiliar,85
Meta,Villavicencio,2024,12,Hurto a residencias,44
Meta,Villavicencio,2024,12,Extorsión,8
Nariño,Pasto,2020,1,Hurto a personas,117
Nariño,Pasto,2020,1,Hurto a comercio,42
Nariño,Pasto,2020,1,Hurto de vehículos,22
Nariño,Pasto,2020,1,Lesiones personales,90
Nariño,Pasto,2020,1,Homicidio,8
Nariño,Pasto,2020,1,Violencia intrafamiliar,56
Nariño,Pasto,2020,1,Hurto a residencias,35
Nariño,Pasto,2020,1,Extorsión,5
Nariño,Pasto,2020,2,Hurto a personas,95
Nariño,Pasto,2020,2,Hurto a comercio,33
Nariño,Pasto,2020,2,Hurto de vehículos,19
Nariño,Pasto,2020,2,Lesiones personales,87
Nariño,Pasto,2020,2,Homicidio,6
Nariño,Pasto,2020,2,Violencia intrafamiliar,55
Nariño,Pasto,2020,2,Hurto a residencias,24
Nariño,Pasto,2020,2,Extorsión,4
Nariño,Pasto,2020,3,Hurto a personas,128
Nariño,Pasto,2020,3,Hurto a comercio,40
Nariño,Pasto,2020,3,Hurto de vehículos,24
Nariño,Pasto,2020,3,Lesiones personales,83
Nariño,Pasto,2020,3,Homicidio,8
Nariño,Pasto,2020,3,Violencia intrafamiliar,46
Nariño,Pasto,2020,3,Hurto a residencias,26
Nariño,Pasto,2020,3,Extorsión,5
Nariño,Pasto,2020,4,Hurto a personas,148
Nariño,Pasto,2020,4,Hurto a comercio,35
Nariño,Pasto,2020,4,Hurto de vehículos,20
Nariño,Pasto,2020,4,Lesiones personales,71
Nariño,Pasto,2020,4,Homicidio,7
Nariño,Pasto,2020,4,Violencia intrafamiliar,43
Nariño,Pasto,2020,4,Hurto a residencias,23
Nariño,Pasto,2020,4,Extorsión,3
Nariño,Pasto,2020,5,Hurto a personas,133
Nariño,Pasto,2020,5,Hurto a comercio,36
Nariño,Pasto,2020,5,Hurto de vehículos,24
Nariño,Pasto,2020,5,Lesiones personales,82
Nariño,Pasto,2020,5,Homicidio,7
Nariño,Pasto,2020,5,Violencia intrafamiliar,45
Nariño,Pasto,2020,5,Hurto a residencias,25
Nariño,Pasto,2020,5,Extorsión,3
Nariño,Pasto,2020,6,Hurto a personas,122
Nariño,Pasto,2020,6,Hurto a comercio,34
Nariño,Pasto,2020,6,Hurto de vehículos,25
Nariño,Pasto,2020,6,Lesiones personales,79
Nariño,Pasto,2020,6,Homicidio,7
Nariño,Pasto,2020,6,Violencia intrafamiliar,48
Nariño,Pasto,2020,6,Hurto a residencias,27
Nariño,Pasto,2020,6,Extorsión,5
Nariño,Pasto,2020,7,Hurto a personas,104
Nariño,Pasto,2020,7,Hurto a comercio,35
Nariño,Pasto,2020,7,Hurto de vehículos,26
Nariño,Pasto,2020,7,Lesiones personales,89
Nariño,Pasto,2020,7,Homicidio,8
Nariño,Pasto,2020,7,Violencia intrafamiliar,53
Nariño,Pasto,2020,7,Hurto a residencias,30
Nariño,Pasto,2020,7,Extorsión,5
Nariño,Pasto,2020,8,Hurto a personas,123
Nariño,Pasto,2020,8,Hurto a comercio,33
Nariño,Pasto,2020,8,Hurto de vehículos,20
Nariño,Pasto,2020,8,Lesiones personales,80
Nariño,Pasto,2020,8,Homicidio,9
Nariño,Pasto,2020,8,Violencia intrafamiliar,55
Nariño,Pasto,2020,8,Hurto a residencias,26
Nariño,Pasto,2020,8,Extorsión,5
Nariño,Pasto,2020,9,Hurto a personas,143
Nariño,Pasto,2020,9,Hurto a comercio,34
Nariño,Pasto,2020,9,Hurto de vehículos,28
Nariño,Pasto,2020,9,Lesiones personales,92
Nariño,Pasto,2020,9,Homicidio,6
Nariño,Pasto,2020,9,Violencia intrafamiliar,63
Nariño,Pasto,2020,9,Hurto a residencias,34
Nariño,Pasto,2020,9,Extorsión,4
Nariño,Pasto,2020,10,Hurto a personas,132
Nariño,Pasto,2020,10,Hurto a comercio,43
Nariño,Pasto,2020,10,Hurto de vehículos,19
Nariño,Pasto,2020,10,Lesiones personales,101
Nariño,Pasto,2020,10,Homicidio,5
Nariño,Pasto,2020,10,Violencia intrafamiliar,58
Nariño,Pasto,2020,10,Hurto a residencias,28
Nariño,Pasto,2020,10,Extorsión,3
Nariño,Pasto,2020,11,Hurto a personas,147
Nariño,Pasto,2020,11,Hurto a comercio,37
Nariño,Pasto,2020,11,Hurto de vehículos,20
Nariño,Pasto,2020,11,Lesiones personales,71
Nariño,Pasto,2020,11,Homicidio,7
Nariño,Pasto,2020,11,Violencia intrafamiliar,53
Nariño,Pasto,2020,11,Hurto a residencias,28
Nariño,Pasto,2020,11,Extorsión,4
Nariño,Pasto,2020,12,Hurto a personas,137
Nariño,Pasto,2020,12,Hurto a comercio,35
Nariño,Pasto,2020,12,Hurto de vehículos,26
Nariño,Pasto,2020,12,Lesiones personales,94
Nariño,Pasto,2020,12,Homicidio,8
Nariño,Pasto,2020,12,Violencia intrafamiliar,49
Nariño,Pasto,2020,12,Hurto a residencias,26
Nariño,Pasto,2020,12,Extorsión,4
Nariño,Pasto,2021,1,Hurto a personas,161
Nariño,Pasto,2021,1,Hurto a comercio,35
Nariño,Pasto,2021,1,Hurto de vehículos,24
Nariño,Pasto,2021,1,Lesiones personales,93
Nariño,Pasto,2021,1,Homicidio,7
Nariño,Pasto,2021,1,Violencia intrafamiliar,53
Nariño,Pasto,2021,1,Hurto a residencias,27
Nariño,Pasto,2021,1,Extorsión,4
Nariño,Pasto,2021,2,Hurto a personas,125
Nariño,Pasto,2021,2,Hurto a comercio,42
Nariño,Pasto,2021,2,Hurto de vehículos,24
Nariño,Pasto,2021,2,Lesiones personales,80
Nariño,Pasto,2021,2,Homicidio,7
Nariño,Pasto,2021,2,Violencia intrafamiliar,51
Nariño,Pasto,2021,2,Hurto a residencias,22
Nariño,Pasto,2021,2,Extorsión,3
Nariño,Pasto,2021,3,Hurto a personas,127
Nariño,Pasto,2021,3,Hurto a comercio,38
Nariño,Pasto,2021,3,Hurto de vehículos,24
Nariño,Pasto,2021,3,Lesiones personales,68
Nariño,Pasto,2021,3,Homicidio,8
Nariño,Pasto,2021,3,Violencia intrafamiliar,54
Nariño,Pasto,2021,3,Hurto a residencias,26
Nariño,Pasto,2021,3,Extorsión,4
Nariño,Pasto,2021,4,Hurto a personas,132
Nariño,Pasto,2021,4,Hurto a comercio,33
Nariño,Pasto,2021,4,Hurto de vehículos,22
Nariño,Pasto,2021,4,Lesiones personales,82
Nariño,Pasto,2021,4,Homicidio,5
Nariño,Pasto,2021,4,Violencia intrafamiliar,42
Nariño,Pasto,2021,4,Hurto a residencias,22
Nariño,Pasto,2021,4,Extorsión,3
Nariño,Pasto,2021,5,Hurto a personas,129
Nariño,Pasto,2021,5,Hurto a comercio,33
Nariño,Pasto,2021,5,Hurto de vehículos,25
Nariño,Pasto,2021,5,Lesiones personales,75
Nariño,Pasto,2021,5,Homicidio,7
Nariño,Pasto,2021,5,Violencia intrafamiliar,51
Nariño,Pasto,2021,5,Hurto a residencias,22
Nariño,Pasto,2021,5,Extorsión,3
Nariño,Pasto,2021,6,Hurto a personas,154
Nariño,Pasto,2021,6,Hurto a comercio,30
Nariño,Pasto,2021,6,Hurto de vehículos,27
Nariño,Pasto,2021,6,Lesiones personales,88
Nariño,Pasto,2021,6,Homicidio,8
Nariño,Pasto,2021,6,Violencia intrafamiliar,62
Nariño,Pasto,2021,6,Hurto a residencias,26
Nariño,Pasto,2021,6,Extorsión,4
Nariño,Pasto,2021,7,Hurto a personas,140
Nariño,Pasto,2021,7,Hurto a comercio,35
Nariño,Pasto,2021,7,Hurto de vehículos,27
Nariño,Pasto,2021,7,Lesiones personales,59
Nariño,Pasto,2021,7,Homicidio,6
Nariño,Pasto,2021,7,Violencia intrafamiliar,56
Nariño,Pasto,2021,7,Hurto a residencias,30
Nariño,Pasto,2021,7,Extorsión,3
Nariño,Pasto,2021,8,Hurto a personas,101
Nariño,Pasto,2021,8,Hurto a comercio,32
Nariño,Pasto,2021,8,Hurto de vehículos,23
Nariño,Pasto,2021,8,Lesiones personales,87
Nariño,Pasto,2021,8,Homicidio,6
Nariño,Pasto,2021,8,Violencia intrafamiliar,57
Nariño,Pasto,2021,8,Hurto a residencias,28
Nariño,Pasto,2021,8,Extorsión,3
Nariño,Pasto,2021,9,Hurto a personas,105
Nariño,Pasto,2021,9,Hurto a comercio,30
Nariño,Pasto,2021,9,Hurto de vehículos,19
Nariño,Pasto,2021,9,Lesiones personales,75
Nariño,Pasto,2021,9,Homicidio,6
Nariño,Pasto,2021,9,Violencia intrafamiliar,49
Nariño,Pasto,2021,9,Hurto a residencias,24
Nariño,Pasto,2021,9,Extorsión,5
Nariño,Pasto,2021,10,Hurto a personas,110
Nariño,Pasto,2021,10,Hurto a comercio,29
Nariño,Pasto,2021,10,Hurto de vehículos,27
Nariño,Pasto,2021,10,Lesiones personales,78
Nariño,Pasto,2021,10,Homicidio,7
Nariño,Pasto,2021,10,Violencia intrafamiliar,61
Nariño,Pasto,2021,10,Hurto a residencias,33
Nariño,Pasto,2021,10,Extorsión,3
Nariño,Pasto,2021,11,Hurto a personas,144
Nariño,Pasto,2021,11,Hurto a comercio,39
Nariño,Pasto,2021,11,Hurto de vehículos,27
Nariño,Pasto,2021,11,Lesiones personales,61
Nariño,Pasto,2021,11,Homicidio,6
Nariño,Pasto,2021,11,Violencia intrafamiliar,51
Nariño,Pasto,2021,11,Hurto a residencias,24
Nariño,Pasto,2021,11,Extorsión,3
Nariño,Pasto,2021,12,Hurto a personas,144
Nariño,Pasto,2021,12,Hurto a comercio,45
Nariño,Pasto,2021,12,Hurto de vehículos,26
Nariño,Pasto,2021,12,Lesiones personales,94
Nariño,Pasto,2021,12,Homicidio,7
Nariño,Pasto,2021,12,Violencia intrafamiliar,48
Nariño,Pasto,2021,12,Hurto a residencias,25
Nariño,Pasto,2021,12,Extorsión,4
Nariño,Pasto,2022,1,Hurto a personas,129
Nariño,Pasto,2022,1,Hurto a comercio,29
Nariño,Pasto,2022,1,Hurto de vehículos,27
Nariño,Pasto,2022,1,Lesiones personales,72
Nariño,Pasto,2022,1,Homicidio,7
Nariño,Pasto,2022,1,Violencia intrafamiliar,55
Nariño,Pasto,2022,1,Hurto a residencias,23
Nariño,Pasto,2022,1,Extorsión,4
Nariño,Pasto,2022,2,Hurto a personas,147
Nariño,Pasto,2022,2,Hurto a comercio,26
Nariño,Pasto,2022,2,Hurto de vehículos,20
Nariño,Pasto,2022,2,Lesiones personales,74
Nariño,Pasto,2022,2,Homicidio,5
Nariño,Pasto,2022,2,Violencia intrafamiliar,47
Nariño,Pasto,2022,2,Hurto a residencias,28
Nariño,Pasto,2022,2,Extorsión,4
Nariño,Pasto,2022,3,Hurto a personas,121
Nariño,Pasto,2022,3,Hurto a comercio,30
Nariño,Pasto,2022,3,Hurto de vehículos,19
Nariño,Pasto,2022,3,Lesiones personales,79
Nariño,Pasto,2022,3,Homicidio,5
Nariño,Pasto,2022,3,Violencia intrafamiliar,50
Nariño,Pasto,2022,3,Hurto a residencias,28
Nariño,Pasto,2022,3,Extorsión,3
Nariño,Pasto,2022,4,Hurto a personas,137
Nariño,Pasto,2022,4,Hurto a comercio,33
Nariño,Pasto,2022,4,Hurto de vehículos,25
Nariño,Pasto,2022,4,Lesiones personales,88
Nariño,Pasto,2022,4,Homicidio,5
Nariño,Pasto,2022,4,Violencia intrafamiliar,46
Nariño,Pasto,2022,4,Hurto a residencias,23
Nariño,Pasto,2022,4,Extorsión,3
Nariño,Pasto,2022,5,Hurto a personas,133
Nariño,Pasto,2022,5,Hurto a comercio,28
Nariño,Pasto,2022,5,Hurto de vehículos,20
Nariño,Pasto,2022,5,Lesiones personales,85
Nariño,Pasto,2022,5,Homicidio,5
Nariño,Pasto,2022,5,Violencia intrafamiliar,45
Nariño,Pasto,2022,5,Hurto a residencias,22
Nariño,Pasto,2022,5,Extorsión,3
Nariño,Pasto,2022,6,Hurto a personas,108
Nariño,Pasto,2022,6,Hurto a comercio,36
Nariño,Pasto,2022,6,Hurto de vehículos,21
Nariño,Pasto,2022,6,Lesiones personales,83
Nariño,Pasto,2022,6,Homicidio,8
Nariño,Pasto,2022,6,Violencia intrafamiliar,56
Nariño,Pasto,2022,6,Hurto a residencias,26
Nariño,Pasto,2022,6,Extorsión,3
Nariño,Pasto,2022,7,Hurto a personas,112
Nariño,Pasto,2022,7,Hurto a comercio,36
Nariño,Pasto,2022,7,Hurto de vehículos,25
Nariño,Pasto,2022,7,Lesiones personales,92
Nariño,Pasto,2022,7,Homicidio,6
Nariño,Pasto,2022,7,Violencia intrafamiliar,58
Nariño,Pasto,2022,7,Hurto a residencias,30
Nariño,Pasto,2022,7,Extorsión,4
Nariño,Pasto,2022,8,Hurto a personas,116
Nariño,Pasto,2022,8,Hurto a comercio,30
Nariño,Pasto,2022,8,Hurto de vehículos,21
Nariño,Pasto,2022,8,Lesiones personales,61
Nariño,Pasto,2022,8,Homicidio,6
Nariño,Pasto,2022,8,Violencia intrafamiliar,42
Nariño,Pasto,2022,8,Hurto a residencias,29
Nariño,Pasto,2022,8,Extorsión,3
Nariño,Pasto,2022,9,Hurto a personas,140
Nariño,Pasto,2022,9,Hurto a comercio,35
Nariño,Pasto,2022,9,Hurto de vehículos,25
Nariño,Pasto,2022,9,Lesiones personales,66
Nariño,Pasto,2022,9,Homicidio,5
Nariño,Pasto,2022,9,Violencia intrafamiliar,43
Nariño,Pasto,2022,9,Hurto a residencias,25
Nariño,Pasto,2022,9,Extorsión,3
Nariño,Pasto,2022,10,Hurto a personas,112
Nariño,Pasto,2022,10,Hurto a comercio,27
Nariño,Pasto,2022,10,Hurto de vehículos,20
Nariño,Pasto,2022,10,Lesiones personales,62
Nariño,Pasto,2022,10,Homicidio,7
Nariño,Pasto,2022,10,Violencia intrafamiliar,51
Nariño,Pasto,2022,10,Hurto a residencias,31
Nariño,Pasto,2022,10,Extorsión,4
Nariño,Pasto,2022,11,Hurto a personas,93
Nariño,Pasto,2022,11,Hurto a comercio,25
Nariño,Pasto,2022,11,Hurto de vehículos,25
Nariño,Pasto,2022,11,Lesiones personales,79
Nariño,Pasto,2022,11,Homicidio,5
Nariño,Pasto,2022,11,Violencia intrafamiliar,47
Nariño,Pasto,2022,11,Hurto a residencias,22
Nariño,Pasto,2022,11,Extorsión,3
Nariño,Pasto,2022,12,Hurto a personas,122
Nariño,Pasto,2022,12,Hurto a comercio,37
Nariño,Pasto,2022,12,Hurto de vehículos,27
Nariño,Pasto,2022,12,Lesiones personales,102
Nariño,Pasto,2022,12,Homicidio,7
Nariño,Pasto,2022,12,Violencia intrafamiliar,57
Nariño,Pasto,2022,12,Hurto a residencias,26
Nariño,Pasto,2022,12,Extorsión,4
Nariño,Pasto,2023,1,Hurto a personas,145
Nariño,Pasto,2023,1,Hurto a comercio,36
Nariño,Pasto,2023,1,Hurto de vehículos,22
Nariño,Pasto,2023,1,Lesiones personales,86
Nariño,Pasto,2023,1,Homicidio,8
Nariño,Pasto,2023,1,Violencia intrafamiliar,61
Nariño,Pasto,2023,1,Hurto a residencias,32
Nariño,Pasto,2023,1,Extorsión,3
Nariño,Pasto,2023,2,Hurto a personas,124
Nariño,Pasto,2023,2,Hurto a comercio,33
Nariño,Pasto,2023,2,Hurto de vehículos,20
Nariño,Pasto,2023,2,Lesiones personales,84
Nariño,Pasto,2023,2,Homicidio,7
Nariño,Pasto,2023,2,Violencia intrafamiliar,45
Nariño,Pasto,2023,2,Hurto a residencias,28
Nariño,Pasto,2023,2,Extorsión,4
Nariño,Pasto,2023,3,Hurto a personas,126
Nariño,Pasto,2023,3,Hurto a comercio,27
Nariño,Pasto,2023,3,Hurto de vehículos,25
Nariño,Pasto,2023,3,Lesiones personales,77
Nariño,Pasto,2023,3,Homicidio,4
Nariño,Pasto,2023,3,Violencia intrafamiliar,57
Nariño,Pasto,2023,3,Hurto a residencias,24
Nariño,Pasto,2023,3,Extorsión,3
Nariño,Pasto,2023,4,Hurto a personas,117
Nariño,Pasto,2023,4,Hurto a comercio,31
Nariño,Pasto,2023,4,Hurto de vehículos,20
Nariño,Pasto,2023,4,Lesiones personales,80
Nariño,Pasto,2023,4,Homicidio,6
Nariño,Pasto,2023,4,Violencia intrafamiliar,46
Nariño,Pasto,2023,4,Hurto a residencias,25
Nariño,Pasto,2023,4,Extorsión,3
Nariño,Pasto,2023,5,Hurto a personas,119
Nariño,Pasto,2023,5,Hurto a comercio,34
Nariño,Pasto,2023,5,Hurto de vehículos,18
Nariño,Pasto,2023,5,Lesiones personales,65
Nariño,Pasto,2023,5,Homicidio,7
Nariño,Pasto,2023,5,Violencia intrafamiliar,43
Nariño,Pasto,2023,5,Hurto a residencias,29
Nariño,Pasto,2023,5,Extorsión,4
Nariño,Pasto,2023,6,Hurto a personas,140
Nariño,Pasto,2023,6,Hurto a comercio,39
Nariño,Pasto,2023,6,Hurto de vehículos,24
Nariño,Pasto,2023,6,Lesiones personales,93
Nariño,Pasto,2023,6,Homicidio,6
Nariño,Pasto,2023,6,Violencia intrafamiliar,47
Nariño,Pasto,2023,6,Hurto a residencias,29
Nariño,Pasto,2023,6,Extorsión,3
Nariño,Pasto,2023,7,Hurto a personas,131
Nariño,Pasto,2023,7,Hurto a comercio,28
Nariño,Pasto,2023,7,Hurto de vehículos,20
Nariño,Pasto,2023,7,Lesiones personales,86
Nariño,Pasto,2023,7,Homicidio,5
Nariño,Pasto,2023,7,Violencia intrafamiliar,56
Nariño,Pasto,2023,7,Hurto a residencias,27
Nariño,Pasto,2023,7,Extorsión,3
Nariño,Pasto,2023,8,Hurto a personas,87
Nariño,Pasto,2023,8,Hurto a comercio,26
Nariño,Pasto,2023,8,Hurto de vehículos,23
Nariño,Pasto,2023,8,Lesiones personales,87
Nariño,Pasto,2023,8,Homicidio,6
Nariño,Pasto,2023,8,Violencia intrafamiliar,43
Nariño,Pasto,2023,8,Hurto a residencias,22
Nariño,Pasto,2023,8,Extorsión,4
Nariño,Pasto,2023,9,Hurto a personas,127
Nariño,Pasto,2023,9,Hurto a comercio,28
Nariño,Pasto,2023,9,Hurto de vehículos,26
Nariño,Pasto,2023,9,Lesiones personales,65
Nariño,Pasto,2023,9,Homicidio,5
Nariño,Pasto,2023,9,Violencia intrafamiliar,49
Nariño,Pasto,2023,9,Hurto a residencias,22
Nariño,Pasto,2023,9,Extorsión,4
Nariño,Pasto,2023,10,Hurto a personas,124
Nariño,Pasto,2023,10,Hurto a comercio,33
Nariño,Pasto,2023,10,Hurto de vehículos,25
Nariño,Pasto,2023,10,Lesiones personales,62
Nariño,Pasto,2023,10,Homicidio,5
Nariño,Pasto,2023,10,Violencia intrafamiliar,46
Nariño,Pasto,2023,10,Hurto a residencias,23
Nariño,Pasto,2023,10,Extorsión,3
Nariño,Pasto,2023,11,Hurto a personas,137
Nariño,Pasto,2023,11,Hurto a comercio,34
Nariño,Pasto,2023,11,Hurto de vehículos,24
Nariño,Pasto,2023,11,Lesiones personales,59
Nariño,Pasto,2023,11,Homicidio,8
Nariño,Pasto,2023,11,Violencia intrafamiliar,57
Nariño,Pasto,2023,11,Hurto a residencias,24
Nariño,Pasto,2023,11,Extorsión,3
Nariño,Pasto,2023,12,Hurto a personas,116
Nariño,Pasto,2023,12,Hurto a comercio,33
Nariño,Pasto,2023,12,Hurto de vehículos,26
Nariño,Pasto,2023,12,Lesiones personales,94
Nariño,Pasto,2023,12,Homicidio,7
Nariño,Pasto,2023,12,Violencia intrafamiliar,54
Nariño,Pasto,2023,12,Hurto a residencias,27
Nariño,Pasto,2023,12,Extorsión,4
Nariño,Pasto,2024,1,Hurto a personas,145
Nariño,Pasto,2024,1,Hurto a comercio,27
Nariño,Pasto,2024,1,Hurto de vehículos,26
Nariño,Pasto,2024,1,Lesiones personales,63
Nariño,Pasto,2024,1,Homicidio,6
Nariño,Pasto,2024,1,Violencia intrafamiliar,45
Nariño,Pasto,2024,1,Hurto a residencias,29
Nariño,Pasto,2024,1,Extorsión,3
Nariño,Pasto,2024,2,Hurto a personas,112
Nariño,Pasto,2024,2,Hurto a comercio,32
Nariño,Pasto,2024,2,Hurto de vehículos,23
Nariño,Pasto,2024,2,Lesiones personales,75
Nariño,Pasto,2024,2,Homicidio,6
Nariño,Pasto,2024,2,Violencia intrafamiliar,35
Nariño,Pasto,2024,2,Hurto a residencias,30
Nariño,Pasto,2024,2,Extorsión,3
Nariño,Pasto,2024,3,Hurto a personas,121
Nariño,Pasto,2024,3,Hurto a comercio,32
Nariño,Pasto,2024,3,Hurto de vehículos,18
Nariño,Pasto,2024,3,Lesiones personales,66
Nariño,Pasto,2024,3,Homicidio,7
Nariño,Pasto,2024,3,Violencia intrafamiliar,43
Nariño,Pasto,2024,3,Hurto a residencias,24
Nariño,Pasto,2024,3,Extorsión,3
Nariño,Pasto,2024,4,Hurto a personas,107
Nariño,Pasto,2024,4,Hurto a comercio,33
Nariño,Pasto,2024,4,Hurto de vehículos,20
Nariño,Pasto,2024,4,Lesiones personales,71
Nariño,Pasto,2024,4,Homicidio,5
Nariño,Pasto,2024,4,Violencia intrafamiliar,46
Nariño,Pasto,2024,4,Hurto a residencias,24
Nariño,Pasto,2024,4,Extorsión,3
Nariño,Pasto,2024,5,Hurto a personas,128
Nariño,Pasto,2024,5,Hurto a comercio,26
Nariño,Pasto,2024,5,Hurto de vehículos,20
Nariño,Pasto,2024,5,Lesiones personales,63
Nariño,Pasto,2024,5,Homicidio,6
Nariño,Pasto,2024,5,Violencia intrafamiliar,46
Nariño,Pasto,2024,5,Hurto a residencias,22
Nariño,Pasto,2024,5,Extorsión,4
Nariño,Pasto,2024,6,Hurto a personas,146
Nariño,Pasto,2024,6,Hurto a comercio,35
Nariño,Pasto,2024,6,Hurto de vehículos,27
Nariño,Pasto,2024,6,Lesiones personales,86
Nariño,Pasto,2024,6,Homicidio,5
Nariño,Pasto,2024,6,Violencia intrafamiliar,40
Nariño,Pasto,2024,6,Hurto a residencias,25
Nariño,Pasto,2024,6,Extorsión,3
Nariño,Pasto,2024,7,Hurto a personas,113
Nariño,Pasto,2024,7,Hurto a comercio,30
Nariño,Pasto,2024,7,Hurto de vehículos,25
Nariño,Pasto,2024,7,Lesiones personales,84
Nariño,Pasto,2024,7,Homicidio,6
Nariño,Pasto,2024,7,Violencia intrafamiliar,47
Nariño,Pasto,2024,7,Hurto a residencias,26
Nariño,Pasto,2024,7,Extorsión,3
Nariño,Pasto,2024,8,Hurto a personas,103
Nariño,Pasto,2024,8,Hurto a comercio,36
Nariño,Pasto,2024,8,Hurto de vehículos,20
Nariño,Pasto,2024,8,Lesiones personales,76
Nariño,Pasto,2024,8,Homicidio,6
Nariño,Pasto,2024,8,Violencia intrafamiliar,46
Nariño,Pasto,2024,8,Hurto a residencias,26
Nariño,Pasto,2024,8,Extorsión,4
Nariño,Pasto,2024,9,Hurto a personas,112
Nariño,Pasto,2024,9,Hurto a comercio,30
Nariño,Pasto,2024,9,Hurto de vehículos,19
Nariño,Pasto,2024,9,Lesiones personales,71
Nariño,Pasto,2024,9,Homicidio,6
Nariño,Pasto,2024,9,Violencia intrafamiliar,51
Nariño,Pasto,2024,9,Hurto a residencias,21
Nariño,Pasto,2024,9,Extorsión,4
Nariño,Pasto,2024,10,Hurto a personas,137
Nariño,Pasto,2024,10,Hurto a comercio,23
Nariño,Pasto,2024,10,Hurto de vehículos,19
Nariño,Pasto,2024,10,Lesiones personales,62
Nariño,Pasto,2024,10,Homicidio,6
Nariño,Pasto,2024,10,Violencia intrafamiliar,38
Nariño,Pasto,2024,10,Hurto a residencias,21
Nariño,Pasto,2024,10,Extorsión,4
Nariño,Pasto,2024,11,Hurto a personas,119
Nariño,Pasto,2024,11,Hurto a comercio,33
Nariño,Pasto,2024,11,Hurto de vehículos,24
Nariño,Pasto,2024,11,Lesiones personales,68
Nariño,Pasto,2024,11,Homicidio,6
Nariño,Pasto,2024,11,Violencia intrafamiliar,54
Nariño,Pasto,2024,11,Hurto a residencias,19
Nariño,Pasto,2024,11,Extorsión,3
Nariño,Pasto,2024,12,Hurto a personas,115
Nariño,Pasto,2024,12,Hurto a comercio,31
Nariño,Pasto,2024,12,Hurto de vehículos,25
Nariño,Pasto,2024,12,Lesiones personales,66
Nariño,Pasto,2024,12,Homicidio,8
Nariño,Pasto,2024,12,Violencia intrafamiliar,63
Nariño,Pasto,2024,12,Hurto a residencias,32
Nariño,Pasto,2024,12,Extorsión,4
Huila,Neiva,2020,1,Hurto a personas,118
Huila,Neiva,2020,1,Hurto a comercio,34
Huila,Neiva,2020,1,Hurto de vehículos,28
Huila,Neiva,2020,1,Lesiones personales,86
Huila,Neiva,2020,1,Homicidio,7
Huila,Neiva,2020,1,Violencia intrafamiliar,57
Huila,Neiva,2020,1,Hurto a residencias,25
Huila,Neiva,2020,1,Extorsión,3
Huila,Neiva,2020,2,Hurto a personas,114
Huila,Neiva,2020,2,Hurto a comercio,36
Huila,Neiva,2020,2,Hurto de vehículos,25
Huila,Neiva,2020,2,Lesiones personales,73
Huila,Neiva,2020,2,Homicidio,6
Huila,Neiva,2020,2,Violencia intrafamiliar,40
Huila,Neiva,2020,2,Hurto a residencias,26
Huila,Neiva,2020,2,Extorsión,4
Huila,Neiva,2020,3,Hurto a personas,125
Huila,Neiva,2020,3,Hurto a comercio,30
Huila,Neiva,2020,3,Hurto de vehículos,25
Huila,Neiva,2020,3,Lesiones personales,80
Huila,Neiva,2020,3,Homicidio,6
Huila,Neiva,2020,3,Violencia intrafamiliar,45
Huila,Neiva,2020,3,Hurto a residencias,26
Huila,Neiva,2020,3,Extorsión,5
Huila,Neiva,2020,4,Hurto a personas,129
Huila,Neiva,2020,4,Hurto a comercio,29
Huila,Neiva,2020,4,Hurto de vehículos,22
Huila,Neiva,2020,4,Lesiones personales,74
Huila,Neiva,2020,4,Homicidio,7
Huila,Neiva,2020,4,Violencia intrafamiliar,55
Huila,Neiva,2020,4,Hurto a residencias,28
Huila,Neiva,2020,4,Extorsión,3
Huila,Neiva,2020,5,Hurto a personas,103
Huila,Neiva,2020,5,Hurto a comercio,34
Huila,Neiva,2020,5,Hurto de vehículos,25
Huila,Neiva,2020,5,Lesiones personales,79
Huila,Neiva,2020,5,Homicidio,5
Huila,Neiva,2020,5,Violencia intrafamiliar,48
Huila,Neiva,2020,5,Hurto a residencias,30
Huila,Neiva,2020,5,Extorsión,3
Huila,Neiva,2020,6,Hurto a personas,142
Huila,Neiva,2020,6,Hurto a comercio,36
Huila,Neiva,2020,6,Hurto de vehículos,22
Huila,Neiva,2020,6,Lesiones personales,91
Huila,Neiva,2020,6,Homicidio,7
Huila,Neiva,2020,6,Violencia intrafamiliar,58
Huila,Neiva,2020,6,Hurto a residencias,32
Huila,Neiva,2020,6,Extorsión,4
Huila,Neiva,2020,7,Hurto a personas,97
Huila,Neiva,2020,7,Hurto a comercio,34
Huila,Neiva,2020,7,Hurto de vehículos,20
Huila,Neiva,2020,7,Lesiones personales,66
Huila,Neiva,2020,7,Homicidio,6
Huila,Neiva,2020,7,Violencia intrafamiliar,60
Huila,Neiva,2020,7,Hurto a residencias,28
Huila,Neiva,2020,7,Extorsión,3
Huila,Neiva,2020,8,Hurto a personas,128
Huila,Neiva,2020,8,Hurto a comercio,32
Huila,Neiva,2020,8,Hurto de vehículos,17
Huila,Neiva,2020,8,Lesiones personales,67
Huila,Neiva,2020,8,Homicidio,6
Huila,Neiva,2020,8,Violencia intrafamiliar,38
Huila,Neiva,2020,8,Hurto a residencias,19
Huila,Neiva,2020,8,Extorsión,4
Huila,Neiva,2020,9,Hurto a personas,98
Huila,Neiva,2020,9,Hurto a comercio,33
Huila,Neiva,2020,9,Hurto de vehículos,24
Huila,Neiva,2020,9,Lesiones personales,79
Huila,Neiva,2020,9,Homicidio,7
Huila,Neiva,2020,9,Violencia intrafamiliar,50
Huila,Neiva,2020,9,Hurto a residencias,25
Huila,Neiva,2020,9,Extorsión,4
Huila,Neiva,2020,10,Hurto a personas,150
Huila,Neiva,2020,10,Hurto a comercio,30
Huila,Neiva,2020,10,Hurto de vehículos,20
Huila,Neiva,2020,10,Lesiones personales,81
Huila,Neiva,2020,10,Homicidio,7
Huila,Neiva,2020,10,Violencia intrafamiliar,47
Huila,Neiva,2020,10,Hurto a residencias,25
Huila,Neiva,2020,10,Extorsión,4
Huila,Neiva,2020,11,Hurto a personas,123
Huila,Neiva,2020,11,Hurto a comercio,38
Huila,Neiva,2020,11,Hurto de vehículos,24
Huila,Neiva,2020,11,Lesiones personales,80
Huila,Neiva,2020,11,Homicidio,7
Huila,Neiva,2020,11,Violencia intrafamiliar,39
Huila,Neiva,2020,11,Hurto a residencias,26
Huila,Neiva,2020,11,Extorsión,5
Huila,Neiva,2020,12,Hurto a personas,118
Huila,Neiva,2020,12,Hurto a comercio,32
Huila,Neiva,2020,12,Hurto de vehículos,22
Huila,Neiva,2020,12,Lesiones personales,87
Huila,Neiva,2020,12,Homicidio,7
Huila,Neiva,2020,12,Violencia intrafamiliar,48
Huila,Neiva,2020,12,Hurto a residencias,34
Huila,Neiva,2020,12,Extorsión,3
Huila,Neiva,2021,1,Hurto a personas,131
Huila,Neiva,2021,1,Hurto a comercio,36
Huila,Neiva,2021,1,Hurto de vehículos,20
Huila,Neiva,2021,1,Lesiones personales,84
Huila,Neiva,2021,1,Homicidio,6
Huila,Neiva,2021,1,Violencia intrafamiliar,49
Huila,Neiva,2021,1,Hurto a residencias,30
Huila,Neiva,2021,1,Extorsión,4
Huila,Neiva,2021,2,Hurto a personas,119
Huila,Neiva,2021,2,Hurto a comercio,27
Huila,Neiva,2021,2,Hurto de vehículos,21
Huila,Neiva,2021,2,Lesiones personales,71
Huila,Neiva,2021,2,Homicidio,6
Huila,Neiva,2021,2,Violencia intrafamiliar,52
Huila,Neiva,2021,2,Hurto a residencias,21
Huila,Neiva,2021,2,Extorsión,3
Huila,Neiva,2021,3,Hurto a personas,111
Huila,Neiva,2021,3,Hurto a comercio,34
Huila,Neiva,2021,3,Hurto de vehículos,25
Huila,Neiva,2021,3,Lesiones personales,64
Huila,Neiva,2021,3,Homicidio,6
Huila,Neiva,2021,3,Violencia intrafamiliar,48
Huila,Neiva,2021,3,Hurto a residencias,21
Huila,Neiva,2021,3,Extorsión,3
Huila,Neiva,2021,4,Hurto a personas,135
Huila,Neiva,2021,4,Hurto a comercio,29
Huila,Neiva,2021,4,Hurto de vehículos,23
Huila,Neiva,2021,4,Lesiones personales,71
Huila,Neiva,2021,4,Homicidio,6
Huila,Neiva,2021,4,Violencia intrafamiliar,42
Huila,Neiva,2021,4,Hurto a residencias,22
Huila,Neiva,2021,4,Extorsión,3
Huila,Neiva,2021,5,Hurto a personas,112
Huila,Neiva,2021,5,Hurto a comercio,37
Huila,Neiva,2021,5,Hurto de vehículos,22
Huila,Neiva,2021,5,Lesiones personales,74
Huila,Neiva,2021,5,Homicidio,6
Huila,Neiva,2021,5,Violencia intrafamiliar,43
Huila,Neiva,2021,5,Hurto a residencias,20
Huila,Neiva,2021,5,Extorsión,4
Huila,Neiva,2021,6,Hurto a personas,129
Huila,Neiva,2021,6,Hurto a comercio,32
Huila,Neiva,2021,6,Hurto de vehículos,19
Huila,Neiva,2021,6,Lesiones personales,67
Huila,Neiva,2021,6,Homicidio,7
Huila,Neiva,2021,6,Violencia intrafamiliar,44
Huila,Neiva,2021,6,Hurto a residencias,23
Huila,Neiva,2021,6,Extorsión,3
Huila,Neiva,2021,7,Hurto a personas,122
Huila,Neiva,2021,7,Hurto a comercio,35
Huila,Neiva,2021,7,Hurto de vehículos,22
Huila,Neiva,2021,7,Lesiones personales,66
Huila,Neiva,2021,7,Homicidio,5
Huila,Neiva,2021,7,Violencia intrafamiliar,41
Huila,Neiva,2021,7,Hurto a residencias,26
Huila,Neiva,2021,7,Extorsión,4
Huila,Neiva,2021,8,Hurto a personas,91
Huila,Neiva,2021,8,Hurto a comercio,34
Huila,Neiva,2021,8,Hurto de vehículos,24
Huila,Neiva,2021,8,Lesiones personales,67
Huila,Neiva,2021,8,Homicidio,6
Huila,Neiva,2021,8,Violencia intrafamiliar,54
Huila,Neiva,2021,8,Hurto a residencias,26
Huila,Neiva,2021,8,Extorsión,3
Huila,Neiva,2021,9,Hurto a personas,137
Huila,Neiva,2021,9,Hurto a comercio,26
Huila,Neiva,2021,9,Hurto de vehículos,25
Huila,Neiva,2021,9,Lesiones personales,76
Huila,Neiva,2021,9,Homicidio,7
Huila,Neiva,2021,9,Violencia intrafamiliar,46
Huila,Neiva,2021,9,Hurto a residencias,22
Huila,Neiva,2021,9,Extorsión,3
Huila,Neiva,2021,10,Hurto a personas,123
Huila,Neiva,2021,10,Hurto a comercio,28
Huila,Neiva,2021,10,Hurto de vehículos,25
Huila,Neiva,2021,10,Lesiones personales,58
Huila,Neiva,2021,10,Homicidio,7
Huila,Neiva,2021,10,Violencia intrafamiliar,58
Huila,Neiva,2021,10,Hurto a residencias,25
Huila,Neiva,2021,10,Extorsión,3
Huila,Neiva,2021,11,Hurto a personas,106
Huila,Neiva,2021,11,Hurto a comercio,37
Huila,Neiva,2021,11,Hurto de vehículos,23
Huila,Neiva,2021,11,Lesiones personales,84
Huila,Neiva,2021,11,Homicidio,8
Huila,Neiva,2021,11,Violencia intrafamiliar,44
Huila,Neiva,2021,11,Hurto a residencias,23
Huila,Neiva,2021,11,Extorsión,3
Huila,Neiva,2021,12,Hurto a personas,111
Huila,Neiva,2021,12,Hurto a comercio,33
Huila,Neiva,2021,12,Hurto de vehículos,22
Huila,Neiva,2021,12,Lesiones personales,77
Huila,Neiva,2021,12,Homicidio,7
Huila,Neiva,2021,12,Violencia intrafamiliar,49
Huila,Neiva,2021,12,Hurto a residencias,23
Huila,Neiva,2021,12,Extorsión,3
Huila,Neiva,2022,1,Hurto a personas,130
Huila,Neiva,2022,1,Hurto a comercio,35
Huila,Neiva,2022,1,Hurto de vehículos,21
Huila,Neiva,2022,1,Lesiones personales,74
Huila,Neiva,2022,1,Homicidio,7
Huila,Neiva,2022,1,Violencia intrafamiliar,58
Huila,Neiva,2022,1,Hurto a residencias,24
Huila,Neiva,2022,1,Extorsión,4
Huila,Neiva,2022,2,Hurto a personas,94
Huila,Neiva,2022,2,Hurto a comercio,25
Huila,Neiva,2022,2,Hurto de vehículos,17
Huila,Neiva,2022,2,Lesiones personales,63
Huila,Neiva,2022,2,Homicidio,5
Huila,Neiva,2022,2,Violencia intrafamiliar,41
Huila,Neiva,2022,2,Hurto a residencias,26
Huila,Neiva,2022,2,Extorsión,4
Huila,Neiva,2022,3,Hurto a personas,112
Huila,Neiva,2022,3,Hurto a comercio,29
Huila,Neiva,2022,3,Hurto de vehículos,26
Huila,Neiva,2022,3,Lesiones personales,86
Huila,Neiva,2022,3,Homicidio,6
Huila,Neiva,2022,3,Violencia intrafamiliar,55
Huila,Neiva,2022,3,Hurto a residencias,26
Huila,Neiva,2022,3,Extorsión,4
Huila,Neiva,2022,4,Hurto a personas,133
Huila,Neiva,2022,4,Hurto a comercio,35
Huila,Neiva,2022,4,Hurto de vehículos,22
Huila,Neiva,2022,4,Lesiones personales,76
Huila,Neiva,2022,4,Homicidio,7
Huila,Neiva,2022,4,Violencia intrafamiliar,39
Huila,Neiva,2022,4,Hurto a residencias,26
Huila,Neiva,2022,4,Extorsión,3
Huila,Neiva,2022,5,Hurto a personas,98
Huila,Neiva,2022,5,Hurto a comercio,33
Huila,Neiva,2022,5,Hurto de vehículos,21
Huila,Neiva,2022,5,Lesiones personales,57
Huila,Neiva,2022,5,Homicidio,6
Huila,Neiva,2022,5,Violencia intrafamiliar,44
Huila,Neiva,2022,5,Hurto a residencias,23
Huila,Neiva,2022,5,Extorsión,4
Huila,Neiva,2022,6,Hurto a personas,147
Huila,Neiva,2022,6,Hurto a comercio,26
Huila,Neiva,2022,6,Hurto de vehículos,21
Huila,Neiva,2022,6,Lesiones personales,84
Huila,Neiva,2022,6,Homicidio,5
Huila,Neiva,2022,6,Violencia intrafamiliar,42
Huila,Neiva,2022,6,Hurto a residencias,26
Huila,Neiva,2022,6,Extorsión,3
Huila,Neiva,2022,7,Hurto a personas,101
Huila,Neiva,2022,7,Hurto a comercio,37
Huila,Neiva,2022,7,Hurto de vehículos,22
Huila,Neiva,2022,7,Lesiones personales,74
Huila,Neiva,2022,7,Homicidio,5
Huila,Neiva,2022,7,Violencia intrafamiliar,57
Huila,Neiva,2022,7,Hurto a residencias,23
Huila,Neiva,2022,7,Extorsión,3
Huila,Neiva,2022,8,Hurto a personas,97
Huila,Neiva,2022,8,Hurto a comercio,38
Huila,Neiva,2022,8,Hurto de vehículos,19
Huila,Neiva,2022,8,Lesiones personales,78
Huila,Neiva,2022,8,Homicidio,6
Huila,Neiva,2022,8,Violencia intrafamiliar,58
Huila,Neiva,2022,8,Hurto a residencias,24
Huila,Neiva,2022,8,Extorsión,3
Huila,Neiva,2022,9,Hurto a personas,121
Huila,Neiva,2022,9,Hurto a comercio,31
Huila,Neiva,2022,9,Hurto de vehículos,23
Huila,Neiva,2022,9,Lesiones personales,66
Huila,Neiva,2022,9,Homicidio,7
Huila,Neiva,2022,9,Violencia intrafamiliar,41
Huila,Neiva,2022,9,Hurto a residencias,26
Huila,Neiva,2022,9,Extorsión,4
Huila,Neiva,2022,10,Hurto a personas,106
Huila,Neiva,2022,10,Hurto a comercio,32
Huila,Neiva,2022,10,Hurto de vehículos,19
Huila,Neiva,2022,10,Lesiones personales,84
Huila,Neiva,2022,10,Homicidio,5
Huila,Neiva,2022,10,Violencia intrafamiliar,56
Huila,Neiva,2022,10,Hurto a residencias,26
Huila,Neiva,2022,10,Extorsión,3
Huila,Neiva,2022,11,Hurto a personas,125
Huila,Neiva,2022,11,Hurto a comercio,26
Huila,Neiva,2022,11,Hurto de vehículos,22
Huila,Neiva,2022,11,Lesiones personales,86
Huila,Neiva,2022,11,Homicidio,4
Huila,Neiva,2022,11,Violencia intrafamiliar,41
Huila,Neiva,2022,11,Hurto a residencias,31
Huila,Neiva,2022,11,Extorsión,3
Huila,Neiva,2022,12,Hurto a personas,105
Huila,Neiva,2022,12,Hurto a comercio,36
Huila,Neiva,2022,12,Hurto de vehículos,29
Huila,Neiva,2022,12,Lesiones personales,95
Huila,Neiva,2022,12,Homicidio,5
Huila,Neiva,2022,12,Violencia intrafamiliar,45
Huila,Neiva,2022,12,Hurto a residencias,27
Huila,Neiva,2022,12,Extorsión,3
Huila,Neiva,2023,1,Hurto a personas,98
Huila,Neiva,2023,1,Hurto a comercio,32
Huila,Neiva,2023,1,Hurto de vehículos,23
Huila,Neiva,2023,1,Lesiones personales,81
Huila,Neiva,2023,1,Homicidio,7
Huila,Neiva,2023,1,Violencia intrafamiliar,42
Huila,Neiva,2023,1,Hurto a residencias,25
Huila,Neiva,2023,1,Extorsión,4
Huila,Neiva,2023,2,Hurto a personas,131
Huila,Neiva,2023,2,Hurto a comercio,24
Huila,Neiva,2023,2,Hurto de vehículos,21
Huila,Neiva,2023,2,Lesiones personales,72
Huila,Neiva,2023,2,Homicidio,6
Huila,Neiva,2023,2,Violencia intrafamiliar,51
Huila,Neiva,2023,2,Hurto a residencias,24
Huila,Neiva,2023,2,Extorsión,3
Huila,Neiva,2023,3,Hurto a personas,98
Huila,Neiva,2023,3,Hurto a comercio,37
Huila,Neiva,2023,3,Hurto de vehículos,21
Huila,Neiva,2023,3,Lesiones personales,68
Huila,Neiva,2023,3,Homicidio,6
Huila,Neiva,2023,3,Violencia intrafamiliar,49
Huila,Neiva,2023,3,Hurto a residencias,19
Huila,Neiva,2023,3,Extorsión,4
Huila,Neiva,2023,4,Hurto a personas,135
Huila,Neiva,2023,4,Hurto a comercio,23
Huila,Neiva,2023,4,Hurto de vehículos,22
Huila,Neiva,2023,4,Lesiones personales,59
Huila,Neiva,2023,4,Homicidio,6
Huila,Neiva,2023,4,Violencia intrafamiliar,57
Huila,Neiva,2023,4,Hurto a residencias,18
Huila,Neiva,2023,4,Extorsión,3
Huila,Neiva,2023,5,Hurto a personas,118
Huila,Neiva,2023,5,Hurto a comercio,29
Huila,Neiva,2023,5,Hurto de vehículos,17
Huila,Neiva,2023,5,Lesiones personales,77
Huila,Neiva,2023,5,Homicidio,6
Huila,Neiva,2023,5,Violencia intrafamiliar,41
Huila,Neiva,2023,5,Hurto a residencias,22
Huila,Neiva,2023,5,Extorsión,4
Huila,Neiva,2023,6,Hurto a personas,106
Huila,Neiva,2023,6,Hurto a comercio,27
Huila,Neiva,2023,6,Hurto de vehículos,21
Huila,Neiva,2023,6,Lesiones personales,73
Huila,Neiva,2023,6,Homicidio,6
Huila,Neiva,2023,6,Violencia intrafamiliar,47
Huila,Neiva,2023,6,Hurto a residencias,25
Huila,Neiva,2023,6,Extorsión,4
Huila,Neiva,2023,7,Hurto a personas,119
Huila,Neiva,2023,7,Hurto a comercio,38
Huila,Neiva,2023,7,Hurto de vehículos,20
Huila,Neiva,2023,7,Lesiones personales,84
Huila,Neiva,2023,7,Homicidio,4
Huila,Neiva,2023,7,Violencia intrafamiliar,37
Huila,Neiva,2023,7,Hurto a residencias,20
Huila,Neiva,2023,7,Extorsión,2
Huila,Neiva,2023,8,Hurto a personas,108
Huila,Neiva,2023,8,Hurto a comercio,32
Huila,Neiva,2023,8,Hurto de vehículos,15
Huila,Neiva,2023,8,Lesiones personales,54
Huila,Neiva,2023,8,Homicidio,6
Huila,Neiva,2023,8,Violencia intrafamiliar,53
Huila,Neiva,2023,8,Hurto a residencias,26
Huila,Neiva,2023,8,Extorsión,4
Huila,Neiva,2023,9,Hurto a personas,112
Huila,Neiva,2023,9,Hurto a comercio,28
Huila,Neiva,2023,9,Hurto de vehículos,25
Huila,Neiva,2023,9,Lesiones personales,57
Huila,Neiva,2023,9,Homicidio,6
Huila,Neiva,2023,9,Violencia intrafamiliar,49
Huila,Neiva,2023,9,Hurto a residencias,18
Huila,Neiva,2023,9,Extorsión,3
Huila,Neiva,2023,10,Hurto a personas,110
Huila,Neiva,2023,10,Hurto a comercio,22
Huila,Neiva,2023,10,Hurto de vehículos,15
Huila,Neiva,2023,10,Lesiones personales,62
Huila,Neiva,2023,10,Homicidio,5
Huila,Neiva,2023,10,Violencia intrafamiliar,49
Huila,Neiva,2023,10,Hurto a residencias,20
Huila,Neiva,2023,10,Extorsión,4
Huila,Neiva,2023,11,Hurto a personas,129
Huila,Neiva,2023,11,Hurto a comercio,35
Huila,Neiva,2023,11,Hurto de vehículos,21
Huila,Neiva,2023,11,Lesiones personales,66
Huila,Neiva,2023,11,Homicidio,7
Huila,Neiva,2023,11,Violencia intrafamiliar,39
Huila,Neiva,2023,11,Hurto a residencias,18
Huila,Neiva,2023,11,Extorsión,3
Huila,Neiva,2023,12,Hurto a personas,138
Huila,Neiva,2023,12,Hurto a comercio,32
Huila,Neiva,2023,12,Hurto de vehículos,26
Huila,Neiva,2023,12,Lesiones personales,84
Huila,Neiva,2023,12,Homicidio,7
Huila,Neiva,2023,12,Violencia intrafamiliar,58
Huila,Neiva,2023,12,Hurto a residencias,21
Huila,Neiva,2023,12,Extorsión,4
Huila,Neiva,2024,1,Hurto a personas,119
Huila,Neiva,2024,1,Hurto a comercio,30
Huila,Neiva,2024,1,Hurto de vehículos,22
Huila,Neiva,2024,1,Lesiones personales,65
Huila,Neiva,2024,1,Homicidio,5
Huila,Neiva,2024,1,Violencia intrafamiliar,38
Huila,Neiva,2024,1,Hurto a residencias,24
Huila,Neiva,2024,1,Extorsión,3
Huila,Neiva,2024,2,Hurto a personas,108
Huila,Neiva,2024,2,Hurto a comercio,26
Huila,Neiva,2024,2,Hurto de vehículos,20
Huila,Neiva,2024,2,Lesiones personales,54
Huila,Neiva,2024,2,Homicidio,6
Huila,Neiva,2024,2,Violencia intrafamiliar,31
Huila,Neiva,2024,2,Hurto a residencias,26
Huila,Neiva,2024,2,Extorsión,4
Huila,Neiva,2024,3,Hurto a personas,89
Huila,Neiva,2024,3,Hurto a comercio,25
Huila,Neiva,2024,3,Hurto de vehículos,16
Huila,Neiva,2024,3,Lesiones personales,75
Huila,Neiva,2024,3,Homicidio,5
Huila,Neiva,2024,3,Violencia intrafamiliar,48
Huila,Neiva,2024,3,Hurto a residencias,21
Huila,Neiva,2024,3,Extorsión,3
Huila,Neiva,2024,4,Hurto a personas,109
Huila,Neiva,2024,4,Hurto a comercio,32
Huila,Neiva,2024,4,Hurto de vehículos,18
Huila,Neiva,2024,4,Lesiones personales,58
Huila,Neiva,2024,4,Homicidio,6
Huila,Neiva,2024,4,Violencia intrafamiliar,41
Huila,Neiva,2024,4,Hurto a residencias,21
Huila,Neiva,2024,4,Extorsión,3
Huila,Neiva,2024,5,Hurto a personas,100
Huila,Neiva,2024,5,Hurto a comercio,36
Huila,Neiva,2024,5,Hurto de vehículos,20
Huila,Neiva,2024,5,Lesiones personales,63
Huila,Neiva,2024,5,Homicidio,5
Huila,Neiva,2024,5,Violencia intrafamiliar,35
Huila,Neiva,2024,5,Hurto a residencias,22
Huila,Neiva,2024,5,Extorsión,3
Huila,Neiva,2024,6,Hurto a personas,93
Huila,Neiva,2024,6,Hurto a comercio,35
Huila,Neiva,2024,6,Hurto de vehículos,21
Huila,Neiva,2024,6,Lesiones personales,74
Huila,Neiva,2024,6,Homicidio,6
Huila,Neiva,2024,6,Violencia intrafamiliar,41
Huila,Neiva,2024,6,Hurto a residencias,28
Huila,Neiva,2024,6,Extorsión,4
Huila,Neiva,2024,7,Hurto a personas,92
Huila,Neiva,2024,7,Hurto a comercio,22
Huila,Neiva,2024,7,Hurto de vehículos,23
Huila,Neiva,2024,7,Lesiones personales,79
Huila,Neiva,2024,7,Homicidio,6
Huila,Neiva,2024,7,Violencia intrafamiliar,40
Huila,Neiva,2024,7,Hurto a residencias,21
Huila,Neiva,2024,7,Extorsión,3
Huila,Neiva,2024,8,Hurto a personas,109
Huila,Neiva,2024,8,Hurto a comercio,37
Huila,Neiva,2024,8,Hurto de vehículos,20
Huila,Neiva,2024,8,Lesiones personales,81
Huila,Neiva,2024,8,Homicidio,6
Huila,Neiva,2024,8,Violencia intrafamiliar,42
Huila,Neiva,2024,8,Hurto a residencias,27
Huila,Neiva,2024,8,Extorsión,4
Huila,Neiva,2024,9,Hurto a personas,81
Huila,Neiva,2024,9,Hurto a comercio,36
Huila,Neiva,2024,9,Hurto de vehículos,17
Huila,Neiva,2024,9,Lesiones personales,68
Huila,Neiva,2024,9,Homicidio,5
Huila,Neiva,2024,9,Violencia intrafamiliar,40
Huila,Neiva,2024,9,Hurto a residencias,22
Huila,Neiva,2024,9,Extorsión,4
Huila,Neiva,2024,10,Hurto a personas,114
Huila,Neiva,2024,10,Hurto a comercio,25
Huila,Neiva,2024,10,Hurto de vehículos,16
Huila,Neiva,2024,10,Lesiones personales,53
Huila,Neiva,2024,10,Homicidio,4
Huila,Neiva,2024,10,Violencia intrafamiliar,39
Huila,Neiva,2024,10,Hurto a residencias,20
Huila,Neiva,2024,10,Extorsión,4
Huila,Neiva,2024,11,Hurto a personas,120
Huila,Neiva,2024,11,Hurto a comercio,29
Huila,Neiva,2024,11,Hurto de vehículos,22
Huila,Neiva,2024,11,Lesiones personales,71
Huila,Neiva,2024,11,Homicidio,5
Huila,Neiva,2024,11,Violencia intrafamiliar,48
Huila,Neiva,2024,11,Hurto a residencias,23
Huila,Neiva,2024,11,Extorsión,3
Huila,Neiva,2024,12,Hurto a personas,103
Huila,Neiva,2024,12,Hurto a comercio,29
Huila,Neiva,2024,12,Hurto de vehículos,25
Huila,Neiva,2024,12,Lesiones personales,62
Huila,Neiva,2024,12,Homicidio,7
Huila,Neiva,2024,12,Violencia intrafamiliar,57
Huila,Neiva,2024,12,Hurto a residencias,21
Huila,Neiva,2024,12,Extorsión,3
Quindío,Armenia,2020,1,Hurto a personas,128
Quindío,Armenia,2020,1,Hurto a comercio,33
Quindío,Armenia,2020,1,Hurto de vehículos,26
Quindío,Armenia,2020,1,Lesiones personales,86
Quindío,Armenia,2020,1,Homicidio,7
Quindío,Armenia,2020,1,Violencia intrafamiliar,41
Quindío,Armenia,2020,1,Hurto a residencias,27
Quindío,Armenia,2020,1,Extorsión,3
Quindío,Armenia,2020,2,Hurto a personas,135
Quindío,Armenia,2020,2,Hurto a comercio,34
Quindío,Armenia,2020,2,Hurto de vehículos,19
Quindío,Armenia,2020,2,Lesiones personales,72
Quindío,Armenia,2020,2,Homicidio,7
Quindío,Armenia,2020,2,Violencia intrafamiliar,41
Quindío,Armenia,2020,2,Hurto a residencias,26
Quindío,Armenia,2020,2,Extorsión,3
Quindío,Armenia,2020,3,Hurto a personas,93
Quindío,Armenia,2020,3,Hurto a comercio,27
Quindío,Armenia,2020,3,Hurto de vehículos,27
Quindío,Armenia,2020,3,Lesiones personales,60
Quindío,Armenia,2020,3,Homicidio,6
Quindío,Armenia,2020,3,Violencia intrafamiliar,39
Quindío,Armenia,2020,3,Hurto a residencias,23
Quindío,Armenia,2020,3,Extorsión,3
Quindío,Armenia,2020,4,Hurto a personas,97
Quindío,Armenia,2020,4,Hurto a comercio,26
Quindío,Armenia,2020,4,Hurto de vehículos,23
Quindío,Armenia,2020,4,Lesiones personales,74
Quindío,Armenia,2020,4,Homicidio,4
Quindío,Armenia,2020,4,Violencia intrafamiliar,45
Quindío,Armenia,2020,4,Hurto a residencias,20
Quindío,Armenia,2020,4,Extorsión,4
Quindío,Armenia,2020,5,Hurto a personas,116
Quindío,Armenia,2020,5,Hurto a comercio,28
Quindío,Armenia,2020,5,Hurto de vehículos,26
Quindío,Armenia,2020,5,Lesiones personales,65
Quindío,Armenia,2020,5,Homicidio,5
Quindío,Armenia,2020,5,Violencia intrafamiliar,51
Quindío,Armenia,2020,5,Hurto a residencias,18
Quindío,Armenia,2020,5,Extorsión,3
Quindío,Armenia,2020,6,Hurto a personas,123
Quindío,Armenia,2020,6,Hurto a comercio,28
Quindío,Armenia,2020,6,Hurto de vehículos,18
Quindío,Armenia,2020,6,Lesiones personales,60
Quindío,Armenia,2020,6,Homicidio,6
Quindío,Armenia,2020,6,Violencia intrafamiliar,51
Quindío,Armenia,2020,6,Hurto a residencias,25
Quindío,Armenia,2020,6,Extorsión,3
Quindío,Armenia,2020,7,Hurto a personas,88
Quindío,Armenia,2020,7,Hurto a comercio,31
Quindío,Armenia,2020,7,Hurto de vehículos,22
Quindío,Armenia,2020,7,Lesiones personales,54
Quindío,Armenia,2020,7,Homicidio,5
Quindío,Armenia,2020,7,Violencia intrafamiliar,45
Quindío,Armenia,2020,7,Hurto a residencias,29
Quindío,Armenia,2020,7,Extorsión,3
Quindío,Armenia,2020,8,Hurto a personas,119
Quindío,Armenia,2020,8,Hurto a comercio,32
Quindío,Armenia,2020,8,Hurto de vehículos,20
Quindío,Armenia,2020,8,Lesiones personales,61
Quindío,Armenia,2020,8,Homicidio,5
Quindío,Armenia,2020,8,Violencia intrafamiliar,43
Quindío,Armenia,2020,8,Hurto a residencias,21
Quindío,Armenia,2020,8,Extorsión,4
Quindío,Armenia,2020,9,Hurto a personas,129
Quindío,Armenia,2020,9,Hurto a comercio,29
Quindío,Armenia,2020,9,Hurto de vehículos,15
Quindío,Armenia,2020,9,Lesiones personales,61
Quindío,Armenia,2020,9,Homicidio,5
Quindío,Armenia,2020,9,Violencia intrafamiliar,48
Quindío,Armenia,2020,9,Hurto a residencias,22
Quindío,Armenia,2020,9,Extorsión,3
Quindío,Armenia,2020,10,Hurto a personas,135
Quindío,Armenia,2020,10,Hurto a comercio,28
Quindío,Armenia,2020,10,Hurto de vehículos,23
Quindío,Armenia,2020,10,Lesiones personales,67
Quindío,Armenia,2020,10,Homicidio,5
Quindío,Armenia,2020,10,Violencia intrafamiliar,44
Quindío,Armenia,2020,10,Hurto a residencias,22
Quindío,Armenia,2020,10,Extorsión,3
Quindío,Armenia,2020,11,Hurto a personas,119
Quindío,Armenia,2020,11,Hurto a comercio,31
Quindío,Armenia,2020,11,Hurto de vehículos,23
Quindío,Armenia,2020,11,Lesiones personales,68
Quindío,Armenia,2020,11,Homicidio,4
Quindío,Armenia,2020,11,Violencia intrafamiliar,42
Quindío,Armenia,2020,11,Hurto a residencias,29
Quindío,Armenia,2020,11,Extorsión,3
Quindío,Armenia,2020,12,Hurto a personas,142
Quindío,Armenia,2020,12,Hurto a comercio,31
Quindío,Armenia,2020,12,Hurto de vehículos,22
Quindío,Armenia,2020,12,Lesiones personales,68
Quindío,Armenia,2020,12,Homicidio,6
Quindío,Armenia,2020,12,Violencia intrafamiliar,40
Quindío,Armenia,2020,12,Hurto a residencias,30
Quindío,Armenia,2020,12,Extorsión,3
Quindío,Armenia,2021,1,Hurto a personas,111
Quindío,Armenia,2021,1,Hurto a comercio,29
Quindío,Armenia,2021,1,Hurto de vehículos,17
Quindío,Armenia,2021,1,Lesiones personales,77
Quindío,Armenia,2021,1,Homicidio,6
Quindío,Armenia,2021,1,Violencia intrafamiliar,50
Quindío,Armenia,2021,1,Hurto a residencias,21
Quindío,Armenia,2021,1,Extorsión,4
Quindío,Armenia,2021,2,Hurto a personas,127
Quindío,Armenia,2021,2,Hurto a comercio,23
Quindío,Armenia,2021,2,Hurto de vehículos,21
Quindío,Armenia,2021,2,Lesiones personales,57
Quindío,Armenia,2021,2,Homicidio,6
Quindío,Armenia,2021,2,Violencia intrafamiliar,44
Quindío,Armenia,2021,2,Hurto a residencias,25
Quindío,Armenia,2021,2,Extorsión,3
Quindío,Armenia,2021,3,Hurto a personas,104
Quindío,Armenia,2021,3,Hurto a comercio,31
Quindío,Armenia,2021,3,Hurto de vehículos,25
Quindío,Armenia,2021,3,Lesiones personales,71
Quindío,Armenia,2021,3,Homicidio,4
Quindío,Armenia,2021,3,Violencia intrafamiliar,41
Quindío,Armenia,2021,3,Hurto a residencias,24
Quindío,Armenia,2021,3,Extorsión,3
Quindío,Armenia,2021,4,Hurto a personas,134
Quindío,Armenia,2021,4,Hurto a comercio,29
Quindío,Armenia,2021,4,Hurto de vehículos,17
Quindío,Armenia,2021,4,Lesiones personales,75
Quindío,Armenia,2021,4,Homicidio,4
Quindío,Armenia,2021,4,Violencia intrafamiliar,55
Quindío,Armenia,2021,4,Hurto a residencias,20
Quindío,Armenia,2021,4,Extorsión,3
Quindío,Armenia,2021,5,Hurto a personas,84
Quindío,Armenia,2021,5,Hurto a comercio,29
Quindío,Armenia,2021,5,Hurto de vehículos,21
Quindío,Armenia,2021,5,Lesiones personales,71
Quindío,Armenia,2021,5,Homicidio,5
Quindío,Armenia,2021,5,Violencia intrafamiliar,44
Quindío,Armenia,2021,5,Hurto a residencias,23
Quindío,Armenia,2021,5,Extorsión,3
Quindío,Armenia,2021,6,Hurto a personas,138
Quindío,Armenia,2021,6,Hurto a comercio,30
Quindío,Armenia,2021,6,Hurto de vehículos,21
Quindío,Armenia,2021,6,Lesiones personales,70
Quindío,Armenia,2021,6,Homicidio,5
Quindío,Armenia,2021,6,Violencia intrafamiliar,50
Quindío,Armenia,2021,6,Hurto a residencias,19
Quindío,Armenia,2021,6,Extorsión,3
Quindío,Armenia,2021,7,Hurto a personas,107
Quindío,Armenia,2021,7,Hurto a comercio,29
Quindío,Armenia,2021,7,Hurto de vehículos,21
Quindío,Armenia,2021,7,Lesiones personales,67
Quindío,Armenia,2021,7,Homicidio,5
Quindío,Armenia,2021,7,Violencia intrafamiliar,42
Quindío,Armenia,2021,7,Hurto a residencias,18
Quindío,Armenia,2021,7,Extorsión,3
Quindío,Armenia,2021,8,Hurto a personas,96
Quindío,Armenia,2021,8,Hurto a comercio,30
Quindío,Armenia,2021,8,Hurto de vehículos,18
Quindío,Armenia,2021,8,Lesiones personales,67
Quindío,Armenia,2021,8,Homicidio,5
Quindío,Armenia,2021,8,Violencia intrafamiliar,33
Quindío,Armenia,2021,8,Hurto a residencias,23
Quindío,Armenia,2021,8,Extorsión,4
Quindío,Armenia,2021,9,Hurto a personas,120
Quindío,Armenia,2021,9,Hurto a comercio,25
Quindío,Armenia,2021,9,Hurto de vehículos,22
Quindío,Armenia,2021,9,Lesiones personales,64
Quindío,Armenia,2021,9,Homicidio,5
Quindío,Armenia,2021,9,Violencia intrafamiliar,37
Quindío,Armenia,2021,9,Hurto a residencias,21
Quindío,Armenia,2021,9,Extorsión,3
Quindío,Armenia,2021,10,Hurto a personas,114
Quindío,Armenia,2021,10,Hurto a comercio,22
Quindío,Armenia,2021,10,Hurto de vehículos,18
Quindío,Armenia,2021,10,Lesiones personales,77
Quindío,Armenia,2021,10,Homicidio,4
Quindío,Armenia,2021,10,Violencia intrafamiliar,53
Quindío,Armenia,2021,10,Hurto a residencias,24
Quindío,Armenia,2021,10,Extorsión,4
Quindío,Armenia,2021,11,Hurto a personas,86
Quindío,Armenia,2021,11,Hurto a comercio,27
Quindío,Armenia,2021,11,Hurto de vehículos,16
Quindío,Armenia,2021,11,Lesiones personales,57
Quindío,Armenia,2021,11,Homicidio,6
Quindío,Armenia,2021,11,Violencia intrafamiliar,45
Quindío,Armenia,2021,11,Hurto a residencias,19
Quindío,Armenia,2021,11,Extorsión,3
Quindío,Armenia,2021,12,Hurto a personas,118
Quindío,Armenia,2021,12,Hurto a comercio,30
Quindío,Armenia,2021,12,Hurto de vehículos,23
Quindío,Armenia,2021,12,Lesiones personales,79
Quindío,Armenia,2021,12,Homicidio,5
Quindío,Armenia,2021,12,Violencia intrafamiliar,50
Quindío,Armenia,2021,12,Hurto a residencias,26
Quindío,Armenia,2021,12,Extorsión,4
Quindío,Armenia,2022,1,Hurto a personas,103
Quindío,Armenia,2022,1,Hurto a comercio,29
Quindío,Armenia,2022,1,Hurto de vehículos,18
Quindío,Armenia,2022,1,Lesiones personales,69
Quindío,Armenia,2022,1,Homicidio,6
Quindío,Armenia,2022,1,Violencia intrafamiliar,37
Quindío,Armenia,2022,1,Hurto a residencias,26
Quindío,Armenia,2022,1,Extorsión,4
Quindío,Armenia,2022,2,Hurto a personas,81
Quindío,Armenia,2022,2,Hurto a comercio,21
Quindío,Armenia,2022,2,Hurto de vehículos,19
Quindío,Armenia,2022,2,Lesiones personales,63
Quindío,Armenia,2022,2,Homicidio,5
Quindío,Armenia,2022,2,Violencia intrafamiliar,47
Quindío,Armenia,2022,2,Hurto a residencias,18
Quindío,Armenia,2022,2,Extorsión,3
Quindío,Armenia,2022,3,Hurto a personas,90
Quindío,Armenia,2022,3,Hurto a comercio,21
Quindío,Armenia,2022,3,Hurto de vehículos,16
Quindío,Armenia,2022,3,Lesiones personales,59
Quindío,Armenia,2022,3,Homicidio,5
Quindío,Armenia,2022,3,Violencia intrafamiliar,39
Quindío,Armenia,2022,3,Hurto a residencias,26
Quindío,Armenia,2022,3,Extorsión,4
Quindío,Armenia,2022,4,Hurto a personas,108
Quindío,Armenia,2022,4,Hurto a comercio,30
Quindío,Armenia,2022,4,Hurto de vehículos,22
Quindío,Armenia,2022,4,Lesiones personales,62
Quindío,Armenia,2022,4,Homicidio,4
Quindío,Armenia,2022,4,Violencia intrafamiliar,35
Quindío,Armenia,2022,4,Hurto a residencias,17
Quindío,Armenia,2022,4,Extorsión,3
Quindío,Armenia,2022,5,Hurto a personas,90
Quindío,Armenia,2022,5,Hurto a comercio,27
Quindío,Armenia,2022,5,Hurto de vehículos,23
Quindío,Armenia,2022,5,Lesiones personales,52
Quindío,Armenia,2022,5,Homicidio,4
Quindío,Armenia,2022,5,Violencia intrafamiliar,46
Quindío,Armenia,2022,5,Hurto a residencias,23
Quindío,Armenia,2022,5,Extorsión,3
Quindío,Armenia,2022,6,Hurto a personas,95
Quindío,Armenia,2022,6,Hurto a comercio,30
Quindío,Armenia,2022,6,Hurto de vehículos,25
Quindío,Armenia,2022,6,Lesiones personales,76
Quindío,Armenia,2022,6,Homicidio,5
Quindío,Armenia,2022,6,Violencia intrafamiliar,46
Quindío,Armenia,2022,6,Hurto a residencias,20
Quindío,Armenia,2022,6,Extorsión,3
Quindío,Armenia,2022,7,Hurto a personas,116
Quindío,Armenia,2022,7,Hurto a comercio,26
Quindío,Armenia,2022,7,Hurto de vehículos,18
Quindío,Armenia,2022,7,Lesiones personales,57
Quindío,Armenia,2022,7,Homicidio,4
Quindío,Armenia,2022,7,Violencia intrafamiliar,37
Quindío,Armenia,2022,7,Hurto a residencias,20
Quindío,Armenia,2022,7,Extorsión,3
Quindío,Armenia,2022,8,Hurto a personas,105
Quindío,Armenia,2022,8,Hurto a comercio,24
Quindío,Armenia,2022,8,Hurto de vehículos,17
Quindío,Armenia,2022,8,Lesiones personales,50
Quindío,Armenia,2022,8,Homicidio,4
Quindío,Armenia,2022,8,Violencia intrafamiliar,38
Quindío,Armenia,2022,8,Hurto a residencias,19
Quindío,Armenia,2022,8,Extorsión,3
Quindío,Armenia,2022,9,Hurto a personas,79
Quindío,Armenia,2022,9,Hurto a comercio,31
Quindío,Armenia,2022,9,Hurto de vehículos,16
Quindío,Armenia,2022,9,Lesiones personales,56
Quindío,Armenia,2022,9,Homicidio,5
Quindío,Armenia,2022,9,Violencia intrafamiliar,50
Quindío,Armenia,2022,9,Hurto a residencias,23
Quindío,Armenia,2022,9,Extorsión,3
Quindío,Armenia,2022,10,Hurto a personas,96
Quindío,Armenia,2022,10,Hurto a comercio,22
Quindío,Armenia,2022,10,Hurto de vehículos,22
Quindío,Armenia,2022,10,Lesiones personales,61
Quindío,Armenia,2022,10,Homicidio,5
Quindío,Armenia,2022,10,Violencia intrafamiliar,48
Quindío,Armenia,2022,10,Hurto a residencias,18
Quindío,Armenia,2022,10,Extorsión,3
Quindío,Armenia,2022,11,Hurto a personas,114
Quindío,Armenia,2022,11,Hurto a comercio,30
Quindío,Armenia,2022,11,Hurto de vehículos,19
Quindío,Armenia,2022,11,Lesiones personales,62
Quindío,Armenia,2022,11,Homicidio,5
Quindío,Armenia,2022,11,Violencia intrafamiliar,47
Quindío,Armenia,2022,11,Hurto a residencias,20
Quindío,Armenia,2022,11,Extorsión,3
Quindío,Armenia,2022,12,Hurto a personas,100
Quindío,Armenia,2022,12,Hurto a comercio,35
Quindío,Armenia,2022,12,Hurto de vehículos,26
Quindío,Armenia,2022,12,Lesiones personales,72
Quindío,Armenia,2022,12,Homicidio,7
Quindío,Armenia,2022,12,Violencia intrafamiliar,49
Quindío,Armenia,2022,12,Hurto a residencias,25
Quindío,Armenia,2022,12,Extorsión,3
Quindío,Armenia,2023,1,Hurto a personas,101
Quindío,Armenia,2023,1,Hurto a comercio,32
Quindío,Armenia,2023,1,Hurto de vehículos,20
Quindío,Armenia,2023,1,Lesiones personales,71
Quindío,Armenia,2023,1,Homicidio,5
Quindío,Armenia,2023,1,Violencia intrafamiliar,45
Quindío,Armenia,2023,1,Hurto a residencias,25
Quindío,Armenia,2023,1,Extorsión,3
Quindío,Armenia,2023,2,Hurto a personas,94
Quindío,Armenia,2023,2,Hurto a comercio,26
Quindío,Armenia,2023,2,Hurto de vehículos,20
Quindío,Armenia,2023,2,Lesiones personales,59
Quindío,Armenia,2023,2,Homicidio,4
Quindío,Armenia,2023,2,Violencia intrafamiliar,40
Quindío,Armenia,2023,2,Hurto a residencias,16
Quindío,Armenia,2023,2,Extorsión,2
Quindío,Armenia,2023,3,Hurto a personas,115
Quindío,Armenia,2023,3,Hurto a comercio,29
Quindío,Armenia,2023,3,Hurto de vehículos,17
Quindío,Armenia,2023,3,Lesiones personales,63
Quindío,Armenia,2023,3,Homicidio,5
Quindío,Armenia,2023,3,Violencia intrafamiliar,51
Quindío,Armenia,2023,3,Hurto a residencias,21
Quindío,Armenia,2023,3,Extorsión,3
Quindío,Armenia,2023,4,Hurto a personas,98
Quindío,Armenia,2023,4,Hurto a comercio,32
Quindío,Armenia,2023,4,Hurto de vehículos,18
Quindío,Armenia,2023,4,Lesiones personales,55
Quindío,Armenia,2023,4,Homicidio,6
Quindío,Armenia,2023,4,Violencia intrafamiliar,36
Quindío,Armenia,2023,4,Hurto a residencias,19
Quindío,Armenia,2023,4,Extorsión,3
Quindío,Armenia,2023,5,Hurto a personas,100
Quindío,Armenia,2023,5,Hurto a comercio,27
Quindío,Armenia,2023,5,Hurto de vehículos,19
Quindío,Armenia,2023,5,Lesiones personales,66
Quindío,Armenia,2023,5,Homicidio,5
Quindío,Armenia,2023,5,Violencia intrafamiliar,40
Quindío,Armenia,2023,5,Hurto a residencias,20
Quindío,Armenia,2023,5,Extorsión,3
Quindío,Armenia,2023,6,Hurto a personas,119
Quindío,Armenia,2023,6,Hurto a comercio,23
Quindío,Armenia,2023,6,Hurto de vehículos,21
Quindío,Armenia,2023,6,Lesiones personales,61
Quindío,Armenia,2023,6,Homicidio,6
Quindío,Armenia,2023,6,Violencia intrafamiliar,44
Quindío,Armenia,2023,6,Hurto a residencias,26
Quindío,Armenia,2023,6,Extorsión,4
Quindío,Armenia,2023,7,Hurto a personas,82
Quindío,Armenia,2023,7,Hurto a comercio,31
Quindío,Armenia,2023,7,Hurto de vehículos,19
Quindío,Armenia,2023,7,Lesiones personales,57
Quindío,Armenia,2023,7,Homicidio,6
Quindío,Armenia,2023,7,Violencia intrafamiliar,37
Quindío,Armenia,2023,7,Hurto a residencias,27
Quindío,Armenia,2023,7,Extorsión,3
Quindío,Armenia,2023,8,Hurto a personas,86
Quindío,Armenia,2023,8,Hurto a comercio,28
Quindío,Armenia,2023,8,Hurto de vehículos,15
Quindío,Armenia,2023,8,Lesiones personales,65
Quindío,Armenia,2023,8,Homicidio,5
Quindío,Armenia,2023,8,Violencia intrafamiliar,42
Quindío,Armenia,2023,8,Hurto a residencias,24
Quindío,Armenia,2023,8,Extorsión,3
Quindío,Armenia,2023,9,Hurto a personas,85
Quindío,Armenia,2023,9,Hurto a comercio,31
Quindío,Armenia,2023,9,Hurto de vehículos,16
Quindío,Armenia,2023,9,Lesiones personales,70
Quindío,Armenia,2023,9,Homicidio,5
Quindío,Armenia,2023,9,Violencia intrafamiliar,44
Quindío,Armenia,2023,9,Hurto a residencias,19
Quindío,Armenia,2023,9,Extorsión,4
Quindío,Armenia,2023,10,Hurto a personas,90
Quindío,Armenia,2023,10,Hurto a comercio,26
Quindío,Armenia,2023,10,Hurto de vehículos,15
Quindío,Armenia,2023,10,Lesiones personales,52
Quindío,Armenia,2023,10,Homicidio,5
Quindío,Armenia,2023,10,Violencia intrafamiliar,41
Quindío,Armenia,2023,10,Hurto a residencias,19
Quindío,Armenia,2023,10,Extorsión,3
Quindío,Armenia,2023,11,Hurto a personas,94
Quindío,Armenia,2023,11,Hurto a comercio,31
Quindío,Armenia,2023,11,Hurto de vehículos,21
Quindío,Armenia,2023,11,Lesiones personales,59
Quindío,Armenia,2023,11,Homicidio,4
Quindío,Armenia,2023,11,Violencia intrafamiliar,41
Quindío,Armenia,2023,11,Hurto a residencias,22
Quindío,Armenia,2023,11,Extorsión,3
Quindío,Armenia,2023,12,Hurto a personas,123
Quindío,Armenia,2023,12,Hurto a comercio,36
Quindío,Armenia,2023,12,Hurto de vehículos,24
Quindío,Armenia,2023,12,Lesiones personales,66
Quindío,Armenia,2023,12,Homicidio,5
Quindío,Armenia,2023,12,Violencia intrafamiliar,54
Quindío,Armenia,2023,12,Hurto a residencias,22
Quindío,Armenia,2023,12,Extorsión,3
Quindío,Armenia,2024,1,Hurto a personas,108
Quindío,Armenia,2024,1,Hurto a comercio,32
Quindío,Armenia,2024,1,Hurto de vehículos,23
Quindío,Armenia,2024,1,Lesiones personales,63
Quindío,Armenia,2024,1,Homicidio,4
Quindío,Armenia,2024,1,Violencia intrafamiliar,48
Quindío,Armenia,2024,1,Hurto a residencias,24
Quindío,Armenia,2024,1,Extorsión,3
Quindío,Armenia,2024,2,Hurto a personas,112
Quindío,Armenia,2024,2,Hurto a comercio,29
Quindío,Armenia,2024,2,Hurto de vehículos,16
Quindío,Armenia,2024,2,Lesiones personales,66
Quindío,Armenia,2024,2,Homicidio,4
Quindío,Armenia,2024,2,Violencia intrafamiliar,36
Quindío,Armenia,2024,2,Hurto a residencias,19
Quindío,Armenia,2024,2,Extorsión,3
Quindío,Armenia,2024,3,Hurto a personas,116
Quindío,Armenia,2024,3,Hurto a comercio,31
Quindío,Armenia,2024,3,Hurto de vehículos,15
Quindío,Armenia,2024,3,Lesiones personales,65
Quindío,Armenia,2024,3,Homicidio,4
Quindío,Armenia,2024,3,Violencia intrafamiliar,40
Quindío,Armenia,2024,3,Hurto a residencias,21
Quindío,Armenia,2024,3,Extorsión,2
Quindío,Armenia,2024,4,Hurto a personas,92
Quindío,Armenia,2024,4,Hurto a comercio,26
Quindío,Armenia,2024,4,Hurto de vehículos,20
Quindío,Armenia,2024,4,Lesiones personales,63
Quindío,Armenia,2024,4,Homicidio,4
Quindío,Armenia,2024,4,Violencia intrafamiliar,38
Quindío,Armenia,2024,4,Hurto a residencias,18
Quindío,Armenia,2024,4,Extorsión,2
Quindío,Armenia,2024,5,Hurto a personas,84
Quindío,Armenia,2024,5,Hurto a comercio,20
Quindío,Armenia,2024,5,Hurto de vehículos,20
Quindío,Armenia,2024,5,Lesiones personales,67
Quindío,Armenia,2024,5,Homicidio,4
Quindío,Armenia,2024,5,Violencia intrafamiliar,37
Quindío,Armenia,2024,5,Hurto a residencias,21
Quindío,Armenia,2024,5,Extorsión,3
Quindío,Armenia,2024,6,Hurto a personas,122
Quindío,Armenia,2024,6,Hurto a comercio,30
Quindío,Armenia,2024,6,Hurto de vehículos,22
Quindío,Armenia,2024,6,Lesiones personales,57
Quindío,Armenia,2024,6,Homicidio,4
Quindío,Armenia,2024,6,Violencia intrafamiliar,49
Quindío,Armenia,2024,6,Hurto a residencias,23
Quindío,Armenia,2024,6,Extorsión,3
Quindío,Armenia,2024,7,Hurto a personas,99
Quindío,Armenia,2024,7,Hurto a comercio,26
Quindío,Armenia,2024,7,Hurto de vehículos,15
Quindío,Armenia,2024,7,Lesiones personales,53
Quindío,Armenia,2024,7,Homicidio,4
Quindío,Armenia,2024,7,Violencia intrafamiliar,29
Quindío,Armenia,2024,7,Hurto a residencias,17
Quindío,Armenia,2024,7,Extorsión,3
Quindío,Armenia,2024,8,Hurto a personas,111
Quindío,Armenia,2024,8,Hurto a comercio,22
Quindío,Armenia,2024,8,Hurto de vehículos,17
Quindío,Armenia,2024,8,Lesiones personales,66
Quindío,Armenia,2024,8,Homicidio,4
Quindío,Armenia,2024,8,Violencia intrafamiliar,38
Quindío,Armenia,2024,8,Hurto a residencias,21
Quindío,Armenia,2024,8,Extorsión,2
Quindío,Armenia,2024,9,Hurto a personas,109
Quindío,Armenia,2024,9,Hurto a comercio,24
Quindío,Armenia,2024,9,Hurto de vehículos,22
Quindío,Armenia,2024,9,Lesiones personales,50
Quindío,Armenia,2024,9,Homicidio,5
Quindío,Armenia,2024,9,Violencia intrafamiliar,42
Quindío,Armenia,2024,9,Hurto a residencias,15
Quindío,Armenia,2024,9,Extorsión,3
Quindío,Armenia,2024,10,Hurto a personas,92
Quindío,Armenia,2024,10,Hurto a comercio,32
Quindío,Armenia,2024,10,Hurto de vehículos,14
Quindío,Armenia,2024,10,Lesiones personales,68
Quindío,Armenia,2024,10,Homicidio,5
Quindío,Armenia,2024,10,Violencia intrafamiliar,39
Quindío,Armenia,2024,10,Hurto a residencias,20
Quindío,Armenia,2024,10,Extorsión,3
Quindío,Armenia,2024,11,Hurto a personas,91
Quindío,Armenia,2024,11,Hurto a comercio,27
Quindío,Armenia,2024,11,Hurto de vehículos,16
Quindío,Armenia,2024,11,Lesiones personales,58
Quindío,Armenia,2024,11,Homicidio,4
Quindío,Armenia,2024,11,Violencia intrafamiliar,32
Quindío,Armenia,2024,11,Hurto a residencias,24
Quindío,Armenia,2024,11,Extorsión,4
Quindío,Armenia,2024,12,Hurto a personas,129
Quindío,Armenia,2024,12,Hurto a comercio,28
Quindío,Armenia,2024,12,Hurto de vehículos,25
Quindío,Armenia,2024,12,Lesiones personales,59
Quindío,Armenia,2024,12,Homicidio,7
Quindío,Armenia,2024,12,Violencia intrafamiliar,43
Quindío,Armenia,2024,12,Hurto a residencias,21
Quindío,Armenia,2024,12,Extorsión,3
Cauca,Popayán,2020,1,Hurto a personas,103
Cauca,Popayán,2020,1,Hurto a comercio,24
Cauca,Popayán,2020,1,Hurto de vehículos,24
Cauca,Popayán,2020,1,Lesiones personales,83
Cauca,Popayán,2020,1,Homicidio,6
Cauca,Popayán,2020,1,Violencia intrafamiliar,41
Cauca,Popayán,2020,1,Hurto a residencias,25
Cauca,Popayán,2020,1,Extorsión,3
Cauca,Popayán,2020,2,Hurto a personas,86
Cauca,Popayán,2020,2,Hurto a comercio,25
Cauca,Popayán,2020,2,Hurto de vehículos,23
Cauca,Popayán,2020,2,Lesiones personales,59
Cauca,Popayán,2020,2,Homicidio,4
Cauca,Popayán,2020,2,Violencia intrafamiliar,49
Cauca,Popayán,2020,2,Hurto a residencias,21
Cauca,Popayán,2020,2,Extorsión,3
Cauca,Popayán,2020,3,Hurto a personas,113
Cauca,Popayán,2020,3,Hurto a comercio,25
Cauca,Popayán,2020,3,Hurto de vehículos,19
Cauca,Popayán,2020,3,Lesiones personales,69
Cauca,Popayán,2020,3,Homicidio,5
Cauca,Popayán,2020,3,Violencia intrafamiliar,45
Cauca,Popayán,2020,3,Hurto a residencias,18
Cauca,Popayán,2020,3,Extorsión,2
Cauca,Popayán,2020,4,Hurto a personas,97
Cauca,Popayán,2020,4,Hurto a comercio,24
Cauca,Popayán,2020,4,Hurto de vehículos,19
Cauca,Popayán,2020,4,Lesiones personales,56
Cauca,Popayán,2020,4,Homicidio,5
Cauca,Popayán,2020,4,Violencia intrafamiliar,36
Cauca,Popayán,2020,4,Hurto a residencias,21
Cauca,Popayán,2020,4,Extorsión,3
Cauca,Popayán,2020,5,Hurto a personas,83
Cauca,Popayán,2020,5,Hurto a comercio,27
Cauca,Popayán,2020,5,Hurto de vehículos,15
Cauca,Popayán,2020,5,Lesiones personales,65
Cauca,Popayán,2020,5,Homicidio,6
Cauca,Popayán,2020,5,Violencia intrafamiliar,36
Cauca,Popayán,2020,5,Hurto a residencias,18
Cauca,Popayán,2020,5,Extorsión,3
Cauca,Popayán,2020,6,Hurto a personas,115
Cauca,Popayán,2020,6,Hurto a comercio,28
Cauca,Popayán,2020,6,Hurto de vehículos,23
Cauca,Popayán,2020,6,Lesiones personales,68
Cauca,Popayán,2020,6,Homicidio,5
Cauca,Popayán,2020,6,Violencia intrafamiliar,52
Cauca,Popayán,2020,6,Hurto a residencias,26
Cauca,Popayán,2020,6,Extorsión,3
Cauca,Popayán,2020,7,Hurto a personas,120
Cauca,Popayán,2020,7,Hurto a comercio,20
Cauca,Popayán,2020,7,Hurto de vehículos,19
Cauca,Popayán,2020,7,Lesiones personales,54
Cauca,Popayán,2020,7,Homicidio,6
Cauca,Popayán,2020,7,Violencia intrafamiliar,39
Cauca,Popayán,2020,7,Hurto a residencias,20
Cauca,Popayán,2020,7,Extorsión,3
Cauca,Popayán,2020,8,Hurto a personas,89
Cauca,Popayán,2020,8,Hurto a comercio,22
Cauca,Popayán,2020,8,Hurto de vehículos,21
Cauca,Popayán,2020,8,Lesiones personales,55
Cauca,Popayán,2020,8,Homicidio,4
Cauca,Popayán,2020,8,Violencia intrafamiliar,40
Cauca,Popayán,2020,8,Hurto a residencias,19
Cauca,Popayán,2020,8,Extorsión,3
Cauca,Popayán,2020,9,Hurto a personas,93
Cauca,Popayán,2020,9,Hurto a comercio,21
Cauca,Popayán,2020,9,Hurto de vehículos,20
Cauca,Popayán,2020,9,Lesiones personales,54
Cauca,Popayán,2020,9,Homicidio,4
Cauca,Popayán,2020,9,Violencia intrafamiliar,35
Cauca,Popayán,2020,9,Hurto a residencias,21
Cauca,Popayán,2020,9,Extorsión,2
Cauca,Popayán,2020,10,Hurto a personas,91
Cauca,Popayán,2020,10,Hurto a comercio,24
Cauca,Popayán,2020,10,Hurto de vehículos,17
Cauca,Popayán,2020,10,Lesiones personales,59
Cauca,Popayán,2020,10,Homicidio,5
Cauca,Popayán,2020,10,Violencia intrafamiliar,47
Cauca,Popayán,2020,10,Hurto a residencias,18
Cauca,Popayán,2020,10,Extorsión,3
Cauca,Popayán,2020,11,Hurto a personas,112
Cauca,Popayán,2020,11,Hurto a comercio,25
Cauca,Popayán,2020,11,Hurto de vehículos,21
Cauca,Popayán,2020,11,Lesiones personales,58
Cauca,Popayán,2020,11,Homicidio,4
Cauca,Popayán,2020,11,Violencia intrafamiliar,35
Cauca,Popayán,2020,11,Hurto a residencias,26
Cauca,Popayán,2020,11,Extorsión,4
Cauca,Popayán,2020,12,Hurto a personas,99
Cauca,Popayán,2020,12,Hurto a comercio,35
Cauca,Popayán,2020,12,Hurto de vehículos,25
Cauca,Popayán,2020,12,Lesiones personales,73
Cauca,Popayán,2020,12,Homicidio,7
Cauca,Popayán,2020,12,Violencia intrafamiliar,41
Cauca,Popayán,2020,12,Hurto a residencias,22
Cauca,Popayán,2020,12,Extorsión,3
Cauca,Popayán,2021,1,Hurto a personas,88
Cauca,Popayán,2021,1,Hurto a comercio,25
Cauca,Popayán,2021,1,Hurto de vehículos,18
Cauca,Popayán,2021,1,Lesiones personales,71
Cauca,Popayán,2021,1,Homicidio,6
Cauca,Popayán,2021,1,Violencia intrafamiliar,50
Cauca,Popayán,2021,1,Hurto a residencias,24
Cauca,Popayán,2021,1,Extorsión,3
Cauca,Popayán,2021,2,Hurto a personas,98
Cauca,Popayán,2021,2,Hurto a comercio,24
Cauca,Popayán,2021,2,Hurto de vehículos,18
Cauca,Popayán,2021,2,Lesiones personales,71
Cauca,Popayán,2021,2,Homicidio,5
Cauca,Popayán,2021,2,Violencia intrafamiliar,49
Cauca,Popayán,2021,2,Hurto a residencias,18
Cauca,Popayán,2021,2,Extorsión,4
Cauca,Popayán,2021,3,Hurto a personas,108
Cauca,Popayán,2021,3,Hurto a comercio,21
Cauca,Popayán,2021,3,Hurto de vehículos,18
Cauca,Popayán,2021,3,Lesiones personales,59
Cauca,Popayán,2021,3,Homicidio,5
Cauca,Popayán,2021,3,Violencia intrafamiliar,46
Cauca,Popayán,2021,3,Hurto a residencias,25
Cauca,Popayán,2021,3,Extorsión,3
Cauca,Popayán,2021,4,Hurto a personas,86
Cauca,Popayán,2021,4,Hurto a comercio,26
Cauca,Popayán,2021,4,Hurto de vehículos,15
Cauca,Popayán,2021,4,Lesiones personales,59
Cauca,Popayán,2021,4,Homicidio,5
Cauca,Popayán,2021,4,Violencia intrafamiliar,39
Cauca,Popayán,2021,4,Hurto a residencias,22
Cauca,Popayán,2021,4,Extorsión,3
Cauca,Popayán,2021,5,Hurto a personas,126
Cauca,Popayán,2021,5,Hurto a comercio,30
Cauca,Popayán,2021,5,Hurto de vehículos,18
Cauca,Popayán,2021,5,Lesiones personales,59
Cauca,Popayán,2021,5,Homicidio,6
Cauca,Popayán,2021,5,Violencia intrafamiliar,36
Cauca,Popayán,2021,5,Hurto a residencias,21
Cauca,Popayán,2021,5,Extorsión,2
Cauca,Popayán,2021,6,Hurto a personas,90
Cauca,Popayán,2021,6,Hurto a comercio,32
Cauca,Popayán,2021,6,Hurto de vehículos,19
Cauca,Popayán,2021,6,Lesiones personales,65
Cauca,Popayán,2021,6,Homicidio,4
Cauca,Popayán,2021,6,Violencia intrafamiliar,50
Cauca,Popayán,2021,6,Hurto a residencias,26
Cauca,Popayán,2021,6,Extorsión,3
Cauca,Popayán,2021,7,Hurto a personas,102
Cauca,Popayán,2021,7,Hurto a comercio,26
Cauca,Popayán,2021,7,Hurto de vehículos,16
Cauca,Popayán,2021,7,Lesiones personales,61
Cauca,Popayán,2021,7,Homicidio,5
Cauca,Popayán,2021,7,Violencia intrafamiliar,36
Cauca,Popayán,2021,7,Hurto a residencias,26
Cauca,Popayán,2021,7,Extorsión,2
Cauca,Popayán,2021,8,Hurto a personas,88
Cauca,Popayán,2021,8,Hurto a comercio,26
Cauca,Popayán,2021,8,Hurto de vehículos,16
Cauca,Popayán,2021,8,Lesiones personales,55
Cauca,Popayán,2021,8,Homicidio,5
Cauca,Popayán,2021,8,Violencia intrafamiliar,48
Cauca,Popayán,2021,8,Hurto a residencias,24
Cauca,Popayán,2021,8,Extorsión,3
Cauca,Popayán,2021,9,Hurto a personas,113
Cauca,Popayán,2021,9,Hurto a comercio,20
Cauca,Popayán,2021,9,Hurto de vehículos,15
Cauca,Popayán,2021,9,Lesiones personales,55
Cauca,Popayán,2021,9,Homicidio,5
Cauca,Popayán,2021,9,Violencia intrafamiliar,46
Cauca,Popayán,2021,9,Hurto a residencias,26
Cauca,Popayán,2021,9,Extorsión,4
Cauca,Popayán,2021,10,Hurto a personas,102
Cauca,Popayán,2021,10,Hurto a comercio,25
Cauca,Popayán,2021,10,Hurto de vehículos,20
Cauca,Popayán,2021,10,Lesiones personales,55
Cauca,Popayán,2021,10,Homicidio,6
Cauca,Popayán,2021,10,Violencia intrafamiliar,41
Cauca,Popayán,2021,10,Hurto a residencias,19
Cauca,Popayán,2021,10,Extorsión,3
Cauca,Popayán,2021,11,Hurto a personas,95
Cauca,Popayán,2021,11,Hurto a comercio,21
Cauca,Popayán,2021,11,Hurto de vehículos,16
Cauca,Popayán,2021,11,Lesiones personales,67
Cauca,Popayán,2021,11,Homicidio,6
Cauca,Popayán,2021,11,Violencia intrafamiliar,35
Cauca,Popayán,2021,11,Hurto a residencias,25
Cauca,Popayán,2021,11,Extorsión,3
Cauca,Popayán,2021,12,Hurto a personas,136
Cauca,Popayán,2021,12,Hurto a comercio,26
Cauca,Popayán,2021,12,Hurto de vehículos,25
Cauca,Popayán,2021,12,Lesiones personales,72
Cauca,Popayán,2021,12,Homicidio,5
Cauca,Popayán,2021,12,Violencia intrafamiliar,51
Cauca,Popayán,2021,12,Hurto a residencias,19
Cauca,Popayán,2021,12,Extorsión,3
Cauca,Popayán,2022,1,Hurto a personas,102
Cauca,Popayán,2022,1,Hurto a comercio,32
Cauca,Popayán,2022,1,Hurto de vehículos,21
Cauca,Popayán,2022,1,Lesiones personales,56
Cauca,Popayán,2022,1,Homicidio,4
Cauca,Popayán,2022,1,Violencia intrafamiliar,46
Cauca,Popayán,2022,1,Hurto a residencias,18
Cauca,Popayán,2022,1,Extorsión,2
Cauca,Popayán,2022,2,Hurto a personas,99
Cauca,Popayán,2022,2,Hurto a comercio,28
Cauca,Popayán,2022,2,Hurto de vehículos,17
Cauca,Popayán,2022,2,Lesiones personales,59
Cauca,Popayán,2022,2,Homicidio,5
Cauca,Popayán,2022,2,Violencia intrafamiliar,38
Cauca,Popayán,2022,2,Hurto a residencias,21
Cauca,Popayán,2022,2,Extorsión,3
Cauca,Popayán,2022,3,Hurto a personas,101
Cauca,Popayán,2022,3,Hurto a comercio,27
Cauca,Popayán,2022,3,Hurto de vehículos,19
Cauca,Popayán,2022,3,Lesiones personales,67
Cauca,Popayán,2022,3,Homicidio,5
Cauca,Popayán,2022,3,Violencia intrafamiliar,50
Cauca,Popayán,2022,3,Hurto a residencias,22
Cauca,Popayán,2022,3,Extorsión,3
Cauca,Popayán,2022,4,Hurto a personas,120
Cauca,Popayán,2022,4,Hurto a comercio,24
Cauca,Popayán,2022,4,Hurto de vehículos,17
Cauca,Popayán,2022,4,Lesiones personales,71
Cauca,Popayán,2022,4,Homicidio,4
Cauca,Popayán,2022,4,Violencia intrafamiliar,28
Cauca,Popayán,2022,4,Hurto a residencias,23
Cauca,Popayán,2022,4,Extorsión,2
Cauca,Popayán,2022,5,Hurto a personas,87
Cauca,Popayán,2022,5,Hurto a comercio,26
Cauca,Popayán,2022,5,Hurto de vehículos,17
Cauca,Popayán,2022,5,Lesiones personales,55
Cauca,Popayán,2022,5,Homicidio,4
Cauca,Popayán,2022,5,Violencia intrafamiliar,36
Cauca,Popayán,2022,5,Hurto a residencias,17
Cauca,Popayán,2022,5,Extorsión,2
Cauca,Popayán,2022,6,Hurto a personas,108
Cauca,Popayán,2022,6,Hurto a comercio,28
Cauca,Popayán,2022,6,Hurto de vehículos,17
Cauca,Popayán,2022,6,Lesiones personales,62
Cauca,Popayán,2022,6,Homicidio,5
Cauca,Popayán,2022,6,Violencia intrafamiliar,41
Cauca,Popayán,2022,6,Hurto a residencias,23
Cauca,Popayán,2022,6,Extorsión,3
Cauca,Popayán,2022,7,Hurto a personas,112
Cauca,Popayán,2022,7,Hurto a comercio,21
Cauca,Popayán,2022,7,Hurto de vehículos,22
Cauca,Popayán,2022,7,Lesiones personales,60
Cauca,Popayán,2022,7,Homicidio,6
Cauca,Popayán,2022,7,Violencia intrafamiliar,45
Cauca,Popayán,2022,7,Hurto a residencias,15
Cauca,Popayán,2022,7,Extorsión,3
Cauca,Popayán,2022,8,Hurto a personas,93
Cauca,Popayán,2022,8,Hurto a comercio,32
Cauca,Popayán,2022,8,Hurto de vehículos,16
Cauca,Popayán,2022,8,Lesiones personales,70
Cauca,Popayán,2022,8,Homicidio,5
Cauca,Popayán,2022,8,Violencia intrafamiliar,34
Cauca,Popayán,2022,8,Hurto a residencias,23
Cauca,Popayán,2022,8,Extorsión,3
Cauca,Popayán,2022,9,Hurto a personas,118
Cauca,Popayán,2022,9,Hurto a comercio,23
Cauca,Popayán,2022,9,Hurto de vehículos,15
Cauca,Popayán,2022,9,Lesiones personales,70
Cauca,Popayán,2022,9,Homicidio,4
Cauca,Popayán,2022,9,Violencia intrafamiliar,35
Cauca,Popayán,2022,9,Hurto a residencias,23
Cauca,Popayán,2022,9,Extorsión,2
Cauca,Popayán,2022,10,Hurto a personas,98
Cauca,Popayán,2022,10,Hurto a comercio,23
Cauca,Popayán,2022,10,Hurto de vehículos,17
Cauca,Popayán,2022,10,Lesiones personales,69
Cauca,Popayán,2022,10,Homicidio,4
Cauca,Popayán,2022,10,Violencia intrafamiliar,39
Cauca,Popayán,2022,10,Hurto a residencias,15
Cauca,Popayán,2022,10,Extorsión,2
Cauca,Popayán,2022,11,Hurto a personas,80
Cauca,Popayán,2022,11,Hurto a comercio,24
Cauca,Popayán,2022,11,Hurto de vehículos,14
Cauca,Popayán,2022,11,Lesiones personales,61
Cauca,Popayán,2022,11,Homicidio,6
Cauca,Popayán,2022,11,Violencia intrafamiliar,37
Cauca,Popayán,2022,11,Hurto a residencias,21
Cauca,Popayán,2022,11,Extorsión,2
Cauca,Popayán,2022,12,Hurto a personas,107
Cauca,Popayán,2022,12,Hurto a comercio,32
Cauca,Popayán,2022,12,Hurto de vehículos,18
Cauca,Popayán,2022,12,Lesiones personales,55
Cauca,Popayán,2022,12,Homicidio,5
Cauca,Popayán,2022,12,Violencia intrafamiliar,48
Cauca,Popayán,2022,12,Hurto a residencias,26
Cauca,Popayán,2022,12,Extorsión,3
Cauca,Popayán,2023,1,Hurto a personas,119
Cauca,Popayán,2023,1,Hurto a comercio,28
Cauca,Popayán,2023,1,Hurto de vehículos,19
Cauca,Popayán,2023,1,Lesiones personales,56
Cauca,Popayán,2023,1,Homicidio,5
Cauca,Popayán,2023,1,Violencia intrafamiliar,39
Cauca,Popayán,2023,1,Hurto a residencias,18
Cauca,Popayán,2023,1,Extorsión,3
Cauca,Popayán,2023,2,Hurto a personas,78
Cauca,Popayán,2023,2,Hurto a comercio,25
Cauca,Popayán,2023,2,Hurto de vehículos,19
Cauca,Popayán,2023,2,Lesiones personales,67
Cauca,Popayán,2023,2,Homicidio,6
Cauca,Popayán,2023,2,Violencia intrafamiliar,29
Cauca,Popayán,2023,2,Hurto a residencias,19
Cauca,Popayán,2023,2,Extorsión,2
Cauca,Popayán,2023,3,Hurto a personas,113
Cauca,Popayán,2023,3,Hurto a comercio,31
Cauca,Popayán,2023,3,Hurto de vehículos,15
Cauca,Popayán,2023,3,Lesiones personales,68
Cauca,Popayán,2023,3,Homicidio,4
Cauca,Popayán,2023,3,Violencia intrafamiliar,40
Cauca,Popayán,2023,3,Hurto a residencias,21
Cauca,Popayán,2023,3,Extorsión,3
Cauca,Popayán,2023,4,Hurto a personas,107
Cauca,Popayán,2023,4,Hurto a comercio,22
Cauca,Popayán,2023,4,Hurto de vehículos,16
Cauca,Popayán,2023,4,Lesiones personales,60
Cauca,Popayán,2023,4,Homicidio,4
Cauca,Popayán,2023,4,Violencia intrafamiliar,37
Cauca,Popayán,2023,4,Hurto a residencias,19
Cauca,Popayán,2023,4,Extorsión,3
Cauca,Popayán,2023,5,Hurto a personas,113
Cauca,Popayán,2023,5,Hurto a comercio,26
Cauca,Popayán,2023,5,Hurto de vehículos,21
Cauca,Popayán,2023,5,Lesiones personales,70
Cauca,Popayán,2023,5,Homicidio,4
Cauca,Popayán,2023,5,Violencia intrafamiliar,37
Cauca,Popayán,2023,5,Hurto a residencias,16
Cauca,Popayán,2023,5,Extorsión,2
Cauca,Popayán,2023,6,Hurto a personas,82
Cauca,Popayán,2023,6,Hurto a comercio,28
Cauca,Popayán,2023,6,Hurto de vehículos,22
Cauca,Popayán,2023,6,Lesiones personales,64
Cauca,Popayán,2023,6,Homicidio,6
Cauca,Popayán,2023,6,Violencia intrafamiliar,35
Cauca,Popayán,2023,6,Hurto a residencias,17
Cauca,Popayán,2023,6,Extorsión,4
Cauca,Popayán,2023,7,Hurto a personas,113
Cauca,Popayán,2023,7,Hurto a comercio,24
Cauca,Popayán,2023,7,Hurto de vehículos,22
Cauca,Popayán,2023,7,Lesiones personales,62
Cauca,Popayán,2023,7,Homicidio,4
Cauca,Popayán,2023,7,Violencia intrafamiliar,37
Cauca,Popayán,2023,7,Hurto a residencias,17
Cauca,Popayán,2023,7,Extorsión,2
Cauca,Popayán,2023,8,Hurto a personas,86
Cauca,Popayán,2023,8,Hurto a comercio,31
Cauca,Popayán,2023,8,Hurto de vehículos,13
Cauca,Popayán,2023,8,Lesiones personales,72
Cauca,Popayán,2023,8,Homicidio,5
Cauca,Popayán,2023,8,Violencia intrafamiliar,41
Cauca,Popayán,2023,8,Hurto a residencias,22
Cauca,Popayán,2023,8,Extorsión,3
Cauca,Popayán,2023,9,Hurto a personas,102
Cauca,Popayán,2023,9,Hurto a comercio,21
Cauca,Popayán,2023,9,Hurto de vehículos,14
Cauca,Popayán,2023,9,Lesiones personales,61
Cauca,Popayán,2023,9,Homicidio,4
Cauca,Popayán,2023,9,Violencia intrafamiliar,34
Cauca,Popayán,2023,9,Hurto a residencias,23
Cauca,Popayán,2023,9,Extorsión,3
Cauca,Popayán,2023,10,Hurto a personas,92
Cauca,Popayán,2023,10,Hurto a comercio,25
Cauca,Popayán,2023,10,Hurto de vehículos,16
Cauca,Popayán,2023,10,Lesiones personales,46
Cauca,Popayán,2023,10,Homicidio,4
Cauca,Popayán,2023,10,Violencia intrafamiliar,33
Cauca,Popayán,2023,10,Hurto a residencias,20
Cauca,Popayán,2023,10,Extorsión,3
Cauca,Popayán,2023,11,Hurto a personas,99
Cauca,Popayán,2023,11,Hurto a comercio,21
Cauca,Popayán,2023,11,Hurto de vehículos,19
Cauca,Popayán,2023,11,Lesiones personales,56
Cauca,Popayán,2023,11,Homicidio,5
Cauca,Popayán,2023,11,Violencia intrafamiliar,40
Cauca,Popayán,2023,11,Hurto a residencias,17
Cauca,Popayán,2023,11,Extorsión,3
Cauca,Popayán,2023,12,Hurto a personas,129
Cauca,Popayán,2023,12,Hurto a comercio,30
Cauca,Popayán,2023,12,Hurto de vehículos,19
Cauca,Popayán,2023,12,Lesiones personales,58
Cauca,Popayán,2023,12,Homicidio,5
Cauca,Popayán,2023,12,Violencia intrafamiliar,49
Cauca,Popayán,2023,12,Hurto a residencias,19
Cauca,Popayán,2023,12,Extorsión,3
Cauca,Popayán,2024,1,Hurto a personas,95
Cauca,Popayán,2024,1,Hurto a comercio,29
Cauca,Popayán,2024,1,Hurto de vehículos,17
Cauca,Popayán,2024,1,Lesiones personales,71
Cauca,Popayán,2024,1,Homicidio,5
Cauca,Popayán,2024,1,Violencia intrafamiliar,42
Cauca,Popayán,2024,1,Hurto a residencias,17
Cauca,Popayán,2024,1,Extorsión,2
Cauca,Popayán,2024,2,Hurto a personas,99
Cauca,Popayán,2024,2,Hurto a comercio,24
Cauca,Popayán,2024,2,Hurto de vehículos,16
Cauca,Popayán,2024,2,Lesiones personales,46
Cauca,Popayán,2024,2,Homicidio,4
Cauca,Popayán,2024,2,Violencia intrafamiliar,35
Cauca,Popayán,2024,2,Hurto a residencias,16
Cauca,Popayán,2024,2,Extorsión,3
Cauca,Popayán,2024,3,Hurto a personas,83
Cauca,Popayán,2024,3,Hurto a comercio,23
Cauca,Popayán,2024,3,Hurto de vehículos,17
Cauca,Popayán,2024,3,Lesiones personales,61
Cauca,Popayán,2024,3,Homicidio,4
Cauca,Popayán,2024,3,Violencia intrafamiliar,36
Cauca,Popayán,2024,3,Hurto a residencias,17
Cauca,Popayán,2024,3,Extorsión,2
Cauca,Popayán,2024,4,Hurto a personas,111
Cauca,Popayán,2024,4,Hurto a comercio,30
Cauca,Popayán,2024,4,Hurto de vehículos,20
Cauca,Popayán,2024,4,Lesiones personales,52
Cauca,Popayán,2024,4,Homicidio,4
Cauca,Popayán,2024,4,Violencia intrafamiliar,31
Cauca,Popayán,2024,4,Hurto a residencias,20
Cauca,Popayán,2024,4,Extorsión,3
Cauca,Popayán,2024,5,Hurto a personas,98
Cauca,Popayán,2024,5,Hurto a comercio,25
Cauca,Popayán,2024,5,Hurto de vehículos,16
Cauca,Popayán,2024,5,Lesiones personales,55
Cauca,Popayán,2024,5,Homicidio,5
Cauca,Popayán,2024,5,Violencia intrafamiliar,44
Cauca,Popayán,2024,5,Hurto a residencias,21
Cauca,Popayán,2024,5,Extorsión,3
Cauca,Popayán,2024,6,Hurto a personas,83
Cauca,Popayán,2024,6,Hurto a comercio,30
Cauca,Popayán,2024,6,Hurto de vehículos,21
Cauca,Popayán,2024,6,Lesiones personales,72
Cauca,Popayán,2024,6,Homicidio,5
Cauca,Popayán,2024,6,Violencia intrafamiliar,44
Cauca,Popayán,2024,6,Hurto a residencias,17
Cauca,Popayán,2024,6,Extorsión,3
Cauca,Popayán,2024,7,Hurto a personas,106
Cauca,Popayán,2024,7,Hurto a comercio,27
Cauca,Popayán,2024,7,Hurto de vehículos,16
Cauca,Popayán,2024,7,Lesiones personales,58
Cauca,Popayán,2024,7,Homicidio,4
Cauca,Popayán,2024,7,Violencia intrafamiliar,44
Cauca,Popayán,2024,7,Hurto a residencias,16
Cauca,Popayán,2024,7,Extorsión,3
Cauca,Popayán,2024,8,Hurto a personas,85
Cauca,Popayán,2024,8,Hurto a comercio,28
Cauca,Popayán,2024,8,Hurto de vehículos,15
Cauca,Popayán,2024,8,Lesiones personales,55
Cauca,Popayán,2024,8,Homicidio,4
Cauca,Popayán,2024,8,Violencia intrafamiliar,32
Cauca,Popayán,2024,8,Hurto a residencias,17
Cauca,Popayán,2024,8,Extorsión,3
Cauca,Popayán,2024,9,Hurto a personas,82
Cauca,Popayán,2024,9,Hurto a comercio,23
Cauca,Popayán,2024,9,Hurto de vehículos,16
Cauca,Popayán,2024,9,Lesiones personales,58
Cauca,Popayán,2024,9,Homicidio,4
Cauca,Popayán,2024,9,Violencia intrafamiliar,33
Cauca,Popayán,2024,9,Hurto a residencias,18
Cauca,Popayán,2024,9,Extorsión,2
Cauca,Popayán,2024,10,Hurto a personas,109
Cauca,Popayán,2024,10,Hurto a comercio,24
Cauca,Popayán,2024,10,Hurto de vehículos,16
Cauca,Popayán,2024,10,Lesiones personales,51
Cauca,Popayán,2024,10,Homicidio,4
Cauca,Popayán,2024,10,Violencia intrafamiliar,30
Cauca,Popayán,2024,10,Hurto a residencias,19
Cauca,Popayán,2024,10,Extorsión,2
Cauca,Popayán,2024,11,Hurto a personas,95
Cauca,Popayán,2024,11,Hurto a comercio,18
Cauca,Popayán,2024,11,Hurto de vehículos,17
Cauca,Popayán,2024,11,Lesiones personales,46
Cauca,Popayán,2024,11,Homicidio,5
Cauca,Popayán,2024,11,Violencia intrafamiliar,33
Cauca,Popayán,2024,11,Hurto a residencias,17
Cauca,Popayán,2024,11,Extorsión,2
Cauca,Popayán,2024,12,Hurto a personas,101
Cauca,Popayán,2024,12,Hurto a comercio,33
Cauca,Popayán,2024,12,Hurto de vehículos,21
Cauca,Popayán,2024,12,Lesiones personales,57
Cauca,Popayán,2024,12,Homicidio,4
Cauca,Popayán,2024,12,Violencia intrafamiliar,33
Cauca,Popayán,2024,12,Hurto a residencias,19
Cauca,Popayán,2024,12,Extorsión,4
Cesar,Valledupar,2020,1,Hurto a personas,263
Cesar,Valledupar,2020,1,Hurto a comercio,65
Cesar,Valledupar,2020,1,Hurto de vehículos,46
Cesar,Valledupar,2020,1,Lesiones personales,168
Cesar,Valledupar,2020,1,Homicidio,11
Cesar,Valledupar,2020,1,Violencia intrafamiliar,78
Cesar,Valledupar,2020,1,Hurto a residencias,41
Cesar,Valledupar,2020,1,Extorsión,7
Cesar,Valledupar,2020,2,Hurto a personas,259
Cesar,Valledupar,2020,2,Hurto a comercio,57
Cesar,Valledupar,2020,2,Hurto de vehículos,43
Cesar,Valledupar,2020,2,Lesiones personales,134
Cesar,Valledupar,2020,2,Homicidio,8
Cesar,Valledupar,2020,2,Violencia intrafamiliar,106
Cesar,Valledupar,2020,2,Hurto a residencias,38
Cesar,Valledupar,2020,2,Extorsión,8
Cesar,Valledupar,2020,3,Hurto a personas,179
Cesar,Valledupar,2020,3,Hurto a comercio,67
Cesar,Valledupar,2020,3,Hurto de vehículos,37
Cesar,Valledupar,2020,3,Lesiones personales,146
Cesar,Valledupar,2020,3,Homicidio,12
Cesar,Valledupar,2020,3,Violencia intrafamiliar,85
Cesar,Valledupar,2020,3,Hurto a residencias,35
Cesar,Valledupar,2020,3,Extorsión,7
Cesar,Valledupar,2020,4,Hurto a personas,255
Cesar,Valledupar,2020,4,Hurto a comercio,65
Cesar,Valledupar,2020,4,Hurto de vehículos,34
Cesar,Valledupar,2020,4,Lesiones personales,120
Cesar,Valledupar,2020,4,Homicidio,11
Cesar,Valledupar,2020,4,Violencia intrafamiliar,95
Cesar,Valledupar,2020,4,Hurto a residencias,41
Cesar,Valledupar,2020,4,Extorsión,7
Cesar,Valledupar,2020,5,Hurto a personas,261
Cesar,Valledupar,2020,5,Hurto a comercio,68
Cesar,Valledupar,2020,5,Hurto de vehículos,45
Cesar,Valledupar,2020,5,Lesiones personales,113
Cesar,Valledupar,2020,5,Homicidio,9
Cesar,Valledupar,2020,5,Violencia intrafamiliar,72
Cesar,Valledupar,2020,5,Hurto a residencias,39
Cesar,Valledupar,2020,5,Extorsión,6
Cesar,Valledupar,2020,6,Hurto a personas,222
Cesar,Valledupar,2020,6,Hurto a comercio,58
Cesar,Valledupar,2020,6,Hurto de vehículos,49
Cesar,Valledupar,2020,6,Lesiones personales,158
Cesar,Valledupar,2020,6,Homicidio,10
Cesar,Valledupar,2020,6,Violencia intrafamiliar,103
Cesar,Valledupar,2020,6,Hurto a residencias,42
Cesar,Valledupar,2020,6,Extorsión,8
Cesar,Valledupar,2020,7,Hurto a personas,189
Cesar,Valledupar,2020,7,Hurto a comercio,71
Cesar,Valledupar,2020,7,Hurto de vehículos,37
Cesar,Valledupar,2020,7,Lesiones personales,138
Cesar,Valledupar,2020,7,Homicidio,12
Cesar,Valledupar,2020,7,Violencia intrafamiliar,64
Cesar,Valledupar,2020,7,Hurto a residencias,51
Cesar,Valledupar,2020,7,Extorsión,7
Cesar,Valledupar,2020,8,Hurto a personas,234
Cesar,Valledupar,2020,8,Hurto a comercio,63
Cesar,Valledupar,2020,8,Hurto de vehículos,50
Cesar,Valledupar,2020,8,Lesiones personales,156
Cesar,Valledupar,2020,8,Homicidio,11
Cesar,Valledupar,2020,8,Violencia intrafamiliar,90
Cesar,Valledupar,2020,8,Hurto a residencias,43
Cesar,Valledupar,2020,8,Extorsión,7
Cesar,Valledupar,2020,9,Hurto a personas,209
Cesar,Valledupar,2020,9,Hurto a comercio,64
Cesar,Valledupar,2020,9,Hurto de vehículos,47
Cesar,Valledupar,2020,9,Lesiones personales,120
Cesar,Valledupar,2020,9,Homicidio,11
Cesar,Valledupar,2020,9,Violencia intrafamiliar,84
Cesar,Valledupar,2020,9,Hurto a residencias,41
Cesar,Valledupar,2020,9,Extorsión,7
Cesar,Valledupar,2020,10,Hurto a personas,191
Cesar,Valledupar,2020,10,Hurto a comercio,66
Cesar,Valledupar,2020,10,Hurto de vehículos,34
Cesar,Valledupar,2020,10,Lesiones personales,153
Cesar,Valledupar,2020,10,Homicidio,10
Cesar,Valledupar,2020,10,Violencia intrafamiliar,80
Cesar,Valledupar,2020,10,Hurto a residencias,45
Cesar,Valledupar,2020,10,Extorsión,5
Cesar,Valledupar,2020,11,Hurto a personas,255
Cesar,Valledupar,2020,11,Hurto a comercio,70
Cesar,Valledupar,2020,11,Hurto de vehículos,50
Cesar,Valledupar,2020,11,Lesiones personales,150
Cesar,Valledupar,2020,11,Homicidio,10
Cesar,Valledupar,2020,11,Violencia intrafamiliar,101
Cesar,Valledupar,2020,11,Hurto a residencias,45
Cesar,Valledupar,2020,11,Extorsión,5
Cesar,Valledupar,2020,12,Hurto a personas,213
Cesar,Valledupar,2020,12,Hurto a comercio,67
Cesar,Valledupar,2020,12,Hurto de vehículos,54
Cesar,Valledupar,2020,12,Lesiones personales,183
Cesar,Valledupar,2020,12,Homicidio,14
Cesar,Valledupar,2020,12,Violencia intrafamiliar,108
Cesar,Valledupar,2020,12,Hurto a residencias,61
Cesar,Valledupar,2020,12,Extorsión,7
Cesar,Valledupar,2021,1,Hurto a personas,189
Cesar,Valledupar,2021,1,Hurto a comercio,65
Cesar,Valledupar,2021,1,Hurto de vehículos,49
Cesar,Valledupar,2021,1,Lesiones personales,115
Cesar,Valledupar,2021,1,Homicidio,14
Cesar,Valledupar,2021,1,Violencia intrafamiliar,98
Cesar,Valledupar,2021,1,Hurto a residencias,47
Cesar,Valledupar,2021,1,Extorsión,7
Cesar,Valledupar,2021,2,Hurto a personas,206
Cesar,Valledupar,2021,2,Hurto a comercio,59
Cesar,Valledupar,2021,2,Hurto de vehículos,38
Cesar,Valledupar,2021,2,Lesiones personales,124
Cesar,Valledupar,2021,2,Homicidio,9
Cesar,Valledupar,2021,2,Violencia intrafamiliar,91
Cesar,Valledupar,2021,2,Hurto a residencias,52
Cesar,Valledupar,2021,2,Extorsión,7
Cesar,Valledupar,2021,3,Hurto a personas,233
Cesar,Valledupar,2021,3,Hurto a comercio,52
Cesar,Valledupar,2021,3,Hurto de vehículos,51
Cesar,Valledupar,2021,3,Lesiones personales,102
Cesar,Valledupar,2021,3,Homicidio,8
Cesar,Valledupar,2021,3,Violencia intrafamiliar,92
Cesar,Valledupar,2021,3,Hurto a residencias,56
Cesar,Valledupar,2021,3,Extorsión,5
Cesar,Valledupar,2021,4,Hurto a personas,224
Cesar,Valledupar,2021,4,Hurto a comercio,53
Cesar,Valledupar,2021,4,Hurto de vehículos,43
Cesar,Valledupar,2021,4,Lesiones personales,134
Cesar,Valledupar,2021,4,Homicidio,10
Cesar,Valledupar,2021,4,Violencia intrafamiliar,64
Cesar,Valledupar,2021,4,Hurto a residencias,41
Cesar,Valledupar,2021,4,Extorsión,7
Cesar,Valledupar,2021,5,Hurto a personas,171
Cesar,Valledupar,2021,5,Hurto a comercio,60
Cesar,Valledupar,2021,5,Hurto de vehículos,31
Cesar,Valledupar,2021,5,Lesiones personales,107
Cesar,Valledupar,2021,5,Homicidio,14
Cesar,Valledupar,2021,5,Violencia intrafamiliar,94
Cesar,Valledupar,2021,5,Hurto a residencias,42
Cesar,Valledupar,2021,5,Extorsión,7
Cesar,Valledupar,2021,6,Hurto a personas,241
Cesar,Valledupar,2021,6,Hurto a comercio,72
Cesar,Valledupar,2021,6,Hurto de vehículos,41
Cesar,Valledupar,2021,6,Lesiones personales,169
Cesar,Valledupar,2021,6,Homicidio,14
Cesar,Valledupar,2021,6,Violencia intrafamiliar,85
Cesar,Valledupar,2021,6,Hurto a residencias,48
Cesar,Valledupar,2021,6,Extorsión,6
Cesar,Valledupar,2021,7,Hurto a personas,171
Cesar,Valledupar,2021,7,Hurto a comercio,51
Cesar,Valledupar,2021,7,Hurto de vehículos,40
Cesar,Valledupar,2021,7,Lesiones personales,121
Cesar,Valledupar,2021,7,Homicidio,10
Cesar,Valledupar,2021,7,Violencia intrafamiliar,79
Cesar,Valledupar,2021,7,Hurto a residencias,47
Cesar,Valledupar,2021,7,Extorsión,7
Cesar,Valledupar,2021,8,Hurto a personas,165
Cesar,Valledupar,2021,8,Hurto a comercio,65
Cesar,Valledupar,2021,8,Hurto de vehículos,34
Cesar,Valledupar,2021,8,Lesiones personales,146
Cesar,Valledupar,2021,8,Homicidio,9
Cesar,Valledupar,2021,8,Violencia intrafamiliar,85
Cesar,Valledupar,2021,8,Hurto a residencias,48
Cesar,Valledupar,2021,8,Extorsión,6
Cesar,Valledupar,2021,9,Hurto a personas,210
Cesar,Valledupar,2021,9,Hurto a comercio,54
Cesar,Valledupar,2021,9,Hurto de vehículos,44
Cesar,Valledupar,2021,9,Lesiones personales,110
Cesar,Valledupar,2021,9,Homicidio,11
Cesar,Valledupar,2021,9,Violencia intrafamiliar,73
Cesar,Valledupar,2021,9,Hurto a residencias,50
Cesar,Valledupar,2021,9,Extorsión,6
Cesar,Valledupar,2021,10,Hurto a personas,237
Cesar,Valledupar,2021,10,Hurto a comercio,69
Cesar,Valledupar,2021,10,Hurto de vehículos,49
Cesar,Valledupar,2021,10,Lesiones personales,119
Cesar,Valledupar,2021,10,Homicidio,12
Cesar,Valledupar,2021,10,Violencia intrafamiliar,94
Cesar,Valledupar,2021,10,Hurto a residencias,38
Cesar,Valledupar,2021,10,Extorsión,6
Cesar,Valledupar,2021,11,Hurto a personas,182
Cesar,Valledupar,2021,11,Hurto a comercio,50
Cesar,Valledupar,2021,11,Hurto de vehículos,33
Cesar,Valledupar,2021,11,Lesiones personales,111
Cesar,Valledupar,2021,11,Homicidio,13
Cesar,Valledupar,2021,11,Violencia intrafamiliar,65
Cesar,Valledupar,2021,11,Hurto a residencias,40
Cesar,Valledupar,2021,11,Extorsión,7
Cesar,Valledupar,2021,12,Hurto a personas,232
Cesar,Valledupar,2021,12,Hurto a comercio,76
Cesar,Valledupar,2021,12,Hurto de vehículos,41
Cesar,Valledupar,2021,12,Lesiones personales,168
Cesar,Valledupar,2021,12,Homicidio,13
Cesar,Valledupar,2021,12,Violencia intrafamiliar,95
Cesar,Valledupar,2021,12,Hurto a residencias,43
Cesar,Valledupar,2021,12,Extorsión,7
Cesar,Valledupar,2022,1,Hurto a personas,198
Cesar,Valledupar,2022,1,Hurto a comercio,55
Cesar,Valledupar,2022,1,Hurto de vehículos,45
Cesar,Valledupar,2022,1,Lesiones personales,122
Cesar,Valledupar,2022,1,Homicidio,10
Cesar,Valledupar,2022,1,Violencia intrafamiliar,90
Cesar,Valledupar,2022,1,Hurto a residencias,53
Cesar,Valledupar,2022,1,Extorsión,7
Cesar,Valledupar,2022,2,Hurto a personas,187
Cesar,Valledupar,2022,2,Hurto a comercio,52
Cesar,Valledupar,2022,2,Hurto de vehículos,48
Cesar,Valledupar,2022,2,Lesiones personales,144
Cesar,Valledupar,2022,2,Homicidio,13
Cesar,Valledupar,2022,2,Violencia intrafamiliar,93
Cesar,Valledupar,2022,2,Hurto a residencias,48
Cesar,Valledupar,2022,2,Extorsión,7
Cesar,Valledupar,2022,3,Hurto a personas,223
Cesar,Valledupar,2022,3,Hurto a comercio,52
Cesar,Valledupar,2022,3,Hurto de vehículos,34
Cesar,Valledupar,2022,3,Lesiones personales,119
Cesar,Valledupar,2022,3,Homicidio,9
Cesar,Valledupar,2022,3,Violencia intrafamiliar,72
Cesar,Valledupar,2022,3,Hurto a residencias,46
Cesar,Valledupar,2022,3,Extorsión,6
Cesar,Valledupar,2022,4,Hurto a personas,189
Cesar,Valledupar,2022,4,Hurto a comercio,53
Cesar,Valledupar,2022,4,Hurto de vehículos,43
Cesar,Valledupar,2022,4,Lesiones personales,141
Cesar,Valledupar,2022,4,Homicidio,11
Cesar,Valledupar,2022,4,Violencia intrafamiliar,81
Cesar,Valledupar,2022,4,Hurto a residencias,33
Cesar,Valledupar,2022,4,Extorsión,7
Cesar,Valledupar,2022,5,Hurto a personas,217
Cesar,Valledupar,2022,5,Hurto a comercio,56
Cesar,Valledupar,2022,5,Hurto de vehículos,34
Cesar,Valledupar,2022,5,Lesiones personales,139
Cesar,Valledupar,2022,5,Homicidio,10
Cesar,Valledupar,2022,5,Violencia intrafamiliar,81
Cesar,Valledupar,2022,5,Hurto a residencias,38
Cesar,Valledupar,2022,5,Extorsión,6
Cesar,Valledupar,2022,6,Hurto a personas,217
Cesar,Valledupar,2022,6,Hurto a comercio,49
Cesar,Valledupar,2022,6,Hurto de vehículos,42
Cesar,Valledupar,2022,6,Lesiones personales,144
Cesar,Valledupar,2022,6,Homicidio,11
Cesar,Valledupar,2022,6,Violencia intrafamiliar,72
Cesar,Valledupar,2022,6,Hurto a residencias,51
Cesar,Valledupar,2022,6,Extorsión,6
Cesar,Valledupar,2022,7,Hurto a personas,182
Cesar,Valledupar,2022,7,Hurto a comercio,55
Cesar,Valledupar,2022,7,Hurto de vehículos,41
Cesar,Valledupar,2022,7,Lesiones personales,109
Cesar,Valledupar,2022,7,Homicidio,12
Cesar,Valledupar,2022,7,Violencia intrafamiliar,72
Cesar,Valledupar,2022,7,Hurto a residencias,51
Cesar,Valledupar,2022,7,Extorsión,7
Cesar,Valledupar,2022,8,Hurto a personas,165
Cesar,Valledupar,2022,8,Hurto a comercio,45
Cesar,Valledupar,2022,8,Hurto de vehículos,35
Cesar,Valledupar,2022,8,Lesiones personales,135
Cesar,Valledupar,2022,8,Homicidio,8
Cesar,Valledupar,2022,8,Violencia intrafamiliar,73
Cesar,Valledupar,2022,8,Hurto a residencias,42
Cesar,Valledupar,2022,8,Extorsión,7
Cesar,Valledupar,2022,9,Hurto a personas,195
Cesar,Valledupar,2022,9,Hurto a comercio,48
Cesar,Valledupar,2022,9,Hurto de vehículos,36
Cesar,Valledupar,2022,9,Lesiones personales,114
Cesar,Valledupar,2022,9,Homicidio,9
Cesar,Valledupar,2022,9,Violencia intrafamiliar,79
Cesar,Valledupar,2022,9,Hurto a residencias,38
Cesar,Valledupar,2022,9,Extorsión,7
Cesar,Valledupar,2022,10,Hurto a personas,201
Cesar,Valledupar,2022,10,Hurto a comercio,56
Cesar,Valledupar,2022,10,Hurto de vehículos,44
Cesar,Valledupar,2022,10,Lesiones personales,135
Cesar,Valledupar,2022,10,Homicidio,9
Cesar,Valledupar,2022,10,Violencia intrafamiliar,61
Cesar,Valledupar,2022,10,Hurto a residencias,38
Cesar,Valledupar,2022,10,Extorsión,6
Cesar,Valledupar,2022,11,Hurto a personas,181
Cesar,Valledupar,2022,11,Hurto a comercio,46
Cesar,Valledupar,2022,11,Hurto de vehículos,32
Cesar,Valledupar,2022,11,Lesiones personales,106
Cesar,Valledupar,2022,11,Homicidio,8
Cesar,Valledupar,2022,11,Violencia intrafamiliar,85
Cesar,Valledupar,2022,11,Hurto a residencias,38
Cesar,Valledupar,2022,11,Extorsión,7
Cesar,Valledupar,2022,12,Hurto a personas,216
Cesar,Valledupar,2022,12,Hurto a comercio,69
Cesar,Valledupar,2022,12,Hurto de vehículos,50
Cesar,Valledupar,2022,12,Lesiones personales,144
Cesar,Valledupar,2022,12,Homicidio,11
Cesar,Valledupar,2022,12,Violencia intrafamiliar,87
Cesar,Valledupar,2022,12,Hurto a residencias,58
Cesar,Valledupar,2022,12,Extorsión,9
Cesar,Valledupar,2023,1,Hurto a personas,216
Cesar,Valledupar,2023,1,Hurto a comercio,53
Cesar,Valledupar,2023,1,Hurto de vehículos,34
Cesar,Valledupar,2023,1,Lesiones personales,110
Cesar,Valledupar,2023,1,Homicidio,13
Cesar,Valledupar,2023,1,Violencia intrafamiliar,97
Cesar,Valledupar,2023,1,Hurto a residencias,41
Cesar,Valledupar,2023,1,Extorsión,6
Cesar,Valledupar,2023,2,Hurto a personas,213
Cesar,Valledupar,2023,2,Hurto a comercio,45
Cesar,Valledupar,2023,2,Hurto de vehículos,33
Cesar,Valledupar,2023,2,Lesiones personales,100
Cesar,Valledupar,2023,2,Homicidio,12
Cesar,Valledupar,2023,2,Violencia intrafamiliar,90
Cesar,Valledupar,2023,2,Hurto a residencias,43
Cesar,Valledupar,2023,2,Extorsión,5
Cesar,Valledupar,2023,3,Hurto a personas,252
Cesar,Valledupar,2023,3,Hurto a comercio,57
Cesar,Valledupar,2023,3,Hurto de vehículos,33
Cesar,Valledupar,2023,3,Lesiones personales,114
Cesar,Valledupar,2023,3,Homicidio,12
Cesar,Valledupar,2023,3,Violencia intrafamiliar,68
Cesar,Valledupar,2023,3,Hurto a residencias,50
Cesar,Valledupar,2023,3,Extorsión,8
Cesar,Valledupar,2023,4,Hurto a personas,239
Cesar,Valledupar,2023,4,Hurto a comercio,52
Cesar,Valledupar,2023,4,Hurto de vehículos,47
Cesar,Valledupar,2023,4,Lesiones personales,147
Cesar,Valledupar,2023,4,Homicidio,10
Cesar,Valledupar,2023,4,Violencia intrafamiliar,68
Cesar,Valledupar,2023,4,Hurto a residencias,35
Cesar,Valledupar,2023,4,Extorsión,7
Cesar,Valledupar,2023,5,Hurto a personas,157
Cesar,Valledupar,2023,5,Hurto a comercio,54
Cesar,Valledupar,2023,5,Hurto de vehículos,41
Cesar,Valledupar,2023,5,Lesiones personales,151
Cesar,Valledupar,2023,5,Homicidio,8
Cesar,Valledupar,2023,5,Violencia intrafamiliar,83
Cesar,Valledupar,2023,5,Hurto a residencias,39
Cesar,Valledupar,2023,5,Extorsión,7
Cesar,Valledupar,2023,6,Hurto a personas,198
Cesar,Valledupar,2023,6,Hurto a comercio,65
Cesar,Valledupar,2023,6,Hurto de vehículos,39
Cesar,Valledupar,2023,6,Lesiones personales,115
Cesar,Valledupar,2023,6,Homicidio,13
Cesar,Valledupar,2023,6,Violencia intrafamiliar,92
Cesar,Valledupar,2023,6,Hurto a residencias,52
Cesar,Valledupar,2023,6,Extorsión,8
Cesar,Valledupar,2023,7,Hurto a personas,197
Cesar,Valledupar,2023,7,Hurto a comercio,61
Cesar,Valledupar,2023,7,Hurto de vehículos,31
Cesar,Valledupar,2023,7,Lesiones personales,124
Cesar,Valledupar,2023,7,Homicidio,12
Cesar,Valledupar,2023,7,Violencia intrafamiliar,66
Cesar,Valledupar,2023,7,Hurto a residencias,38
Cesar,Valledupar,2023,7,Extorsión,6
Cesar,Valledupar,2023,8,Hurto a personas,226
Cesar,Valledupar,2023,8,Hurto a comercio,59
Cesar,Valledupar,2023,8,Hurto de vehículos,34
Cesar,Valledupar,2023,8,Lesiones personales,136
Cesar,Valledupar,2023,8,Homicidio,10
Cesar,Valledupar,2023,8,Violencia intrafamiliar,66
Cesar,Valledupar,2023,8,Hurto a residencias,48
Cesar,Valledupar,2023,8,Extorsión,5
Cesar,Valledupar,2023,9,Hurto a personas,215
Cesar,Valledupar,2023,9,Hurto a comercio,50
Cesar,Valledupar,2023,9,Hurto de vehículos,40
Cesar,Valledupar,2023,9,Lesiones personales,161
Cesar,Valledupar,2023,9,Homicidio,12
Cesar,Valledupar,2023,9,Violencia intrafamiliar,77
Cesar,Valledupar,2023,9,Hurto a residencias,46
Cesar,Valledupar,2023,9,Extorsión,6
Cesar,Valledupar,2023,10,Hurto a personas,186
Cesar,Valledupar,2023,10,Hurto a comercio,50
Cesar,Valledupar,2023,10,Hurto de vehículos,36
Cesar,Valledupar,2023,10,Lesiones personales,123
Cesar,Valledupar,2023,10,Homicidio,11
Cesar,Valledupar,2023,10,Violencia intrafamiliar,69
Cesar,Valledupar,2023,10,Hurto a residencias,42
Cesar,Valledupar,2023,10,Extorsión,6
Cesar,Valledupar,2023,11,Hurto a personas,179
Cesar,Valledupar,2023,11,Hurto a comercio,63
Cesar,Valledupar,2023,11,Hurto de vehículos,29
Cesar,Valledupar,2023,11,Lesiones personales,121
Cesar,Valledupar,2023,11,Homicidio,9
Cesar,Valledupar,2023,11,Violencia intrafamiliar,76
Cesar,Valledupar,2023,11,Hurto a residencias,48
Cesar,Valledupar,2023,11,Extorsión,6
Cesar,Valledupar,2023,12,Hurto a personas,248
Cesar,Valledupar,2023,12,Hurto a comercio,64
Cesar,Valledupar,2023,12,Hurto de vehículos,37
Cesar,Valledupar,2023,12,Lesiones personales,118
Cesar,Valledupar,2023,12,Homicidio,14
Cesar,Valledupar,2023,12,Violencia intrafamiliar,87
Cesar,Valledupar,2023,12,Hurto a residencias,54
Cesar,Valledupar,2023,12,Extorsión,8
Cesar,Valledupar,2024,1,Hurto a personas,210
Cesar,Valledupar,2024,1,Hurto a comercio,62
Cesar,Valledupar,2024,1,Hurto de vehículos,39
Cesar,Valledupar,2024,1,Lesiones personales,141
Cesar,Valledupar,2024,1,Homicidio,8
Cesar,Valledupar,2024,1,Violencia intrafamiliar,97
Cesar,Valledupar,2024,1,Hurto a residencias,48
Cesar,Valledupar,2024,1,Extorsión,6
Cesar,Valledupar,2024,2,Hurto a personas,182
Cesar,Valledupar,2024,2,Hurto a comercio,57
Cesar,Valledupar,2024,2,Hurto de vehículos,30
Cesar,Valledupar,2024,2,Lesiones personales,112
Cesar,Valledupar,2024,2,Homicidio,12
Cesar,Valledupar,2024,2,Violencia intrafamiliar,75
Cesar,Valledupar,2024,2,Hurto a residencias,41
Cesar,Valledupar,2024,2,Extorsión,5
Cesar,Valledupar,2024,3,Hurto a personas,169
Cesar,Valledupar,2024,3,Hurto a comercio,45
Cesar,Valledupar,2024,3,Hurto de vehículos,40
Cesar,Valledupar,2024,3,Lesiones personales,96
Cesar,Valledupar,2024,3,Homicidio,10
Cesar,Valledupar,2024,3,Violencia intrafamiliar,70
Cesar,Valledupar,2024,3,Hurto a residencias,39
Cesar,Valledupar,2024,3,Extorsión,4
Cesar,Valledupar,2024,4,Hurto a personas,214
Cesar,Valledupar,2024,4,Hurto a comercio,49
Cesar,Valledupar,2024,4,Hurto de vehículos,38
Cesar,Valledupar,2024,4,Lesiones personales,110
Cesar,Valledupar,2024,4,Homicidio,9
Cesar,Valledupar,2024,4,Violencia intrafamiliar,60
Cesar,Valledupar,2024,4,Hurto a residencias,46
Cesar,Valledupar,2024,4,Extorsión,6
Cesar,Valledupar,2024,5,Hurto a personas,213
Cesar,Valledupar,2024,5,Hurto a comercio,50
Cesar,Valledupar,2024,5,Hurto de vehículos,43
Cesar,Valledupar,2024,5,Lesiones personales,122
Cesar,Valledupar,2024,5,Homicidio,7
Cesar,Valledupar,2024,5,Violencia intrafamiliar,76
Cesar,Valledupar,2024,5,Hurto a residencias,38
Cesar,Valledupar,2024,5,Extorsión,7
Cesar,Valledupar,2024,6,Hurto a personas,212
Cesar,Valledupar,2024,6,Hurto a comercio,56
Cesar,Valledupar,2024,6,Hurto de vehículos,43
Cesar,Valledupar,2024,6,Lesiones personales,145
Cesar,Valledupar,2024,6,Homicidio,13
Cesar,Valledupar,2024,6,Violencia intrafamiliar,87
Cesar,Valledupar,2024,6,Hurto a residencias,38
Cesar,Valledupar,2024,6,Extorsión,8
Cesar,Valledupar,2024,7,Hurto a personas,187
Cesar,Valledupar,2024,7,Hurto a comercio,61
Cesar,Valledupar,2024,7,Hurto de vehículos,31
Cesar,Valledupar,2024,7,Lesiones personales,94
Cesar,Valledupar,2024,7,Homicidio,11
Cesar,Valledupar,2024,7,Violencia intrafamiliar,67
Cesar,Valledupar,2024,7,Hurto a residencias,44
Cesar,Valledupar,2024,7,Extorsión,5
Cesar,Valledupar,2024,8,Hurto a personas,159
Cesar,Valledupar,2024,8,Hurto a comercio,50
Cesar,Valledupar,2024,8,Hurto de vehículos,31
Cesar,Valledupar,2024,8,Lesiones personales,131
Cesar,Valledupar,2024,8,Homicidio,11
Cesar,Valledupar,2024,8,Violencia intrafamiliar,88
Cesar,Valledupar,2024,8,Hurto a residencias,40
Cesar,Valledupar,2024,8,Extorsión,5
Cesar,Valledupar,2024,9,Hurto a personas,178
Cesar,Valledupar,2024,9,Hurto a comercio,55
Cesar,Valledupar,2024,9,Hurto de vehículos,34
Cesar,Valledupar,2024,9,Lesiones personales,113
Cesar,Valledupar,2024,9,Homicidio,10
Cesar,Valledupar,2024,9,Violencia intrafamiliar,86
Cesar,Valledupar,2024,9,Hurto a residencias,46
Cesar,Valledupar,2024,9,Extorsión,5
Cesar,Valledupar,2024,10,Hurto a personas,231
Cesar,Valledupar,2024,10,Hurto a comercio,50
Cesar,Valledupar,2024,10,Hurto de vehículos,32
Cesar,Valledupar,2024,10,Lesiones personales,118
Cesar,Valledupar,2024,10,Homicidio,9
Cesar,Valledupar,2024,10,Violencia intrafamiliar,72
Cesar,Valledupar,2024,10,Hurto a residencias,49
Cesar,Valledupar,2024,10,Extorsión,5
Cesar,Valledupar,2024,11,Hurto a personas,206
Cesar,Valledupar,2024,11,Hurto a comercio,61
Cesar,Valledupar,2024,11,Hurto de vehículos,36
Cesar,Valledupar,2024,11,Lesiones personales,95
Cesar,Valledupar,2024,11,Homicidio,8
Cesar,Valledupar,2024,11,Violencia intrafamiliar,64
Cesar,Valledupar,2024,11,Hurto a residencias,43
Cesar,Valledupar,2024,11,Extorsión,7
Cesar,Valledupar,2024,12,Hurto a personas,242
Cesar,Valledupar,2024,12,Hurto a comercio,67
Cesar,Valledupar,2024,12,Hurto de vehículos,35
Cesar,Valledupar,2024,12,Lesiones personales,131
Cesar,Valledupar,2024,12,Homicidio,11
Cesar,Valledupar,2024,12,Violencia intrafamiliar,98
Cesar,Valledupar,2024,12,Hurto a residencias,54
Cesar,Valledupar,2024,12,Extorsión,6
Córdoba,Montería,2020,1,Hurto a personas,182
Córdoba,Montería,2020,1,Hurto a comercio,45
Córdoba,Montería,2020,1,Hurto de vehículos,41
Córdoba,Montería,2020,1,Lesiones personales,113
Córdoba,Montería,2020,1,Homicidio,9
Córdoba,Montería,2020,1,Violencia intrafamiliar,76
Córdoba,Montería,2020,1,Hurto a residencias,36
Córdoba,Montería,2020,1,Extorsión,7
Córdoba,Montería,2020,2,Hurto a personas,220
Córdoba,Montería,2020,2,Hurto a comercio,47
Córdoba,Montería,2020,2,Hurto de vehículos,30
Córdoba,Montería,2020,2,Lesiones personales,102
Córdoba,Montería,2020,2,Homicidio,10
Córdoba,Montería,2020,2,Violencia intrafamiliar,85
Córdoba,Montería,2020,2,Hurto a residencias,43
Córdoba,Montería,2020,2,Extorsión,6
Córdoba,Montería,2020,3,Hurto a personas,154
Córdoba,Montería,2020,3,Hurto a comercio,44
Córdoba,Montería,2020,3,Hurto de vehículos,38
Córdoba,Montería,2020,3,Lesiones personales,118
Córdoba,Montería,2020,3,Homicidio,8
Córdoba,Montería,2020,3,Violencia intrafamiliar,80
Córdoba,Montería,2020,3,Hurto a residencias,49
Córdoba,Montería,2020,3,Extorsión,6
Córdoba,Montería,2020,4,Hurto a personas,208
Córdoba,Montería,2020,4,Hurto a comercio,43
Córdoba,Montería,2020,4,Hurto de vehículos,40
Córdoba,Montería,2020,4,Lesiones personales,129
Córdoba,Montería,2020,4,Homicidio,9
Córdoba,Montería,2020,4,Violencia intrafamiliar,71
Córdoba,Montería,2020,4,Hurto a residencias,31
Córdoba,Montería,2020,4,Extorsión,7
Córdoba,Montería,2020,5,Hurto a personas,171
Córdoba,Montería,2020,5,Hurto a comercio,38
Córdoba,Montería,2020,5,Hurto de vehículos,32
Córdoba,Montería,2020,5,Lesiones personales,94
Córdoba,Montería,2020,5,Homicidio,9
Córdoba,Montería,2020,5,Violencia intrafamiliar,99
Córdoba,Montería,2020,5,Hurto a residencias,40
Córdoba,Montería,2020,5,Extorsión,6
Córdoba,Montería,2020,6,Hurto a personas,217
Córdoba,Montería,2020,6,Hurto a comercio,64
Córdoba,Montería,2020,6,Hurto de vehículos,46
Córdoba,Montería,2020,6,Lesiones personales,103
Córdoba,Montería,2020,6,Homicidio,12
Córdoba,Montería,2020,6,Violencia intrafamiliar,75
Córdoba,Montería,2020,6,Hurto a residencias,42
Córdoba,Montería,2020,6,Extorsión,6
Córdoba,Montería,2020,7,Hurto a personas,200
Córdoba,Montería,2020,7,Hurto a comercio,55
Córdoba,Montería,2020,7,Hurto de vehículos,41
Córdoba,Montería,2020,7,Lesiones personales,111
Córdoba,Montería,2020,7,Homicidio,8
Córdoba,Montería,2020,7,Violencia intrafamiliar,80
Córdoba,Montería,2020,7,Hurto a residencias,35
Córdoba,Montería,2020,7,Extorsión,5
Córdoba,Montería,2020,8,Hurto a personas,156
Córdoba,Montería,2020,8,Hurto a comercio,41
Córdoba,Montería,2020,8,Hurto de vehículos,37
Córdoba,Montería,2020,8,Lesiones personales,131
Córdoba,Montería,2020,8,Homicidio,10
Córdoba,Montería,2020,8,Violencia intrafamiliar,63
Córdoba,Montería,2020,8,Hurto a residencias,39
Córdoba,Montería,2020,8,Extorsión,5
Córdoba,Montería,2020,9,Hurto a personas,204
Córdoba,Montería,2020,9,Hurto a comercio,47
Córdoba,Montería,2020,9,Hurto de vehículos,31
Córdoba,Montería,2020,9,Lesiones personales,97
Córdoba,Montería,2020,9,Homicidio,11
Córdoba,Montería,2020,9,Violencia intrafamiliar,70
Córdoba,Montería,2020,9,Hurto a residencias,31
Córdoba,Montería,2020,9,Extorsión,7
Córdoba,Montería,2020,10,Hurto a personas,204
Córdoba,Montería,2020,10,Hurto a comercio,42
Córdoba,Montería,2020,10,Hurto de vehículos,39
Córdoba,Montería,2020,10,Lesiones personales,111
Córdoba,Montería,2020,10,Homicidio,9
Córdoba,Montería,2020,10,Violencia intrafamiliar,79
Córdoba,Montería,2020,10,Hurto a residencias,32
Córdoba,Montería,2020,10,Extorsión,5
Córdoba,Montería,2020,11,Hurto a personas,216
Córdoba,Montería,2020,11,Hurto a comercio,46
Córdoba,Montería,2020,11,Hurto de vehículos,35
Córdoba,Montería,2020,11,Lesiones personales,128
Córdoba,Montería,2020,11,Homicidio,9
Córdoba,Montería,2020,11,Violencia intrafamiliar,85
Córdoba,Montería,2020,11,Hurto a residencias,41
Córdoba,Montería,2020,11,Extorsión,6
Córdoba,Montería,2020,12,Hurto a personas,204
Córdoba,Montería,2020,12,Hurto a comercio,56
Córdoba,Montería,2020,12,Hurto de vehículos,48
Córdoba,Montería,2020,12,Lesiones personales,150
Córdoba,Montería,2020,12,Homicidio,12
Córdoba,Montería,2020,12,Violencia intrafamiliar,104
Córdoba,Montería,2020,12,Hurto a residencias,47
Córdoba,Montería,2020,12,Extorsión,6
Córdoba,Montería,2021,1,Hurto a personas,202
Córdoba,Montería,2021,1,Hurto a comercio,42
Córdoba,Montería,2021,1,Hurto de vehículos,44
Córdoba,Montería,2021,1,Lesiones personales,121
Córdoba,Montería,2021,1,Homicidio,11
Córdoba,Montería,2021,1,Violencia intrafamiliar,90
Córdoba,Montería,2021,1,Hurto a residencias,44
Córdoba,Montería,2021,1,Extorsión,6
Córdoba,Montería,2021,2,Hurto a personas,233
Córdoba,Montería,2021,2,Hurto a comercio,45
Córdoba,Montería,2021,2,Hurto de vehículos,28
Córdoba,Montería,2021,2,Lesiones personales,139
Córdoba,Montería,2021,2,Homicidio,9
Córdoba,Montería,2021,2,Violencia intrafamiliar,81
Córdoba,Montería,2021,2,Hurto a residencias,35
Córdoba,Montería,2021,2,Extorsión,5
Córdoba,Montería,2021,3,Hurto a personas,165
Córdoba,Montería,2021,3,Hurto a comercio,53
Córdoba,Montería,2021,3,Hurto de vehículos,31
Córdoba,Montería,2021,3,Lesiones personales,129
Córdoba,Montería,2021,3,Homicidio,9
Córdoba,Montería,2021,3,Violencia intrafamiliar,71
Córdoba,Montería,2021,3,Hurto a residencias,36
Córdoba,Montería,2021,3,Extorsión,4
Córdoba,Montería,2021,4,Hurto a personas,225
Córdoba,Montería,2021,4,Hurto a comercio,55
Córdoba,Montería,2021,4,Hurto de vehículos,26
Córdoba,Montería,2021,4,Lesiones personales,145
Córdoba,Montería,2021,4,Homicidio,8
Córdoba,Montería,2021,4,Violencia intrafamiliar,69
Córdoba,Montería,2021,4,Hurto a residencias,34
Córdoba,Montería,2021,4,Extorsión,7
Córdoba,Montería,2021,5,Hurto a personas,239
Córdoba,Montería,2021,5,Hurto a comercio,52
Córdoba,Montería,2021,5,Hurto de vehículos,35
Córdoba,Montería,2021,5,Lesiones personales,127
Córdoba,Montería,2021,5,Homicidio,9
Córdoba,Montería,2021,5,Violencia intrafamiliar,62
Córdoba,Montería,2021,5,Hurto a residencias,40
Córdoba,Montería,2021,5,Extorsión,6
Córdoba,Montería,2021,6,Hurto a personas,163
Córdoba,Montería,2021,6,Hurto a comercio,48
Córdoba,Montería,2021,6,Hurto de vehículos,34
Córdoba,Montería,2021,6,Lesiones personales,149
Córdoba,Montería,2021,6,Homicidio,10
Córdoba,Montería,2021,6,Violencia intrafamiliar,68
Córdoba,Montería,2021,6,Hurto a residencias,43
Córdoba,Montería,2021,6,Extorsión,6
Córdoba,Montería,2021,7,Hurto a personas,166
Córdoba,Montería,2021,7,Hurto a comercio,49
Córdoba,Montería,2021,7,Hurto de vehículos,33
Córdoba,Montería,2021,7,Lesiones personales,96
Córdoba,Montería,2021,7,Homicidio,8
Córdoba,Montería,2021,7,Violencia intrafamiliar,65
Córdoba,Montería,2021,7,Hurto a residencias,32
Córdoba,Montería,2021,7,Extorsión,6
Córdoba,Montería,2021,8,Hurto a personas,209
Córdoba,Montería,2021,8,Hurto a comercio,54
Córdoba,Montería,2021,8,Hurto de vehículos,35
Córdoba,Montería,2021,8,Lesiones personales,114
Córdoba,Montería,2021,8,Homicidio,10
Córdoba,Montería,2021,8,Violencia intrafamiliar,79
Córdoba,Montería,2021,8,Hurto a residencias,38
Córdoba,Montería,2021,8,Extorsión,5
Córdoba,Montería,2021,9,Hurto a personas,179
Córdoba,Montería,2021,9,Hurto a comercio,46
Córdoba,Montería,2021,9,Hurto de vehículos,32
Córdoba,Montería,2021,9,Lesiones personales,106
Córdoba,Montería,2021,9,Homicidio,10
Córdoba,Montería,2021,9,Violencia intrafamiliar,69
Córdoba,Montería,2021,9,Hurto a residencias,38
Córdoba,Montería,2021,9,Extorsión,5
Córdoba,Montería,2021,10,Hurto a personas,194
Córdoba,Montería,2021,10,Hurto a comercio,49
Córdoba,Montería,2021,10,Hurto de vehículos,37
Córdoba,Montería,2021,10,Lesiones personales,91
Córdoba,Montería,2021,10,Homicidio,9
Córdoba,Montería,2021,10,Violencia intrafamiliar,69
Córdoba,Montería,2021,10,Hurto a residencias,34
Córdoba,Montería,2021,10,Extorsión,7
Córdoba,Montería,2021,11,Hurto a personas,216
Córdoba,Montería,2021,11,Hurto a comercio,46
Córdoba,Montería,2021,11,Hurto de vehículos,31
Córdoba,Montería,2021,11,Lesiones personales,119
Córdoba,Montería,2021,11,Homicidio,12
Córdoba,Montería,2021,11,Violencia intrafamiliar,85
Córdoba,Montería,2021,11,Hurto a residencias,38
Córdoba,Montería,2021,11,Extorsión,5
Córdoba,Montería,2021,12,Hurto a personas,224
Córdoba,Montería,2021,12,Hurto a comercio,56
Córdoba,Montería,2021,12,Hurto de vehículos,44
Córdoba,Montería,2021,12,Lesiones personales,111
Córdoba,Montería,2021,12,Homicidio,12
Córdoba,Montería,2021,12,Violencia intrafamiliar,99
Córdoba,Montería,2021,12,Hurto a residencias,37
Córdoba,Montería,2021,12,Extorsión,6
Córdoba,Montería,2022,1,Hurto a personas,196
Córdoba,Montería,2022,1,Hurto a comercio,46
Córdoba,Montería,2022,1,Hurto de vehículos,30
Córdoba,Montería,2022,1,Lesiones personales,121
Córdoba,Montería,2022,1,Homicidio,11
Córdoba,Montería,2022,1,Violencia intrafamiliar,86
Córdoba,Montería,2022,1,Hurto a residencias,44
Córdoba,Montería,2022,1,Extorsión,7
Córdoba,Montería,2022,2,Hurto a personas,178
Córdoba,Montería,2022,2,Hurto a comercio,47
Córdoba,Montería,2022,2,Hurto de vehículos,32
Córdoba,Montería,2022,2,Lesiones personales,117
Córdoba,Montería,2022,2,Homicidio,10
Córdoba,Montería,2022,2,Violencia intrafamiliar,78
Córdoba,Montería,2022,2,Hurto a residencias,34
Córdoba,Montería,2022,2,Extorsión,6
Córdoba,Montería,2022,3,Hurto a personas,200
Córdoba,Montería,2022,3,Hurto a comercio,35
Córdoba,Montería,2022,3,Hurto de vehículos,30
Córdoba,Montería,2022,3,Lesiones personales,136
Córdoba,Montería,2022,3,Homicidio,10
Córdoba,Montería,2022,3,Violencia intrafamiliar,90
Córdoba,Montería,2022,3,Hurto a residencias,41
Córdoba,Montería,2022,3,Extorsión,7
Córdoba,Montería,2022,4,Hurto a personas,160
Córdoba,Montería,2022,4,Hurto a comercio,57
Córdoba,Montería,2022,4,Hurto de vehículos,35
Córdoba,Montería,2022,4,Lesiones personales,83
Córdoba,Montería,2022,4,Homicidio,11
Córdoba,Montería,2022,4,Violencia intrafamiliar,77
Córdoba,Montería,2022,4,Hurto a residencias,34
Córdoba,Montería,2022,4,Extorsión,7
Córdoba,Montería,2022,5,Hurto a personas,192
Córdoba,Montería,2022,5,Hurto a comercio,50
Córdoba,Montería,2022,5,Hurto de vehículos,31
Córdoba,Montería,2022,5,Lesiones personales,136
Córdoba,Montería,2022,5,Homicidio,9
Córdoba,Montería,2022,5,Violencia intrafamiliar,91
Córdoba,Montería,2022,5,Hurto a residencias,40
Córdoba,Montería,2022,5,Extorsión,5
Córdoba,Montería,2022,6,Hurto a personas,204
Córdoba,Montería,2022,6,Hurto a comercio,51
Córdoba,Montería,2022,6,Hurto de vehículos,34
Córdoba,Montería,2022,6,Lesiones personales,143
Córdoba,Montería,2022,6,Homicidio,9
Córdoba,Montería,2022,6,Violencia intrafamiliar,84
Córdoba,Montería,2022,6,Hurto a residencias,45
Córdoba,Montería,2022,6,Extorsión,6
Córdoba,Montería,2022,7,Hurto a personas,185
Córdoba,Montería,2022,7,Hurto a comercio,51
Córdoba,Montería,2022,7,Hurto de vehículos,33
Córdoba,Montería,2022,7,Lesiones personales,92
Córdoba,Montería,2022,7,Homicidio,10
Córdoba,Montería,2022,7,Violencia intrafamiliar,57
Córdoba,Montería,2022,7,Hurto a residencias,40
Córdoba,Montería,2022,7,Extorsión,5
Córdoba,Montería,2022,8,Hurto a personas,175
Córdoba,Montería,2022,8,Hurto a comercio,58
Córdoba,Montería,2022,8,Hurto de vehículos,33
Córdoba,Montería,2022,8,Lesiones personales,128
Córdoba,Montería,2022,8,Homicidio,8
Córdoba,Montería,2022,8,Violencia intrafamiliar,75
Córdoba,Montería,2022,8,Hurto a residencias,33
Córdoba,Montería,2022,8,Extorsión,4
Córdoba,Montería,2022,9,Hurto a personas,192
Córdoba,Montería,2022,9,Hurto a comercio,41
Córdoba,Montería,2022,9,Hurto de vehículos,37
Córdoba,Montería,2022,9,Lesiones personales,91
Córdoba,Montería,2022,9,Homicidio,8
Córdoba,Montería,2022,9,Violencia intrafamiliar,82
Córdoba,Montería,2022,9,Hurto a residencias,35
Córdoba,Montería,2022,9,Extorsión,5
Córdoba,Montería,2022,10,Hurto a personas,190
Córdoba,Montería,2022,10,Hurto a comercio,38
Córdoba,Montería,2022,10,Hurto de vehículos,36
Córdoba,Montería,2022,10,Lesiones personales,120
Córdoba,Montería,2022,10,Homicidio,8
Córdoba,Montería,2022,10,Violencia intrafamiliar,67
Córdoba,Montería,2022,10,Hurto a residencias,32
Córdoba,Montería,2022,10,Extorsión,6
Córdoba,Montería,2022,11,Hurto a personas,194
Córdoba,Montería,2022,11,Hurto a comercio,44
Córdoba,Montería,2022,11,Hurto de vehículos,29
Córdoba,Montería,2022,11,Lesiones personales,98
Córdoba,Montería,2022,11,Homicidio,11
Córdoba,Montería,2022,11,Violencia intrafamiliar,82
Córdoba,Montería,2022,11,Hurto a residencias,35
Córdoba,Montería,2022,11,Extorsión,6
Córdoba,Montería,2022,12,Hurto a personas,185
Córdoba,Montería,2022,12,Hurto a comercio,52
Córdoba,Montería,2022,12,Hurto de vehículos,34
Córdoba,Montería,2022,12,Lesiones personales,145
Córdoba,Montería,2022,12,Homicidio,9
Córdoba,Montería,2022,12,Violencia intrafamiliar,83
Córdoba,Montería,2022,12,Hurto a residencias,46
Córdoba,Montería,2022,12,Extorsión,8
Córdoba,Montería,2023,1,Hurto a personas,222
Córdoba,Montería,2023,1,Hurto a comercio,45
Córdoba,Montería,2023,1,Hurto de vehículos,32
Córdoba,Montería,2023,1,Lesiones personales,110
Córdoba,Montería,2023,1,Homicidio,8
Córdoba,Montería,2023,1,Violencia intrafamiliar,76
Córdoba,Montería,2023,1,Hurto a residencias,45
Córdoba,Montería,2023,1,Extorsión,5
Córdoba,Montería,2023,2,Hurto a personas,190
Córdoba,Montería,2023,2,Hurto a comercio,47
Córdoba,Montería,2023,2,Hurto de vehículos,39
Córdoba,Montería,2023,2,Lesiones personales,107
Córdoba,Montería,2023,2,Homicidio,8
Córdoba,Montería,2023,2,Violencia intrafamiliar,72
Córdoba,Montería,2023,2,Hurto a residencias,29
Córdoba,Montería,2023,2,Extorsión,5
Córdoba,Montería,2023,3,Hurto a personas,165
Córdoba,Montería,2023,3,Hurto a comercio,44
Córdoba,Montería,2023,3,Hurto de vehículos,33
Córdoba,Montería,2023,3,Lesiones personales,97
Córdoba,Montería,2023,3,Homicidio,7
Córdoba,Montería,2023,3,Violencia intrafamiliar,61
Córdoba,Montería,2023,3,Hurto a residencias,42
Córdoba,Montería,2023,3,Extorsión,6
Córdoba,Montería,2023,4,Hurto a personas,185
Córdoba,Montería,2023,4,Hurto a comercio,52
Córdoba,Montería,2023,4,Hurto de vehículos,37
Córdoba,Montería,2023,4,Lesiones personales,107
Córdoba,Montería,2023,4,Homicidio,9
Córdoba,Montería,2023,4,Violencia intrafamiliar,65
Córdoba,Montería,2023,4,Hurto a residencias,29
Córdoba,Montería,2023,4,Extorsión,4
Córdoba,Montería,2023,5,Hurto a personas,164
Córdoba,Montería,2023,5,Hurto a comercio,39
Córdoba,Montería,2023,5,Hurto de vehículos,33
Córdoba,Montería,2023,5,Lesiones personales,115
Córdoba,Montería,2023,5,Homicidio,9
Córdoba,Montería,2023,5,Violencia intrafamiliar,63
Córdoba,Montería,2023,5,Hurto a residencias,43
Córdoba,Montería,2023,5,Extorsión,5
Córdoba,Montería,2023,6,Hurto a personas,157
Córdoba,Montería,2023,6,Hurto a comercio,48
Córdoba,Montería,2023,6,Hurto de vehículos,38
Córdoba,Montería,2023,6,Lesiones personales,126
Córdoba,Montería,2023,6,Homicidio,10
Córdoba,Montería,2023,6,Violencia intrafamiliar,67
Córdoba,Montería,2023,6,Hurto a residencias,44
Córdoba,Montería,2023,6,Extorsión,7
Córdoba,Montería,2023,7,Hurto a personas,141
Córdoba,Montería,2023,7,Hurto a comercio,56
Córdoba,Montería,2023,7,Hurto de vehículos,29
Córdoba,Montería,2023,7,Lesiones personales,122
Córdoba,Montería,2023,7,Homicidio,9
Córdoba,Montería,2023,7,Violencia intrafamiliar,68
Córdoba,Montería,2023,7,Hurto a residencias,43
Córdoba,Montería,2023,7,Extorsión,5
Córdoba,Montería,2023,8,Hurto a personas,194
Córdoba,Montería,2023,8,Hurto a comercio,52
Córdoba,Montería,2023,8,Hurto de vehículos,28
Córdoba,Montería,2023,8,Lesiones personales,128
Córdoba,Montería,2023,8,Homicidio,8
Córdoba,Montería,2023,8,Violencia intrafamiliar,78
Córdoba,Montería,2023,8,Hurto a residencias,33
Córdoba,Montería,2023,8,Extorsión,6
Córdoba,Montería,2023,9,Hurto a personas,182
Córdoba,Montería,2023,9,Hurto a comercio,41
Córdoba,Montería,2023,9,Hurto de vehículos,36
Córdoba,Montería,2023,9,Lesiones personales,104
Córdoba,Montería,2023,9,Homicidio,9
Córdoba,Montería,2023,9,Violencia intrafamiliar,72
Córdoba,Montería,2023,9,Hurto a residencias,42
Córdoba,Montería,2023,9,Extorsión,6
Córdoba,Montería,2023,10,Hurto a personas,192
Córdoba,Montería,2023,10,Hurto a comercio,50
Córdoba,Montería,2023,10,Hurto de vehículos,36
Córdoba,Montería,2023,10,Lesiones personales,100
Córdoba,Montería,2023,10,Homicidio,7
Córdoba,Montería,2023,10,Violencia intrafamiliar,55
Córdoba,Montería,2023,10,Hurto a residencias,30
Córdoba,Montería,2023,10,Extorsión,4
Córdoba,Montería,2023,11,Hurto a personas,161
Córdoba,Montería,2023,11,Hurto a comercio,52
Córdoba,Montería,2023,11,Hurto de vehículos,33
Córdoba,Montería,2023,11,Lesiones personales,88
Córdoba,Montería,2023,11,Homicidio,8
Córdoba,Montería,2023,11,Violencia intrafamiliar,59
Córdoba,Montería,2023,11,Hurto a residencias,35
Córdoba,Montería,2023,11,Extorsión,6
Córdoba,Montería,2023,12,Hurto a personas,212
Córdoba,Montería,2023,12,Hurto a comercio,57
Córdoba,Montería,2023,12,Hurto de vehículos,36
Córdoba,Montería,2023,12,Lesiones personales,128
Córdoba,Montería,2023,12,Homicidio,10
Córdoba,Montería,2023,12,Violencia intrafamiliar,64
Córdoba,Montería,2023,12,Hurto a residencias,46
Córdoba,Montería,2023,12,Extorsión,7
Córdoba,Montería,2024,1,Hurto a personas,200
Córdoba,Montería,2024,1,Hurto a comercio,46
Córdoba,Montería,2024,1,Hurto de vehículos,33
Córdoba,Montería,2024,1,Lesiones personales,114
Córdoba,Montería,2024,1,Homicidio,8
Córdoba,Montería,2024,1,Violencia intrafamiliar,59
Córdoba,Montería,2024,1,Hurto a residencias,43
Córdoba,Montería,2024,1,Extorsión,5
Córdoba,Montería,2024,2,Hurto a personas,207
Córdoba,Montería,2024,2,Hurto a comercio,42
Córdoba,Montería,2024,2,Hurto de vehículos,26
Córdoba,Montería,2024,2,Lesiones personales,100
Córdoba,Montería,2024,2,Homicidio,11
Córdoba,Montería,2024,2,Violencia intrafamiliar,57
Córdoba,Montería,2024,2,Hurto a residencias,35
Córdoba,Montería,2024,2,Extorsión,4
Córdoba,Montería,2024,3,Hurto a personas,182
Córdoba,Montería,2024,3,Hurto a comercio,41
Córdoba,Montería,2024,3,Hurto de vehículos,37
Córdoba,Montería,2024,3,Lesiones personales,101
Córdoba,Montería,2024,3,Homicidio,8
Córdoba,Montería,2024,3,Violencia intrafamiliar,55
Córdoba,Montería,2024,3,Hurto a residencias,27
Córdoba,Montería,2024,3,Extorsión,5
Córdoba,Montería,2024,4,Hurto a personas,148
Córdoba,Montería,2024,4,Hurto a comercio,52
Córdoba,Montería,2024,4,Hurto de vehículos,31
Córdoba,Montería,2024,4,Lesiones personales,118
Córdoba,Montería,2024,4,Homicidio,6
Córdoba,Montería,2024,4,Violencia intrafamiliar,52
Córdoba,Montería,2024,4,Hurto a residencias,38
Córdoba,Montería,2024,4,Extorsión,5
Córdoba,Montería,2024,5,Hurto a personas,176
Córdoba,Montería,2024,5,Hurto a comercio,49
Córdoba,Montería,2024,5,Hurto de vehículos,37
Córdoba,Montería,2024,5,Lesiones personales,87
Córdoba,Montería,2024,5,Homicidio,8
Córdoba,Montería,2024,5,Violencia intrafamiliar,81
Córdoba,Montería,2024,5,Hurto a residencias,32
Córdoba,Montería,2024,5,Extorsión,6
Córdoba,Montería,2024,6,Hurto a personas,172
Córdoba,Montería,2024,6,Hurto a comercio,58
Córdoba,Montería,2024,6,Hurto de vehículos,28
Córdoba,Montería,2024,6,Lesiones personales,124
Córdoba,Montería,2024,6,Homicidio,9
Córdoba,Montería,2024,6,Violencia intrafamiliar,61
Córdoba,Montería,2024,6,Hurto a residencias,35
Córdoba,Montería,2024,6,Extorsión,6
Córdoba,Montería,2024,7,Hurto a personas,187
Córdoba,Montería,2024,7,Hurto a comercio,58
Córdoba,Montería,2024,7,Hurto de vehículos,28
Córdoba,Montería,2024,7,Lesiones personales,114
Córdoba,Montería,2024,7,Homicidio,7
Córdoba,Montería,2024,7,Violencia intrafamiliar,54
Córdoba,Montería,2024,7,Hurto a residencias,39
Córdoba,Montería,2024,7,Extorsión,6
Córdoba,Montería,2024,8,Hurto a personas,189
Córdoba,Montería,2024,8,Hurto a comercio,52
Córdoba,Montería,2024,8,Hurto de vehículos,30
Córdoba,Montería,2024,8,Lesiones personales,118
Córdoba,Montería,2024,8,Homicidio,7
Córdoba,Montería,2024,8,Violencia intrafamiliar,72
Córdoba,Montería,2024,8,Hurto a residencias,28
Córdoba,Montería,2024,8,Extorsión,5
Córdoba,Montería,2024,9,Hurto a personas,172
Córdoba,Montería,2024,9,Hurto a comercio,46
Córdoba,Montería,2024,9,Hurto de vehículos,37
Córdoba,Montería,2024,9,Lesiones personales,99
Córdoba,Montería,2024,9,Homicidio,10
Córdoba,Montería,2024,9,Violencia intrafamiliar,83
Córdoba,Montería,2024,9,Hurto a residencias,34
Córdoba,Montería,2024,9,Extorsión,5
Córdoba,Montería,2024,10,Hurto a personas,165
Córdoba,Montería,2024,10,Hurto a comercio,38
Córdoba,Montería,2024,10,Hurto de vehículos,27
Córdoba,Montería,2024,10,Lesiones personales,118
Córdoba,Montería,2024,10,Homicidio,8
Córdoba,Montería,2024,10,Violencia intrafamiliar,72
Córdoba,Montería,2024,10,Hurto a residencias,37
Córdoba,Montería,2024,10,Extorsión,6
Córdoba,Montería,2024,11,Hurto a personas,148
Córdoba,Montería,2024,11,Hurto a comercio,44
Córdoba,Montería,2024,11,Hurto de vehículos,32
Córdoba,Montería,2024,11,Lesiones personales,116
Córdoba,Montería,2024,11,Homicidio,7
Córdoba,Montería,2024,11,Violencia intrafamiliar,68
Córdoba,Montería,2024,11,Hurto a residencias,37
Córdoba,Montería,2024,11,Extorsión,6
Córdoba,Montería,2024,12,Hurto a personas,187
Córdoba,Montería,2024,12,Hurto a comercio,56
Córdoba,Montería,2024,12,Hurto de vehículos,31
Córdoba,Montería,2024,12,Lesiones personales,142
Córdoba,Montería,2024,12,Homicidio,9
Córdoba,Montería,2024,12,Violencia intrafamiliar,64
Córdoba,Montería,2024,12,Hurto a residencias,34
Córdoba,Montería,2024,12,Extorsión,5
Sucre,Sincelejo,2020,1,Hurto a personas,126
Sucre,Sincelejo,2020,1,Hurto a comercio,33
Sucre,Sincelejo,2020,1,Hurto de vehículos,18
Sucre,Sincelejo,2020,1,Lesiones personales,59
Sucre,Sincelejo,2020,1,Homicidio,6
Sucre,Sincelejo,2020,1,Violencia intrafamiliar,46
Sucre,Sincelejo,2020,1,Hurto a residencias,22
Sucre,Sincelejo,2020,1,Extorsión,4
Sucre,Sincelejo,2020,2,Hurto a personas,91
Sucre,Sincelejo,2020,2,Hurto a comercio,24
Sucre,Sincelejo,2020,2,Hurto de vehículos,21
Sucre,Sincelejo,2020,2,Lesiones personales,63
Sucre,Sincelejo,2020,2,Homicidio,5
Sucre,Sincelejo,2020,2,Violencia intrafamiliar,47
Sucre,Sincelejo,2020,2,Hurto a residencias,20
Sucre,Sincelejo,2020,2,Extorsión,4
Sucre,Sincelejo,2020,3,Hurto a personas,102
Sucre,Sincelejo,2020,3,Hurto a comercio,27
Sucre,Sincelejo,2020,3,Hurto de vehículos,17
Sucre,Sincelejo,2020,3,Lesiones personales,61
Sucre,Sincelejo,2020,3,Homicidio,5
Sucre,Sincelejo,2020,3,Violencia intrafamiliar,36
Sucre,Sincelejo,2020,3,Hurto a residencias,21
Sucre,Sincelejo,2020,3,Extorsión,3
Sucre,Sincelejo,2020,4,Hurto a personas,116
Sucre,Sincelejo,2020,4,Hurto a comercio,21
Sucre,Sincelejo,2020,4,Hurto de vehículos,21
Sucre,Sincelejo,2020,4,Lesiones personales,60
Sucre,Sincelejo,2020,4,Homicidio,6
Sucre,Sincelejo,2020,4,Violencia intrafamiliar,51
Sucre,Sincelejo,2020,4,Hurto a residencias,25
Sucre,Sincelejo,2020,4,Extorsión,3
Sucre,Sincelejo,2020,5,Hurto a personas,107
Sucre,Sincelejo,2020,5,Hurto a comercio,26
Sucre,Sincelejo,2020,5,Hurto de vehículos,16
Sucre,Sincelejo,2020,5,Lesiones personales,78
Sucre,Sincelejo,2020,5,Homicidio,6
Sucre,Sincelejo,2020,5,Violencia intrafamiliar,49
Sucre,Sincelejo,2020,5,Hurto a residencias,19
Sucre,Sincelejo,2020,5,Extorsión,3
Sucre,Sincelejo,2020,6,Hurto a personas,114
Sucre,Sincelejo,2020,6,Hurto a comercio,32
Sucre,Sincelejo,2020,6,Hurto de vehículos,18
Sucre,Sincelejo,2020,6,Lesiones personales,58
Sucre,Sincelejo,2020,6,Homicidio,6
Sucre,Sincelejo,2020,6,Violencia intrafamiliar,46
Sucre,Sincelejo,2020,6,Hurto a residencias,21
Sucre,Sincelejo,2020,6,Extorsión,3
Sucre,Sincelejo,2020,7,Hurto a personas,83
Sucre,Sincelejo,2020,7,Hurto a comercio,23
Sucre,Sincelejo,2020,7,Hurto de vehículos,16
Sucre,Sincelejo,2020,7,Lesiones personales,60
Sucre,Sincelejo,2020,7,Homicidio,5
Sucre,Sincelejo,2020,7,Violencia intrafamiliar,41
Sucre,Sincelejo,2020,7,Hurto a residencias,26
Sucre,Sincelejo,2020,7,Extorsión,2
Sucre,Sincelejo,2020,8,Hurto a personas,85
Sucre,Sincelejo,2020,8,Hurto a comercio,35
Sucre,Sincelejo,2020,8,Hurto de vehículos,18
Sucre,Sincelejo,2020,8,Lesiones personales,59
Sucre,Sincelejo,2020,8,Homicidio,6
Sucre,Sincelejo,2020,8,Violencia intrafamiliar,41
Sucre,Sincelejo,2020,8,Hurto a residencias,20
Sucre,Sincelejo,2020,8,Extorsión,3
Sucre,Sincelejo,2020,9,Hurto a personas,89
Sucre,Sincelejo,2020,9,Hurto a comercio,34
Sucre,Sincelejo,2020,9,Hurto de vehículos,17
Sucre,Sincelejo,2020,9,Lesiones personales,69
Sucre,Sincelejo,2020,9,Homicidio,5
Sucre,Sincelejo,2020,9,Violencia intrafamiliar,36
Sucre,Sincelejo,2020,9,Hurto a residencias,21
Sucre,Sincelejo,2020,9,Extorsión,3
Sucre,Sincelejo,2020,10,Hurto a personas,123
Sucre,Sincelejo,2020,10,Hurto a comercio,32
Sucre,Sincelejo,2020,10,Hurto de vehículos,21
Sucre,Sincelejo,2020,10,Lesiones personales,67
Sucre,Sincelejo,2020,10,Homicidio,5
Sucre,Sincelejo,2020,10,Violencia intrafamiliar,49
Sucre,Sincelejo,2020,10,Hurto a residencias,23
Sucre,Sincelejo,2020,10,Extorsión,3
Sucre,Sincelejo,2020,11,Hurto a personas,111
Sucre,Sincelejo,2020,11,Hurto a comercio,28
Sucre,Sincelejo,2020,11,Hurto de vehículos,21
Sucre,Sincelejo,2020,11,Lesiones personales,85
Sucre,Sincelejo,2020,11,Homicidio,6
Sucre,Sincelejo,2020,11,Violencia intrafamiliar,47
Sucre,Sincelejo,2020,11,Hurto a residencias,19
Sucre,Sincelejo,2020,11,Extorsión,4
Sucre,Sincelejo,2020,12,Hurto a personas,137
Sucre,Sincelejo,2020,12,Hurto a comercio,36
Sucre,Sincelejo,2020,12,Hurto de vehículos,18
Sucre,Sincelejo,2020,12,Lesiones personales,76
Sucre,Sincelejo,2020,12,Homicidio,6
Sucre,Sincelejo,2020,12,Violencia intrafamiliar,54
Sucre,Sincelejo,2020,12,Hurto a residencias,20
Sucre,Sincelejo,2020,12,Extorsión,4
Sucre,Sincelejo,2021,1,Hurto a personas,107
Sucre,Sincelejo,2021,1,Hurto a comercio,26
Sucre,Sincelejo,2021,1,Hurto de vehículos,17
Sucre,Sincelejo,2021,1,Lesiones personales,61
Sucre,Sincelejo,2021,1,Homicidio,6
Sucre,Sincelejo,2021,1,Violencia intrafamiliar,47
Sucre,Sincelejo,2021,1,Hurto a residencias,18
Sucre,Sincelejo,2021,1,Extorsión,3
Sucre,Sincelejo,2021,2,Hurto a personas,101
Sucre,Sincelejo,2021,2,Hurto a comercio,24
Sucre,Sincelejo,2021,2,Hurto de vehículos,18
Sucre,Sincelejo,2021,2,Lesiones personales,61
Sucre,Sincelejo,2021,2,Homicidio,4
Sucre,Sincelejo,2021,2,Violencia intrafamiliar,44
Sucre,Sincelejo,2021,2,Hurto a residencias,20
Sucre,Sincelejo,2021,2,Extorsión,4
Sucre,Sincelejo,2021,3,Hurto a personas,92
Sucre,Sincelejo,2021,3,Hurto a comercio,29
Sucre,Sincelejo,2021,3,Hurto de vehículos,20
Sucre,Sincelejo,2021,3,Lesiones personales,67
Sucre,Sincelejo,2021,3,Homicidio,5
Sucre,Sincelejo,2021,3,Violencia intrafamiliar,41
Sucre,Sincelejo,2021,3,Hurto a residencias,25
Sucre,Sincelejo,2021,3,Extorsión,3
Sucre,Sincelejo,2021,4,Hurto a personas,84
Sucre,Sincelejo,2021,4,Hurto a comercio,23
Sucre,Sincelejo,2021,4,Hurto de vehículos,21
Sucre,Sincelejo,2021,4,Lesiones personales,53
Sucre,Sincelejo,2021,4,Homicidio,4
Sucre,Sincelejo,2021,4,Violencia intrafamiliar,34
Sucre,Sincelejo,2021,4,Hurto a residencias,23
Sucre,Sincelejo,2021,4,Extorsión,3
Sucre,Sincelejo,2021,5,Hurto a personas,91
Sucre,Sincelejo,2021,5,Hurto a comercio,24
Sucre,Sincelejo,2021,5,Hurto de vehículos,18
Sucre,Sincelejo,2021,5,Lesiones personales,76
Sucre,Sincelejo,2021,5,Homicidio,6
Sucre,Sincelejo,2021,5,Violencia intrafamiliar,37
Sucre,Sincelejo,2021,5,Hurto a residencias,25
Sucre,Sincelejo,2021,5,Extorsión,3
Sucre,Sincelejo,2021,6,Hurto a personas,110
Sucre,Sincelejo,2021,6,Hurto a comercio,32
Sucre,Sincelejo,2021,6,Hurto de vehículos,23
Sucre,Sincelejo,2021,6,Lesiones personales,79
Sucre,Sincelejo,2021,6,Homicidio,7
Sucre,Sincelejo,2021,6,Violencia intrafamiliar,38
Sucre,Sincelejo,2021,6,Hurto a residencias,22
Sucre,Sincelejo,2021,6,Extorsión,3
Sucre,Sincelejo,2021,7,Hurto a personas,112
Sucre,Sincelejo,2021,7,Hurto a comercio,24
Sucre,Sincelejo,2021,7,Hurto de vehículos,21
Sucre,Sincelejo,2021,7,Lesiones personales,76
Sucre,Sincelejo,2021,7,Homicidio,6
Sucre,Sincelejo,2021,7,Violencia intrafamiliar,40
Sucre,Sincelejo,2021,7,Hurto a residencias,27
Sucre,Sincelejo,2021,7,Extorsión,2
Sucre,Sincelejo,2021,8,Hurto a personas,126
Sucre,Sincelejo,2021,8,Hurto a comercio,29
Sucre,Sincelejo,2021,8,Hurto de vehículos,17
Sucre,Sincelejo,2021,8,Lesiones personales,60
Sucre,Sincelejo,2021,8,Homicidio,6
Sucre,Sincelejo,2021,8,Violencia intrafamiliar,43
Sucre,Sincelejo,2021,8,Hurto a residencias,22
Sucre,Sincelejo,2021,8,Extorsión,2
Sucre,Sincelejo,2021,9,Hurto a personas,114
Sucre,Sincelejo,2021,9,Hurto a comercio,26
Sucre,Sincelejo,2021,9,Hurto de vehículos,18
Sucre,Sincelejo,2021,9,Lesiones personales,57
Sucre,Sincelejo,2021,9,Homicidio,5
Sucre,Sincelejo,2021,9,Violencia intrafamiliar,46
Sucre,Sincelejo,2021,9,Hurto a residencias,20
Sucre,Sincelejo,2021,9,Extorsión,3
Sucre,Sincelejo,2021,10,Hurto a personas,111
Sucre,Sincelejo,2021,10,Hurto a comercio,27
Sucre,Sincelejo,2021,10,Hurto de vehículos,20
Sucre,Sincelejo,2021,10,Lesiones personales,53
Sucre,Sincelejo,2021,10,Homicidio,4
Sucre,Sincelejo,2021,10,Violencia intrafamiliar,43
Sucre,Sincelejo,2021,10,Hurto a residencias,17
Sucre,Sincelejo,2021,10,Extorsión,4
Sucre,Sincelejo,2021,11,Hurto a personas,83
Sucre,Sincelejo,2021,11,Hurto a comercio,32
Sucre,Sincelejo,2021,11,Hurto de vehículos,18
Sucre,Sincelejo,2021,11,Lesiones personales,71
Sucre,Sincelejo,2021,11,Homicidio,6
Sucre,Sincelejo,2021,11,Violencia intrafamiliar,43
Sucre,Sincelejo,2021,11,Hurto a residencias,23
Sucre,Sincelejo,2021,11,Extorsión,4
Sucre,Sincelejo,2021,12,Hurto a personas,120
Sucre,Sincelejo,2021,12,Hurto a comercio,29
Sucre,Sincelejo,2021,12,Hurto de vehículos,19
Sucre,Sincelejo,2021,12,Lesiones personales,78
Sucre,Sincelejo,2021,12,Homicidio,6
Sucre,Sincelejo,2021,12,Violencia intrafamiliar,55
Sucre,Sincelejo,2021,12,Hurto a residencias,27
Sucre,Sincelejo,2021,12,Extorsión,3
Sucre,Sincelejo,2022,1,Hurto a personas,120
Sucre,Sincelejo,2022,1,Hurto a comercio,29
Sucre,Sincelejo,2022,1,Hurto de vehículos,20
Sucre,Sincelejo,2022,1,Lesiones personales,76
Sucre,Sincelejo,2022,1,Homicidio,5
Sucre,Sincelejo,2022,1,Violencia intrafamiliar,48
Sucre,Sincelejo,2022,1,Hurto a residencias,24
Sucre,Sincelejo,2022,1,Extorsión,4
Sucre,Sincelejo,2022,2,Hurto a personas,110
Sucre,Sincelejo,2022,2,Hurto a comercio,29
Sucre,Sincelejo,2022,2,Hurto de vehículos,19
Sucre,Sincelejo,2022,2,Lesiones personales,55
Sucre,Sincelejo,2022,2,Homicidio,4
Sucre,Sincelejo,2022,2,Violencia intrafamiliar,46
Sucre,Sincelejo,2022,2,Hurto a residencias,18
Sucre,Sincelejo,2022,2,Extorsión,3
Sucre,Sincelejo,2022,3,Hurto a personas,88
Sucre,Sincelejo,2022,3,Hurto a comercio,33
Sucre,Sincelejo,2022,3,Hurto de vehículos,18
Sucre,Sincelejo,2022,3,Lesiones personales,53
Sucre,Sincelejo,2022,3,Homicidio,4
Sucre,Sincelejo,2022,3,Violencia intrafamiliar,30
Sucre,Sincelejo,2022,3,Hurto a residencias,23
Sucre,Sincelejo,2022,3,Extorsión,3
Sucre,Sincelejo,2022,4,Hurto a personas,93
Sucre,Sincelejo,2022,4,Hurto a comercio,28
Sucre,Sincelejo,2022,4,Hurto de vehículos,20
Sucre,Sincelejo,2022,4,Lesiones personales,75
Sucre,Sincelejo,2022,4,Homicidio,5
Sucre,Sincelejo,2022,4,Violencia intrafamiliar,35
Sucre,Sincelejo,2022,4,Hurto a residencias,27
Sucre,Sincelejo,2022,4,Extorsión,3
Sucre,Sincelejo,2022,5,Hurto a personas,89
Sucre,Sincelejo,2022,5,Hurto a comercio,27
Sucre,Sincelejo,2022,5,Hurto de vehículos,14
Sucre,Sincelejo,2022,5,Lesiones personales,70
Sucre,Sincelejo,2022,5,Homicidio,5
Sucre,Sincelejo,2022,5,Violencia intrafamiliar,48
Sucre,Sincelejo,2022,5,Hurto a residencias,20
Sucre,Sincelejo,2022,5,Extorsión,3
Sucre,Sincelejo,2022,6,Hurto a personas,125
Sucre,Sincelejo,2022,6,Hurto a comercio,30
Sucre,Sincelejo,2022,6,Hurto de vehículos,23
Sucre,Sincelejo,2022,6,Lesiones personales,69
Sucre,Sincelejo,2022,6,Homicidio,4
Sucre,Sincelejo,2022,6,Violencia intrafamiliar,38
Sucre,Sincelejo,2022,6,Hurto a residencias,22
Sucre,Sincelejo,2022,6,Extorsión,4
Sucre,Sincelejo,2022,7,Hurto a personas,97
Sucre,Sincelejo,2022,7,Hurto a comercio,19
Sucre,Sincelejo,2022,7,Hurto de vehículos,22
Sucre,Sincelejo,2022,7,Lesiones personales,65
Sucre,Sincelejo,2022,7,Homicidio,4
Sucre,Sincelejo,2022,7,Violencia intrafamiliar,31
Sucre,Sincelejo,2022,7,Hurto a residencias,23
Sucre,Sincelejo,2022,7,Extorsión,3
Sucre,Sincelejo,2022,8,Hurto a personas,102
Sucre,Sincelejo,2022,8,Hurto a comercio,20
Sucre,Sincelejo,2022,8,Hurto de vehículos,20
Sucre,Sincelejo,2022,8,Lesiones personales,67
Sucre,Sincelejo,2022,8,Homicidio,5
Sucre,Sincelejo,2022,8,Violencia intrafamiliar,31
Sucre,Sincelejo,2022,8,Hurto a residencias,20
Sucre,Sincelejo,2022,8,Extorsión,3
Sucre,Sincelejo,2022,9,Hurto a personas,97
Sucre,Sincelejo,2022,9,Hurto a comercio,21
Sucre,Sincelejo,2022,9,Hurto de vehículos,17
Sucre,Sincelejo,2022,9,Lesiones personales,60
Sucre,Sincelejo,2022,9,Homicidio,4
Sucre,Sincelejo,2022,9,Violencia intrafamiliar,50
Sucre,Sincelejo,2022,9,Hurto a residencias,22
Sucre,Sincelejo,2022,9,Extorsión,3
Sucre,Sincelejo,2022,10,Hurto a personas,114
Sucre,Sincelejo,2022,10,Hurto a comercio,28
Sucre,Sincelejo,2022,10,Hurto de vehículos,18
Sucre,Sincelejo,2022,10,Lesiones personales,76
Sucre,Sincelejo,2022,10,Homicidio,5
Sucre,Sincelejo,2022,10,Violencia intrafamiliar,50
Sucre,Sincelejo,2022,10,Hurto a residencias,24
Sucre,Sincelejo,2022,10,Extorsión,3
Sucre,Sincelejo,2022,11,Hurto a personas,86
Sucre,Sincelejo,2022,11,Hurto a comercio,24
Sucre,Sincelejo,2022,11,Hurto de vehículos,18
Sucre,Sincelejo,2022,11,Lesiones personales,50
Sucre,Sincelejo,2022,11,Homicidio,5
Sucre,Sincelejo,2022,11,Violencia intrafamiliar,35
Sucre,Sincelejo,2022,11,Hurto a residencias,22
Sucre,Sincelejo,2022,11,Extorsión,2
Sucre,Sincelejo,2022,12,Hurto a personas,116
Sucre,Sincelejo,2022,12,Hurto a comercio,36
Sucre,Sincelejo,2022,12,Hurto de vehículos,23
Sucre,Sincelejo,2022,12,Lesiones personales,73
Sucre,Sincelejo,2022,12,Homicidio,6
Sucre,Sincelejo,2022,12,Violencia intrafamiliar,50
Sucre,Sincelejo,2022,12,Hurto a residencias,27
Sucre,Sincelejo,2022,12,Extorsión,3
Sucre,Sincelejo,2023,1,Hurto a personas,90
Sucre,Sincelejo,2023,1,Hurto a comercio,30
Sucre,Sincelejo,2023,1,Hurto de vehículos,16
Sucre,Sincelejo,2023,1,Lesiones personales,66
Sucre,Sincelejo,2023,1,Homicidio,6
Sucre,Sincelejo,2023,1,Violencia intrafamiliar,44
Sucre,Sincelejo,2023,1,Hurto a residencias,20
Sucre,Sincelejo,2023,1,Extorsión,3
Sucre,Sincelejo,2023,2,Hurto a personas,106
Sucre,Sincelejo,2023,2,Hurto a comercio,26
Sucre,Sincelejo,2023,2,Hurto de vehículos,16
Sucre,Sincelejo,2023,2,Lesiones personales,65
Sucre,Sincelejo,2023,2,Homicidio,5
Sucre,Sincelejo,2023,2,Violencia intrafamiliar,38
Sucre,Sincelejo,2023,2,Hurto a residencias,22
Sucre,Sincelejo,2023,2,Extorsión,3
Sucre,Sincelejo,2023,3,Hurto a personas,87
Sucre,Sincelejo,2023,3,Hurto a comercio,27
Sucre,Sincelejo,2023,3,Hurto de vehículos,20
Sucre,Sincelejo,2023,3,Lesiones personales,58
Sucre,Sincelejo,2023,3,Homicidio,5
Sucre,Sincelejo,2023,3,Violencia intrafamiliar,44
Sucre,Sincelejo,2023,3,Hurto a residencias,18
Sucre,Sincelejo,2023,3,Extorsión,2
Sucre,Sincelejo,2023,4,Hurto a personas,97
Sucre,Sincelejo,2023,4,Hurto a comercio,23
Sucre,Sincelejo,2023,4,Hurto de vehículos,14
Sucre,Sincelejo,2023,4,Lesiones personales,55
Sucre,Sincelejo,2023,4,Homicidio,4
Sucre,Sincelejo,2023,4,Violencia intrafamiliar,31
Sucre,Sincelejo,2023,4,Hurto a residencias,17
Sucre,Sincelejo,2023,4,Extorsión,2
Sucre,Sincelejo,2023,5,Hurto a personas,100
Sucre,Sincelejo,2023,5,Hurto a comercio,22
Sucre,Sincelejo,2023,5,Hurto de vehículos,17
Sucre,Sincelejo,2023,5,Lesiones personales,57
Sucre,Sincelejo,2023,5,Homicidio,4
Sucre,Sincelejo,2023,5,Violencia intrafamiliar,34
Sucre,Sincelejo,2023,5,Hurto a residencias,21
Sucre,Sincelejo,2023,5,Extorsión,3
Sucre,Sincelejo,2023,6,Hurto a personas,124
Sucre,Sincelejo,2023,6,Hurto a comercio,26
Sucre,Sincelejo,2023,6,Hurto de vehículos,17
Sucre,Sincelejo,2023,6,Lesiones personales,66
Sucre,Sincelejo,2023,6,Homicidio,6
Sucre,Sincelejo,2023,6,Violencia intrafamiliar,42
Sucre,Sincelejo,2023,6,Hurto a residencias,21
Sucre,Sincelejo,2023,6,Extorsión,3
Sucre,Sincelejo,2023,7,Hurto a personas,83
Sucre,Sincelejo,2023,7,Hurto a comercio,22
Sucre,Sincelejo,2023,7,Hurto de vehículos,16
Sucre,Sincelejo,2023,7,Lesiones personales,49
Sucre,Sincelejo,2023,7,Homicidio,5
Sucre,Sincelejo,2023,7,Violencia intrafamiliar,43
Sucre,Sincelejo,2023,7,Hurto a residencias,22
Sucre,Sincelejo,2023,7,Extorsión,3
Sucre,Sincelejo,2023,8,Hurto a personas,88
Sucre,Sincelejo,2023,8,Hurto a comercio,27
Sucre,Sincelejo,2023,8,Hurto de vehículos,16
Sucre,Sincelejo,2023,8,Lesiones personales,56
Sucre,Sincelejo,2023,8,Homicidio,4
Sucre,Sincelejo,2023,8,Violencia intrafamiliar,36
Sucre,Sincelejo,2023,8,Hurto a residencias,18
Sucre,Sincelejo,2023,8,Extorsión,3
Sucre,Sincelejo,2023,9,Hurto a personas,116
Sucre,Sincelejo,2023,9,Hurto a comercio,22
Sucre,Sincelejo,2023,9,Hurto de vehículos,19
Sucre,Sincelejo,2023,9,Lesiones personales,49
Sucre,Sincelejo,2023,9,Homicidio,4
Sucre,Sincelejo,2023,9,Violencia intrafamiliar,48
Sucre,Sincelejo,2023,9,Hurto a residencias,18
Sucre,Sincelejo,2023,9,Extorsión,2
Sucre,Sincelejo,2023,10,Hurto a personas,97
Sucre,Sincelejo,2023,10,Hurto a comercio,28
Sucre,Sincelejo,2023,10,Hurto de vehículos,21
Sucre,Sincelejo,2023,10,Lesiones personales,70
Sucre,Sincelejo,2023,10,Homicidio,6
Sucre,Sincelejo,2023,10,Violencia intrafamiliar,32
Sucre,Sincelejo,2023,10,Hurto a residencias,20
Sucre,Sincelejo,2023,10,Extorsión,3
Sucre,Sincelejo,2023,11,Hurto a personas,87
Sucre,Sincelejo,2023,11,Hurto a comercio,21
Sucre,Sincelejo,2023,11,Hurto de vehículos,15
Sucre,Sincelejo,2023,11,Lesiones personales,64
Sucre,Sincelejo,2023,11,Homicidio,4
Sucre,Sincelejo,2023,11,Violencia intrafamiliar,31
Sucre,Sincelejo,2023,11,Hurto a residencias,21
Sucre,Sincelejo,2023,11,Extorsión,3
Sucre,Sincelejo,2023,12,Hurto a personas,111
Sucre,Sincelejo,2023,12,Hurto a comercio,31
Sucre,Sincelejo,2023,12,Hurto de vehículos,20
Sucre,Sincelejo,2023,12,Lesiones personales,68
Sucre,Sincelejo,2023,12,Homicidio,5
Sucre,Sincelejo,2023,12,Violencia intrafamiliar,48
Sucre,Sincelejo,2023,12,Hurto a residencias,28
Sucre,Sincelejo,2023,12,Extorsión,3
Sucre,Sincelejo,2024,1,Hurto a personas,100
Sucre,Sincelejo,2024,1,Hurto a comercio,27
Sucre,Sincelejo,2024,1,Hurto de vehículos,19
Sucre,Sincelejo,2024,1,Lesiones personales,73
Sucre,Sincelejo,2024,1,Homicidio,6
Sucre,Sincelejo,2024,1,Violencia intrafamiliar,46
Sucre,Sincelejo,2024,1,Hurto a residencias,22
Sucre,Sincelejo,2024,1,Extorsión,3
Sucre,Sincelejo,2024,2,Hurto a personas,120
Sucre,Sincelejo,2024,2,Hurto a comercio,24
Sucre,Sincelejo,2024,2,Hurto de vehículos,16
Sucre,Sincelejo,2024,2,Lesiones personales,72
Sucre,Sincelejo,2024,2,Homicidio,4
Sucre,Sincelejo,2024,2,Violencia intrafamiliar,40
Sucre,Sincelejo,2024,2,Hurto a residencias,21
Sucre,Sincelejo,2024,2,Extorsión,2
Sucre,Sincelejo,2024,3,Hurto a personas,92
Sucre,Sincelejo,2024,3,Hurto a comercio,27
Sucre,Sincelejo,2024,3,Hurto de vehículos,18
Sucre,Sincelejo,2024,3,Lesiones personales,60
Sucre,Sincelejo,2024,3,Homicidio,5
Sucre,Sincelejo,2024,3,Violencia intrafamiliar,40
Sucre,Sincelejo,2024,3,Hurto a residencias,18
Sucre,Sincelejo,2024,3,Extorsión,3
Sucre,Sincelejo,2024,4,Hurto a personas,79
Sucre,Sincelejo,2024,4,Hurto a comercio,22
Sucre,Sincelejo,2024,4,Hurto de vehículos,20
Sucre,Sincelejo,2024,4,Lesiones personales,62
Sucre,Sincelejo,2024,4,Homicidio,4
Sucre,Sincelejo,2024,4,Violencia intrafamiliar,36
Sucre,Sincelejo,2024,4,Hurto a residencias,20
Sucre,Sincelejo,2024,4,Extorsión,3
Sucre,Sincelejo,2024,5,Hurto a personas,89
Sucre,Sincelejo,2024,5,Hurto a comercio,20
Sucre,Sincelejo,2024,5,Hurto de vehículos,21
Sucre,Sincelejo,2024,5,Lesiones personales,58
Sucre,Sincelejo,2024,5,Homicidio,4
Sucre,Sincelejo,2024,5,Violencia intrafamiliar,29
Sucre,Sincelejo,2024,5,Hurto a residencias,20
Sucre,Sincelejo,2024,5,Extorsión,2
Sucre,Sincelejo,2024,6,Hurto a personas,84
Sucre,Sincelejo,2024,6,Hurto a comercio,29
Sucre,Sincelejo,2024,6,Hurto de vehículos,18
Sucre,Sincelejo,2024,6,Lesiones personales,68
Sucre,Sincelejo,2024,6,Homicidio,5
Sucre,Sincelejo,2024,6,Violencia intrafamiliar,33
Sucre,Sincelejo,2024,6,Hurto a residencias,21
Sucre,Sincelejo,2024,6,Extorsión,3
Sucre,Sincelejo,2024,7,Hurto a personas,108
Sucre,Sincelejo,2024,7,Hurto a comercio,24
Sucre,Sincelejo,2024,7,Hurto de vehículos,14
Sucre,Sincelejo,2024,7,Lesiones personales,50
Sucre,Sincelejo,2024,7,Homicidio,4
Sucre,Sincelejo,2024,7,Violencia intrafamiliar,35
Sucre,Sincelejo,2024,7,Hurto a residencias,18
Sucre,Sincelejo,2024,7,Extorsión,3
Sucre,Sincelejo,2024,8,Hurto a personas,100
Sucre,Sincelejo,2024,8,Hurto a comercio,29
Sucre,Sincelejo,2024,8,Hurto de vehículos,14
Sucre,Sincelejo,2024,8,Lesiones personales,57
Sucre,Sincelejo,2024,8,Homicidio,3
Sucre,Sincelejo,2024,8,Violencia intrafamiliar,45
Sucre,Sincelejo,2024,8,Hurto a residencias,18
Sucre,Sincelejo,2024,8,Extorsión,3
Sucre,Sincelejo,2024,9,Hurto a personas,109
Sucre,Sincelejo,2024,9,Hurto a comercio,23
Sucre,Sincelejo,2024,9,Hurto de vehículos,16
Sucre,Sincelejo,2024,9,Lesiones personales,62
Sucre,Sincelejo,2024,9,Homicidio,4
Sucre,Sincelejo,2024,9,Violencia intrafamiliar,37
Sucre,Sincelejo,2024,9,Hurto a residencias,18
Sucre,Sincelejo,2024,9,Extorsión,2
Sucre,Sincelejo,2024,10,Hurto a personas,85
Sucre,Sincelejo,2024,10,Hurto a comercio,29
Sucre,Sincelejo,2024,10,Hurto de vehículos,18
Sucre,Sincelejo,2024,10,Lesiones personales,66
Sucre,Sincelejo,2024,10,Homicidio,4
Sucre,Sincelejo,2024,10,Violencia intrafamiliar,30
Sucre,Sincelejo,2024,10,Hurto a residencias,20
Sucre,Sincelejo,2024,10,Extorsión,2
Sucre,Sincelejo,2024,11,Hurto a personas,88
Sucre,Sincelejo,2024,11,Hurto a comercio,27
Sucre,Sincelejo,2024,11,Hurto de vehículos,14
Sucre,Sincelejo,2024,11,Lesiones personales,51
Sucre,Sincelejo,2024,11,Homicidio,5
Sucre,Sincelejo,2024,11,Violencia intrafamiliar,47
Sucre,Sincelejo,2024,11,Hurto a residencias,16
Sucre,Sincelejo,2024,11,Extorsión,2
Sucre,Sincelejo,2024,12,Hurto a personas,115
Sucre,Sincelejo,2024,12,Hurto a comercio,31
Sucre,Sincelejo,2024,12,Hurto de vehículos,16
Sucre,Sincelejo,2024,12,Lesiones personales,77
Sucre,Sincelejo,2024,12,Homicidio,5
Sucre,Sincelejo,2024,12,Violencia intrafamiliar,51
Sucre,Sincelejo,2024,12,Hurto a residencias,19
Sucre,Sincelejo,2024,12,Extorsión,2
Boyacá,Tunja,2020,1,Hurto a personas,47
Boyacá,Tunja,2020,1,Hurto a comercio,12
Boyacá,Tunja,2020,1,Hurto de vehículos,9
Boyacá,Tunja,2020,1,Lesiones personales,26
Boyacá,Tunja,2020,1,Homicidio,2
Boyacá,Tunja,2020,1,Violencia intrafamiliar,16
Boyacá,Tunja,2020,1,Hurto a residencias,7
Boyacá,Tunja,2020,1,Extorsión,1
Boyacá,Tunja,2020,2,Hurto a personas,45
Boyacá,Tunja,2020,2,Hurto a comercio,12
Boyacá,Tunja,2020,2,Hurto de vehículos,9
Boyacá,Tunja,2020,2,Lesiones personales,29
Boyacá,Tunja,2020,2,Homicidio,2
Boyacá,Tunja,2020,2,Violencia intrafamiliar,20
Boyacá,Tunja,2020,2,Hurto a residencias,8
Boyacá,Tunja,2020,2,Extorsión,1
Boyacá,Tunja,2020,3,Hurto a personas,40
Boyacá,Tunja,2020,3,Hurto a comercio,13
Boyacá,Tunja,2020,3,Hurto de vehículos,9
Boyacá,Tunja,2020,3,Lesiones personales,30
Boyacá,Tunja,2020,3,Homicidio,2
Boyacá,Tunja,2020,3,Violencia intrafamiliar,16
Boyacá,Tunja,2020,3,Hurto a residencias,8
Boyacá,Tunja,2020,3,Extorsión,1
Boyacá,Tunja,2020,4,Hurto a personas,44
Boyacá,Tunja,2020,4,Hurto a comercio,12
Boyacá,Tunja,2020,4,Hurto de vehículos,8
Boyacá,Tunja,2020,4,Lesiones personales,23
Boyacá,Tunja,2020,4,Homicidio,2
Boyacá,Tunja,2020,4,Violencia intrafamiliar,20
Boyacá,Tunja,2020,4,Hurto a residencias,9
Boyacá,Tunja,2020,4,Extorsión,1
Boyacá,Tunja,2020,5,Hurto a personas,44
Boyacá,Tunja,2020,5,Hurto a comercio,13
Boyacá,Tunja,2020,5,Hurto de vehículos,6
Boyacá,Tunja,2020,5,Lesiones personales,32
Boyacá,Tunja,2020,5,Homicidio,2
Boyacá,Tunja,2020,5,Violencia intrafamiliar,15
Boyacá,Tunja,2020,5,Hurto a residencias,10
Boyacá,Tunja,2020,5,Extorsión,1
Boyacá,Tunja,2020,6,Hurto a personas,53
Boyacá,Tunja,2020,6,Hurto a comercio,14
Boyacá,Tunja,2020,6,Hurto de vehículos,8
Boyacá,Tunja,2020,6,Lesiones personales,28
Boyacá,Tunja,2020,6,Homicidio,2
Boyacá,Tunja,2020,6,Violencia intrafamiliar,21
Boyacá,Tunja,2020,6,Hurto a residencias,10
Boyacá,Tunja,2020,6,Extorsión,1
Boyacá,Tunja,2020,7,Hurto a personas,43
Boyacá,Tunja,2020,7,Hurto a comercio,13
Boyacá,Tunja,2020,7,Hurto de vehículos,8
Boyacá,Tunja,2020,7,Lesiones personales,25
Boyacá,Tunja,2020,7,Homicidio,1
Boyacá,Tunja,2020,7,Violencia intrafamiliar,14
Boyacá,Tunja,2020,7,Hurto a residencias,8
Boyacá,Tunja,2020,7,Extorsión,1
Boyacá,Tunja,2020,8,Hurto a personas,42
Boyacá,Tunja,2020,8,Hurto a comercio,14
Boyacá,Tunja,2020,8,Hurto de vehículos,9
Boyacá,Tunja,2020,8,Lesiones personales,24
Boyacá,Tunja,2020,8,Homicidio,2
Boyacá,Tunja,2020,8,Violencia intrafamiliar,15
Boyacá,Tunja,2020,8,Hurto a residencias,9
Boyacá,Tunja,2020,8,Extorsión,1
Boyacá,Tunja,2020,9,Hurto a personas,50
Boyacá,Tunja,2020,9,Hurto a comercio,10
Boyacá,Tunja,2020,9,Hurto de vehículos,8
Boyacá,Tunja,2020,9,Lesiones personales,21
Boyacá,Tunja,2020,9,Homicidio,2
Boyacá,Tunja,2020,9,Violencia intrafamiliar,15
Boyacá,Tunja,2020,9,Hurto a residencias,8
Boyacá,Tunja,2020,9,Extorsión,1
Boyacá,Tunja,2020,10,Hurto a personas,36
Boyacá,Tunja,2020,10,Hurto a comercio,10
Boyacá,Tunja,2020,10,Hurto de vehículos,8
Boyacá,Tunja,2020,10,Lesiones personales,23
Boyacá,Tunja,2020,10,Homicidio,2
Boyacá,Tunja,2020,10,Violencia intrafamiliar,16
Boyacá,Tunja,2020,10,Hurto a residencias,8
Boyacá,Tunja,2020,10,Extorsión,1
Boyacá,Tunja,2020,11,Hurto a personas,41
Boyacá,Tunja,2020,11,Hurto a comercio,10
Boyacá,Tunja,2020,11,Hurto de vehículos,7
Boyacá,Tunja,2020,11,Lesiones personales,30
Boyacá,Tunja,2020,11,Homicidio,1
Boyacá,Tunja,2020,11,Violencia intrafamiliar,14
Boyacá,Tunja,2020,11,Hurto a residencias,10
Boyacá,Tunja,2020,11,Extorsión,1
Boyacá,Tunja,2020,12,Hurto a personas,42
Boyacá,Tunja,2020,12,Hurto a comercio,13
Boyacá,Tunja,2020,12,Hurto de vehículos,10
Boyacá,Tunja,2020,12,Lesiones personales,26
Boyacá,Tunja,2020,12,Homicidio,2
Boyacá,Tunja,2020,12,Violencia intrafamiliar,17
Boyacá,Tunja,2020,12,Hurto a residencias,8
Boyacá,Tunja,2020,12,Extorsión,1
Boyacá,Tunja,2021,1,Hurto a personas,39
Boyacá,Tunja,2021,1,Hurto a comercio,14
Boyacá,Tunja,2021,1,Hurto de vehículos,7
Boyacá,Tunja,2021,1,Lesiones personales,27
Boyacá,Tunja,2021,1,Homicidio,2
Boyacá,Tunja,2021,1,Violencia intrafamiliar,17
Boyacá,Tunja,2021,1,Hurto a residencias,8
Boyacá,Tunja,2021,1,Extorsión,1
Boyacá,Tunja,2021,2,Hurto a personas,34
Boyacá,Tunja,2021,2,Hurto a comercio,13
Boyacá,Tunja,2021,2,Hurto de vehículos,6
Boyacá,Tunja,2021,2,Lesiones personales,29
Boyacá,Tunja,2021,2,Homicidio,2
Boyacá,Tunja,2021,2,Violencia intrafamiliar,14
Boyacá,Tunja,2021,2,Hurto a residencias,8
Boyacá,Tunja,2021,2,Extorsión,1
Boyacá,Tunja,2021,3,Hurto a personas,34
Boyacá,Tunja,2021,3,Hurto a comercio,12
Boyacá,Tunja,2021,3,Hurto de vehículos,6
Boyacá,Tunja,2021,3,Lesiones personales,28
Boyacá,Tunja,2021,3,Homicidio,2
Boyacá,Tunja,2021,3,Violencia intrafamiliar,14
Boyacá,Tunja,2021,3,Hurto a residencias,7
Boyacá,Tunja,2021,3,Extorsión,1
Boyacá,Tunja,2021,4,Hurto a personas,37
Boyacá,Tunja,2021,4,Hurto a comercio,11
Boyacá,Tunja,2021,4,Hurto de vehículos,8
Boyacá,Tunja,2021,4,Lesiones personales,25
Boyacá,Tunja,2021,4,Homicidio,2
Boyacá,Tunja,2021,4,Violencia intrafamiliar,17
Boyacá,Tunja,2021,4,Hurto a residencias,9
Boyacá,Tunja,2021,4,Extorsión,1
Boyacá,Tunja,2021,5,Hurto a personas,43
Boyacá,Tunja,2021,5,Hurto a comercio,14
Boyacá,Tunja,2021,5,Hurto de vehículos,8
Boyacá,Tunja,2021,5,Lesiones personales,25
Boyacá,Tunja,2021,5,Homicidio,1
Boyacá,Tunja,2021,5,Violencia intrafamiliar,17
Boyacá,Tunja,2021,5,Hurto a residencias,7
Boyacá,Tunja,2021,5,Extorsión,1
Boyacá,Tunja,2021,6,Hurto a personas,48
Boyacá,Tunja,2021,6,Hurto a comercio,10
Boyacá,Tunja,2021,6,Hurto de vehículos,7
Boyacá,Tunja,2021,6,Lesiones personales,30
Boyacá,Tunja,2021,6,Homicidio,2
Boyacá,Tunja,2021,6,Violencia intrafamiliar,15
Boyacá,Tunja,2021,6,Hurto a residencias,9
Boyacá,Tunja,2021,6,Extorsión,1
Boyacá,Tunja,2021,7,Hurto a personas,41
Boyacá,Tunja,2021,7,Hurto a comercio,10
Boyacá,Tunja,2021,7,Hurto de vehículos,8
Boyacá,Tunja,2021,7,Lesiones personales,27
Boyacá,Tunja,2021,7,Homicidio,2
Boyacá,Tunja,2021,7,Violencia intrafamiliar,17
Boyacá,Tunja,2021,7,Hurto a residencias,9
Boyacá,Tunja,2021,7,Extorsión,1
Boyacá,Tunja,2021,8,Hurto a personas,36
Boyacá,Tunja,2021,8,Hurto a comercio,11
Boyacá,Tunja,2021,8,Hurto de vehículos,7
Boyacá,Tunja,2021,8,Lesiones personales,21
Boyacá,Tunja,2021,8,Homicidio,2
Boyacá,Tunja,2021,8,Violencia intrafamiliar,14
Boyacá,Tunja,2021,8,Hurto a residencias,10
Boyacá,Tunja,2021,8,Extorsión,1
Boyacá,Tunja,2021,9,Hurto a personas,48
Boyacá,Tunja,2021,9,Hurto a comercio,14
Boyacá,Tunja,2021,9,Hurto de vehículos,6
Boyacá,Tunja,2021,9,Lesiones personales,28
Boyacá,Tunja,2021,9,Homicidio,2
Boyacá,Tunja,2021,9,Violencia intrafamiliar,15
Boyacá,Tunja,2021,9,Hurto a residencias,8
Boyacá,Tunja,2021,9,Extorsión,1
Boyacá,Tunja,2021,10,Hurto a personas,48
Boyacá,Tunja,2021,10,Hurto a comercio,12
Boyacá,Tunja,2021,10,Hurto de vehículos,8
Boyacá,Tunja,2021,10,Lesiones personales,30
Boyacá,Tunja,2021,10,Homicidio,2
Boyacá,Tunja,2021,10,Violencia intrafamiliar,14
Boyacá,Tunja,2021,10,Hurto a residencias,10
Boyacá,Tunja,2021,10,Extorsión,1
Boyacá,Tunja,2021,11,Hurto a personas,38
Boyacá,Tunja,2021,11,Hurto a comercio,13
Boyacá,Tunja,2021,11,Hurto de vehículos,8
Boyacá,Tunja,2021,11,Lesiones personales,27
Boyacá,Tunja,2021,11,Homicidio,1
Boyacá,Tunja,2021,11,Violencia intrafamiliar,14
Boyacá,Tunja,2021,11,Hurto a residencias,9
Boyacá,Tunja,2021,11,Extorsión,1
Boyacá,Tunja,2021,12,Hurto a personas,47
Boyacá,Tunja,2021,12,Hurto a comercio,11
Boyacá,Tunja,2021,12,Hurto de vehículos,9
Boyacá,Tunja,2021,12,Lesiones personales,33
Boyacá,Tunja,2021,12,Homicidio,2
Boyacá,Tunja,2021,12,Violencia intrafamiliar,19
Boyacá,Tunja,2021,12,Hurto a residencias,11
Boyacá,Tunja,2021,12,Extorsión,1
Boyacá,Tunja,2022,1,Hurto a personas,35
Boyacá,Tunja,2022,1,Hurto a comercio,11
Boyacá,Tunja,2022,1,Hurto de vehículos,7
Boyacá,Tunja,2022,1,Lesiones personales,30
Boyacá,Tunja,2022,1,Homicidio,1
Boyacá,Tunja,2022,1,Violencia intrafamiliar,19
Boyacá,Tunja,2022,1,Hurto a residencias,10
Boyacá,Tunja,2022,1,Extorsión,1
Boyacá,Tunja,2022,2,Hurto a personas,34
Boyacá,Tunja,2022,2,Hurto a comercio,9
Boyacá,Tunja,2022,2,Hurto de vehículos,6
Boyacá,Tunja,2022,2,Lesiones personales,29
Boyacá,Tunja,2022,2,Homicidio,2
Boyacá,Tunja,2022,2,Violencia intrafamiliar,15
Boyacá,Tunja,2022,2,Hurto a residencias,8
Boyacá,Tunja,2022,2,Extorsión,1
Boyacá,Tunja,2022,3,Hurto a personas,36
Boyacá,Tunja,2022,3,Hurto a comercio,9
Boyacá,Tunja,2022,3,Hurto de vehículos,6
Boyacá,Tunja,2022,3,Lesiones personales,22
Boyacá,Tunja,2022,3,Homicidio,2
Boyacá,Tunja,2022,3,Violencia intrafamiliar,17
Boyacá,Tunja,2022,3,Hurto a residencias,10
Boyacá,Tunja,2022,3,Extorsión,1
Boyacá,Tunja,2022,4,Hurto a personas,40
Boyacá,Tunja,2022,4,Hurto a comercio,12
Boyacá,Tunja,2022,4,Hurto de vehículos,8
Boyacá,Tunja,2022,4,Lesiones personales,30
Boyacá,Tunja,2022,4,Homicidio,2
Boyacá,Tunja,2022,4,Violencia intrafamiliar,12
Boyacá,Tunja,2022,4,Hurto a residencias,7
Boyacá,Tunja,2022,4,Extorsión,1
Boyacá,Tunja,2022,5,Hurto a personas,36
Boyacá,Tunja,2022,5,Hurto a comercio,9
Boyacá,Tunja,2022,5,Hurto de vehículos,6
Boyacá,Tunja,2022,5,Lesiones personales,22
Boyacá,Tunja,2022,5,Homicidio,2
Boyacá,Tunja,2022,5,Violencia intrafamiliar,18
Boyacá,Tunja,2022,5,Hurto a residencias,6
Boyacá,Tunja,2022,5,Extorsión,1
Boyacá,Tunja,2022,6,Hurto a personas,50
Boyacá,Tunja,2022,6,Hurto a comercio,11
Boyacá,Tunja,2022,6,Hurto de vehículos,8
Boyacá,Tunja,2022,6,Lesiones personales,28
Boyacá,Tunja,2022,6,Homicidio,1
Boyacá,Tunja,2022,6,Violencia intrafamiliar,14
Boyacá,Tunja,2022,6,Hurto a residencias,9
Boyacá,Tunja,2022,6,Extorsión,1
Boyacá,Tunja,2022,7,Hurto a personas,46
Boyacá,Tunja,2022,7,Hurto a comercio,13
Boyacá,Tunja,2022,7,Hurto de vehículos,9
Boyacá,Tunja,2022,7,Lesiones personales,19
Boyacá,Tunja,2022,7,Homicidio,1
Boyacá,Tunja,2022,7,Violencia intrafamiliar,14
Boyacá,Tunja,2022,7,Hurto a residencias,7
Boyacá,Tunja,2022,7,Extorsión,1
Boyacá,Tunja,2022,8,Hurto a personas,45
Boyacá,Tunja,2022,8,Hurto a comercio,10
Boyacá,Tunja,2022,8,Hurto de vehículos,7
Boyacá,Tunja,2022,8,Lesiones personales,20
Boyacá,Tunja,2022,8,Homicidio,1
Boyacá,Tunja,2022,8,Violencia intrafamiliar,15
Boyacá,Tunja,2022,8,Hurto a residencias,6
Boyacá,Tunja,2022,8,Extorsión,1
Boyacá,Tunja,2022,9,Hurto a personas,34
Boyacá,Tunja,2022,9,Hurto a comercio,12
Boyacá,Tunja,2022,9,Hurto de vehículos,6
Boyacá,Tunja,2022,9,Lesiones personales,29
Boyacá,Tunja,2022,9,Homicidio,2
Boyacá,Tunja,2022,9,Violencia intrafamiliar,13
Boyacá,Tunja,2022,9,Hurto a residencias,10
Boyacá,Tunja,2022,9,Extorsión,1
Boyacá,Tunja,2022,10,Hurto a personas,38
Boyacá,Tunja,2022,10,Hurto a comercio,10
Boyacá,Tunja,2022,10,Hurto de vehículos,6
Boyacá,Tunja,2022,10,Lesiones personales,22
Boyacá,Tunja,2022,10,Homicidio,2
Boyacá,Tunja,2022,10,Violencia intrafamiliar,15
Boyacá,Tunja,2022,10,Hurto a residencias,10
Boyacá,Tunja,2022,10,Extorsión,1
Boyacá,Tunja,2022,11,Hurto a personas,39
Boyacá,Tunja,2022,11,Hurto a comercio,11
Boyacá,Tunja,2022,11,Hurto de vehículos,6
Boyacá,Tunja,2022,11,Lesiones personales,26
Boyacá,Tunja,2022,11,Homicidio,2
Boyacá,Tunja,2022,11,Violencia intrafamiliar,13
Boyacá,Tunja,2022,11,Hurto a residencias,7
Boyacá,Tunja,2022,11,Extorsión,1
Boyacá,Tunja,2022,12,Hurto a personas,48
Boyacá,Tunja,2022,12,Hurto a comercio,10
Boyacá,Tunja,2022,12,Hurto de vehículos,9
Boyacá,Tunja,2022,12,Lesiones personales,27
Boyacá,Tunja,2022,12,Homicidio,2
Boyacá,Tunja,2022,12,Violencia intrafamiliar,18
Boyacá,Tunja,2022,12,Hurto a residencias,10
Boyacá,Tunja,2022,12,Extorsión,1
Boyacá,Tunja,2023,1,Hurto a personas,38
Boyacá,Tunja,2023,1,Hurto a comercio,12
Boyacá,Tunja,2023,1,Hurto de vehículos,7
Boyacá,Tunja,2023,1,Lesiones personales,22
Boyacá,Tunja,2023,1,Homicidio,2
Boyacá,Tunja,2023,1,Violencia intrafamiliar,14
Boyacá,Tunja,2023,1,Hurto a residencias,9
Boyacá,Tunja,2023,1,Extorsión,1
Boyacá,Tunja,2023,2,Hurto a personas,42
Boyacá,Tunja,2023,2,Hurto a comercio,9
Boyacá,Tunja,2023,2,Hurto de vehículos,5
Boyacá,Tunja,2023,2,Lesiones personales,25
Boyacá,Tunja,2023,2,Homicidio,2
Boyacá,Tunja,2023,2,Violencia intrafamiliar,13
Boyacá,Tunja,2023,2,Hurto a residencias,8
Boyacá,Tunja,2023,2,Extorsión,1
Boyacá,Tunja,2023,3,Hurto a personas,38
Boyacá,Tunja,2023,3,Hurto a comercio,11
Boyacá,Tunja,2023,3,Hurto de vehículos,6
Boyacá,Tunja,2023,3,Lesiones personales,21
Boyacá,Tunja,2023,3,Homicidio,2
Boyacá,Tunja,2023,3,Violencia intrafamiliar,16
Boyacá,Tunja,2023,3,Hurto a residencias,7
Boyacá,Tunja,2023,3,Extorsión,1
Boyacá,Tunja,2023,4,Hurto a personas,34
Boyacá,Tunja,2023,4,Hurto a comercio,10
Boyacá,Tunja,2023,4,Hurto de vehículos,7
Boyacá,Tunja,2023,4,Lesiones personales,27
Boyacá,Tunja,2023,4,Homicidio,1
Boyacá,Tunja,2023,4,Violencia intrafamiliar,18
Boyacá,Tunja,2023,4,Hurto a residencias,7
Boyacá,Tunja,2023,4,Extorsión,1
Boyacá,Tunja,2023,5,Hurto a personas,33
Boyacá,Tunja,2023,5,Hurto a comercio,12
Boyacá,Tunja,2023,5,Hurto de vehículos,7
Boyacá,Tunja,2023,5,Lesiones personales,22
Boyacá,Tunja,2023,5,Homicidio,2
Boyacá,Tunja,2023,5,Violencia intrafamiliar,13
Boyacá,Tunja,2023,5,Hurto a residencias,7
Boyacá,Tunja,2023,5,Extorsión,1
Boyacá,Tunja,2023,6,Hurto a personas,42
Boyacá,Tunja,2023,6,Hurto a comercio,11
Boyacá,Tunja,2023,6,Hurto de vehículos,6
Boyacá,Tunja,2023,6,Lesiones personales,29
Boyacá,Tunja,2023,6,Homicidio,1
Boyacá,Tunja,2023,6,Violencia intrafamiliar,17
Boyacá,Tunja,2023,6,Hurto a residencias,7
Boyacá,Tunja,2023,6,Extorsión,1
Boyacá,Tunja,2023,7,Hurto a personas,45
Boyacá,Tunja,2023,7,Hurto a comercio,9
Boyacá,Tunja,2023,7,Hurto de vehículos,7
Boyacá,Tunja,2023,7,Lesiones personales,25
Boyacá,Tunja,2023,7,Homicidio,2
Boyacá,Tunja,2023,7,Violencia intrafamiliar,17
Boyacá,Tunja,2023,7,Hurto a residencias,9
Boyacá,Tunja,2023,8,Hurto a personas,31
Boyacá,Tunja,2023,8,Hurto a comercio,10
Boyacá,Tunja,2023,8,Hurto de vehículos,6
Boyacá,Tunja,2023,8,Lesiones personales,27
Boyacá,Tunja,2023,8,Homicidio,2
Boyacá,Tunja,2023,8,Violencia intrafamiliar,11
Boyacá,Tunja,2023,8,Hurto a residencias,10
Boyacá,Tunja,2023,8,Extorsión,1
Boyacá,Tunja,2023,9,Hurto a personas,44
Boyacá,Tunja,2023,9,Hurto a comercio,11
Boyacá,Tunja,2023,9,Hurto de vehículos,7
Boyacá,Tunja,2023,9,Lesiones personales,25
Boyacá,Tunja,2023,9,Homicidio,2
Boyacá,Tunja,2023,9,Violencia intrafamiliar,15
Boyacá,Tunja,2023,9,Hurto a residencias,8
Boyacá,Tunja,2023,9,Extorsión,1
Boyacá,Tunja,2023,10,Hurto a personas,38
Boyacá,Tunja,2023,10,Hurto a comercio,10
Boyacá,Tunja,2023,10,Hurto de vehículos,7
Boyacá,Tunja,2023,10,Lesiones personales,27
Boyacá,Tunja,2023,10,Homicidio,2
Boyacá,Tunja,2023,10,Violencia intrafamiliar,12
Boyacá,Tunja,2023,10,Hurto a residencias,8
Boyacá,Tunja,2023,10,Extorsión,1
Boyacá,Tunja,2023,11,Hurto a personas,43
Boyacá,Tunja,2023,11,Hurto a comercio,9
Boyacá,Tunja,2023,11,Hurto de vehículos,7
Boyacá,Tunja,2023,11,Lesiones personales,25
Boyacá,Tunja,2023,11,Homicidio,2
Boyacá,Tunja,2023,11,Violencia intrafamiliar,15
Boyacá,Tunja,2023,11,Hurto a residencias,6
Boyacá,Tunja,2023,11,Extorsión,1
Boyacá,Tunja,2023,12,Hurto a personas,50
Boyacá,Tunja,2023,12,Hurto a comercio,11
Boyacá,Tunja,2023,12,Hurto de vehículos,9
Boyacá,Tunja,2023,12,Lesiones personales,32
Boyacá,Tunja,2023,12,Homicidio,2
Boyacá,Tunja,2023,12,Violencia intrafamiliar,20
Boyacá,Tunja,2023,12,Hurto a residencias,8
Boyacá,Tunja,2023,12,Extorsión,1
Boyacá,Tunja,2024,1,Hurto a personas,48
Boyacá,Tunja,2024,1,Hurto a comercio,12
Boyacá,Tunja,2024,1,Hurto de vehículos,6
Boyacá,Tunja,2024,1,Lesiones personales,27
Boyacá,Tunja,2024,1,Homicidio,2
Boyacá,Tunja,2024,1,Violencia intrafamiliar,13
Boyacá,Tunja,2024,1,Hurto a residencias,8
Boyacá,Tunja,2024,1,Extorsión,1
Boyacá,Tunja,2024,2,Hurto a personas,39
Boyacá,Tunja,2024,2,Hurto a comercio,9
Boyacá,Tunja,2024,2,Hurto de vehículos,7
Boyacá,Tunja,2024,2,Lesiones personales,29
Boyacá,Tunja,2024,2,Homicidio,2
Boyacá,Tunja,2024,2,Violencia intrafamiliar,18
Boyacá,Tunja,2024,2,Hurto a residencias,7
Boyacá,Tunja,2024,2,Extorsión,1
Boyacá,Tunja,2024,3,Hurto a personas,37
Boyacá,Tunja,2024,3,Hurto a comercio,9
Boyacá,Tunja,2024,3,Hurto de vehículos,9
Boyacá,Tunja,2024,3,Lesiones personales,17
Boyacá,Tunja,2024,3,Homicidio,1
Boyacá,Tunja,2024,3,Violencia intrafamiliar,11
Boyacá,Tunja,2024,3,Hurto a residencias,7
Boyacá,Tunja,2024,3,Extorsión,1
Boyacá,Tunja,2024,4,Hurto a personas,36
Boyacá,Tunja,2024,4,Hurto a comercio,9
Boyacá,Tunja,2024,4,Hurto de vehículos,8
Boyacá,Tunja,2024,4,Lesiones personales,30
Boyacá,Tunja,2024,4,Homicidio,2
Boyacá,Tunja,2024,4,Violencia intrafamiliar,14
Boyacá,Tunja,2024,4,Hurto a residencias,7
Boyacá,Tunja,2024,4,Extorsión,1
Boyacá,Tunja,2024,5,Hurto a personas,38
Boyacá,Tunja,2024,5,Hurto a comercio,10
Boyacá,Tunja,2024,5,Hurto de vehículos,8
Boyacá,Tunja,2024,5,Lesiones personales,20
Boyacá,Tunja,2024,5,Homicidio,2
Boyacá,Tunja,2024,5,Violencia intrafamiliar,13
Boyacá,Tunja,2024,5,Hurto a residencias,6
Boyacá,Tunja,2024,5,Extorsión,1
Boyacá,Tunja,2024,6,Hurto a personas,39
Boyacá,Tunja,2024,6,Hurto a comercio,10
Boyacá,Tunja,2024,6,Hurto de vehículos,8
Boyacá,Tunja,2024,6,Lesiones personales,24
Boyacá,Tunja,2024,6,Homicidio,2
Boyacá,Tunja,2024,6,Violencia intrafamiliar,15
Boyacá,Tunja,2024,6,Hurto a residencias,8
Boyacá,Tunja,2024,6,Extorsión,1
Boyacá,Tunja,2024,7,Hurto a personas,36
Boyacá,Tunja,2024,7,Hurto a comercio,10
Boyacá,Tunja,2024,7,Hurto de vehículos,5
Boyacá,Tunja,2024,7,Lesiones personales,19
Boyacá,Tunja,2024,7,Homicidio,2
Boyacá,Tunja,2024,7,Violencia intrafamiliar,16
Boyacá,Tunja,2024,7,Hurto a residencias,7
Boyacá,Tunja,2024,7,Extorsión,1
Boyacá,Tunja,2024,8,Hurto a personas,40
Boyacá,Tunja,2024,8,Hurto a comercio,8
Boyacá,Tunja,2024,8,Hurto de vehículos,5
Boyacá,Tunja,2024,8,Lesiones personales,25
Boyacá,Tunja,2024,8,Homicidio,1
Boyacá,Tunja,2024,8,Violencia intrafamiliar,17
Boyacá,Tunja,2024,8,Hurto a residencias,7
Boyacá,Tunja,2024,8,Extorsión,1
Boyacá,Tunja,2024,9,Hurto a personas,39
Boyacá,Tunja,2024,9,Hurto a comercio,12
Boyacá,Tunja,2024,9,Hurto de vehículos,7
Boyacá,Tunja,2024,9,Lesiones personales,22
Boyacá,Tunja,2024,9,Homicidio,2
Boyacá,Tunja,2024,9,Violencia intrafamiliar,15
Boyacá,Tunja,2024,9,Hurto a residencias,7
Boyacá,Tunja,2024,9,Extorsión,1
Boyacá,Tunja,2024,10,Hurto a personas,48
Boyacá,Tunja,2024,10,Hurto a comercio,9
Boyacá,Tunja,2024,10,Hurto de vehículos,6
Boyacá,Tunja,2024,10,Lesiones personales,24
Boyacá,Tunja,2024,10,Homicidio,1
Boyacá,Tunja,2024,10,Violencia intrafamiliar,14
Boyacá,Tunja,2024,10,Hurto a residencias,9
Boyacá,Tunja,2024,10,Extorsión,1
Boyacá,Tunja,2024,11,Hurto a personas,43
Boyacá,Tunja,2024,11,Hurto a comercio,11
Boyacá,Tunja,2024,11,Hurto de vehículos,7
Boyacá,Tunja,2024,11,Lesiones personales,22
Boyacá,Tunja,2024,11,Homicidio,2
Boyacá,Tunja,2024,11,Violencia intrafamiliar,12
Boyacá,Tunja,2024,11,Hurto a residencias,7
Boyacá,Tunja,2024,11,Extorsión,1
Boyacá,Tunja,2024,12,Hurto a personas,36
Boyacá,Tunja,2024,12,Hurto a comercio,12
Boyacá,Tunja,2024,12,Hurto de vehículos,7
Boyacá,Tunja,2024,12,Lesiones personales,25
Boyacá,Tunja,2024,12,Homicidio,2
Boyacá,Tunja,2024,12,Violencia intrafamiliar,16
Boyacá,Tunja,2024,12,Hurto a residencias,8
Boyacá,Tunja,2024,12,Extorsión,1
La Guajira,Riohacha,2020,1,Hurto a personas,117
La Guajira,Riohacha,2020,1,Hurto a comercio,32
La Guajira,Riohacha,2020,1,Hurto de vehículos,29
La Guajira,Riohacha,2020,1,Lesiones personales,75
La Guajira,Riohacha,2020,1,Homicidio,7
La Guajira,Riohacha,2020,1,Violencia intrafamiliar,49
La Guajira,Riohacha,2020,1,Hurto a residencias,24
La Guajira,Riohacha,2020,1,Extorsión,4
La Guajira,Riohacha,2020,2,Hurto a personas,120
La Guajira,Riohacha,2020,2,Hurto a comercio,30
La Guajira,Riohacha,2020,2,Hurto de vehículos,22
La Guajira,Riohacha,2020,2,Lesiones personales,99
La Guajira,Riohacha,2020,2,Homicidio,7
La Guajira,Riohacha,2020,2,Violencia intrafamiliar,54
La Guajira,Riohacha,2020,2,Hurto a residencias,26
La Guajira,Riohacha,2020,2,Extorsión,5
La Guajira,Riohacha,2020,3,Hurto a personas,154
La Guajira,Riohacha,2020,3,Hurto a comercio,30
La Guajira,Riohacha,2020,3,Hurto de vehículos,24
La Guajira,Riohacha,2020,3,Lesiones personales,82
La Guajira,Riohacha,2020,3,Homicidio,6
La Guajira,Riohacha,2020,3,Violencia intrafamiliar,48
La Guajira,Riohacha,2020,3,Hurto a residencias,30
La Guajira,Riohacha,2020,3,Extorsión,4
La Guajira,Riohacha,2020,4,Hurto a personas,119
La Guajira,Riohacha,2020,4,Hurto a comercio,40
La Guajira,Riohacha,2020,4,Hurto de vehículos,18
La Guajira,Riohacha,2020,4,Lesiones personales,95
La Guajira,Riohacha,2020,4,Homicidio,7
La Guajira,Riohacha,2020,4,Violencia intrafamiliar,63
La Guajira,Riohacha,2020,4,Hurto a residencias,28
La Guajira,Riohacha,2020,4,Extorsión,3
La Guajira,Riohacha,2020,5,Hurto a personas,163
La Guajira,Riohacha,2020,5,Hurto a comercio,40
La Guajira,Riohacha,2020,5,Hurto de vehículos,30
La Guajira,Riohacha,2020,5,Lesiones personales,91
La Guajira,Riohacha,2020,5,Homicidio,7
La Guajira,Riohacha,2020,5,Violencia intrafamiliar,53
La Guajira,Riohacha,2020,5,Hurto a residencias,23
La Guajira,Riohacha,2020,5,Extorsión,4
La Guajira,Riohacha,2020,6,Hurto a personas,123
La Guajira,Riohacha,2020,6,Hurto a comercio,41
La Guajira,Riohacha,2020,6,Hurto de vehículos,25
La Guajira,Riohacha,2020,6,Lesiones personales,80
La Guajira,Riohacha,2020,6,Homicidio,7
La Guajira,Riohacha,2020,6,Violencia intrafamiliar,51
La Guajira,Riohacha,2020,6,Hurto a residencias,24
La Guajira,Riohacha,2020,6,Extorsión,5
La Guajira,Riohacha,2020,7,Hurto a personas,114
La Guajira,Riohacha,2020,7,Hurto a comercio,30
La Guajira,Riohacha,2020,7,Hurto de vehículos,22
La Guajira,Riohacha,2020,7,Lesiones personales,90
La Guajira,Riohacha,2020,7,Homicidio,6
La Guajira,Riohacha,2020,7,Violencia intrafamiliar,56
La Guajira,Riohacha,2020,7,Hurto a residencias,22
La Guajira,Riohacha,2020,7,Extorsión,4
La Guajira,Riohacha,2020,8,Hurto a personas,144
La Guajira,Riohacha,2020,8,Hurto a comercio,38
La Guajira,Riohacha,2020,8,Hurto de vehículos,26
La Guajira,Riohacha,2020,8,Lesiones personales,86
La Guajira,Riohacha,2020,8,Homicidio,6
La Guajira,Riohacha,2020,8,Violencia intrafamiliar,57
La Guajira,Riohacha,2020,8,Hurto a residencias,31
La Guajira,Riohacha,2020,8,Extorsión,5
La Guajira,Riohacha,2020,9,Hurto a personas,117
La Guajira,Riohacha,2020,9,Hurto a comercio,30
La Guajira,Riohacha,2020,9,Hurto de vehículos,19
La Guajira,Riohacha,2020,9,Lesiones personales,79
La Guajira,Riohacha,2020,9,Homicidio,7
La Guajira,Riohacha,2020,9,Violencia intrafamiliar,55
La Guajira,Riohacha,2020,9,Hurto a residencias,30
La Guajira,Riohacha,2020,9,Extorsión,4
La Guajira,Riohacha,2020,10,Hurto a personas,146
La Guajira,Riohacha,2020,10,Hurto a comercio,40
La Guajira,Riohacha,2020,10,Hurto de vehículos,30
La Guajira,Riohacha,2020,10,Lesiones personales,100
La Guajira,Riohacha,2020,10,Homicidio,6
La Guajira,Riohacha,2020,10,Violencia intrafamiliar,56
La Guajira,Riohacha,2020,10,Hurto a residencias,29
La Guajira,Riohacha,2020,10,Extorsión,4
La Guajira,Riohacha,2020,11,Hurto a personas,119
La Guajira,Riohacha,2020,11,Hurto a comercio,33
La Guajira,Riohacha,2020,11,Hurto de vehículos,26
La Guajira,Riohacha,2020,11,Lesiones personales,82
La Guajira,Riohacha,2020,11,Homicidio,5
La Guajira,Riohacha,2020,11,Violencia intrafamiliar,51
La Guajira,Riohacha,2020,11,Hurto a residencias,35
La Guajira,Riohacha,2020,11,Extorsión,4
La Guajira,Riohacha,2020,12,Hurto a personas,133
La Guajira,Riohacha,2020,12,Hurto a comercio,47
La Guajira,Riohacha,2020,12,Hurto de vehículos,25
La Guajira,Riohacha,2020,12,Lesiones personales,104
La Guajira,Riohacha,2020,12,Homicidio,8
La Guajira,Riohacha,2020,12,Violencia intrafamiliar,69
La Guajira,Riohacha,2020,12,Hurto a residencias,35
La Guajira,Riohacha,2020,12,Extorsión,4
La Guajira,Riohacha,2021,1,Hurto a personas,118
La Guajira,Riohacha,2021,1,Hurto a comercio,36
La Guajira,Riohacha,2021,1,Hurto de vehículos,25
La Guajira,Riohacha,2021,1,Lesiones personales,98
La Guajira,Riohacha,2021,1,Homicidio,7
La Guajira,Riohacha,2021,1,Violencia intrafamiliar,57
La Guajira,Riohacha,2021,1,Hurto a residencias,32
La Guajira,Riohacha,2021,1,Extorsión,4
La Guajira,Riohacha,2021,2,Hurto a personas,134
La Guajira,Riohacha,2021,2,Hurto a comercio,32
La Guajira,Riohacha,2021,2,Hurto de vehículos,22
La Guajira,Riohacha,2021,2,Lesiones personales,75
La Guajira,Riohacha,2021,2,Homicidio,8
La Guajira,Riohacha,2021,2,Violencia intrafamiliar,45
La Guajira,Riohacha,2021,2,Hurto a residencias,30
La Guajira,Riohacha,2021,2,Extorsión,3
La Guajira,Riohacha,2021,3,Hurto a personas,117
La Guajira,Riohacha,2021,3,Hurto a comercio,31
La Guajira,Riohacha,2021,3,Hurto de vehículos,22
La Guajira,Riohacha,2021,3,Lesiones personales,63
La Guajira,Riohacha,2021,3,Homicidio,8
La Guajira,Riohacha,2021,3,Violencia intrafamiliar,59
La Guajira,Riohacha,2021,3,Hurto a residencias,25
La Guajira,Riohacha,2021,3,Extorsión,4
La Guajira,Riohacha,2021,4,Hurto a personas,138
La Guajira,Riohacha,2021,4,Hurto a comercio,41
La Guajira,Riohacha,2021,4,Hurto de vehículos,29
La Guajira,Riohacha,2021,4,Lesiones personales,70
La Guajira,Riohacha,2021,4,Homicidio,6
La Guajira,Riohacha,2021,4,Violencia intrafamiliar,48
La Guajira,Riohacha,2021,4,Hurto a residencias,30
La Guajira,Riohacha,2021,4,Extorsión,4
La Guajira,Riohacha,2021,5,Hurto a personas,109
La Guajira,Riohacha,2021,5,Hurto a comercio,35
La Guajira,Riohacha,2021,5,Hurto de vehículos,23
La Guajira,Riohacha,2021,5,Lesiones personales,81
La Guajira,Riohacha,2021,5,Homicidio,6
La Guajira,Riohacha,2021,5,Violencia intrafamiliar,48
La Guajira,Riohacha,2021,5,Hurto a residencias,33
La Guajira,Riohacha,2021,5,Extorsión,3
La Guajira,Riohacha,2021,6,Hurto a personas,119
La Guajira,Riohacha,2021,6,Hurto a comercio,41
La Guajira,Riohacha,2021,6,Hurto de vehículos,29
La Guajira,Riohacha,2021,6,Lesiones personales,96
La Guajira,Riohacha,2021,6,Homicidio,6
La Guajira,Riohacha,2021,6,Violencia intrafamiliar,47
La Guajira,Riohacha,2021,6,Hurto a residencias,24
La Guajira,Riohacha,2021,6,Extorsión,5
La Guajira,Riohacha,2021,7,Hurto a personas,112
La Guajira,Riohacha,2021,7,Hurto a comercio,32
La Guajira,Riohacha,2021,7,Hurto de vehículos,24
La Guajira,Riohacha,2021,7,Lesiones personales,78
La Guajira,Riohacha,2021,7,Homicidio,5
La Guajira,Riohacha,2021,7,Violencia intrafamiliar,53
La Guajira,Riohacha,2021,7,Hurto a residencias,29
La Guajira,Riohacha,2021,7,Extorsión,4
La Guajira,Riohacha,2021,8,Hurto a personas,115
La Guajira,Riohacha,2021,8,Hurto a comercio,34
La Guajira,Riohacha,2021,8,Hurto de vehículos,28
La Guajira,Riohacha,2021,8,Lesiones personales,77
La Guajira,Riohacha,2021,8,Homicidio,6
La Guajira,Riohacha,2021,8,Violencia intrafamiliar,60
La Guajira,Riohacha,2021,8,Hurto a residencias,21
La Guajira,Riohacha,2021,8,Extorsión,4
La Guajira,Riohacha,2021,9,Hurto a personas,130
La Guajira,Riohacha,2021,9,Hurto a comercio,29
La Guajira,Riohacha,2021,9,Hurto de vehículos,21
La Guajira,Riohacha,2021,9,Lesiones personales,76
La Guajira,Riohacha,2021,9,Homicidio,6
La Guajira,Riohacha,2021,9,Violencia intrafamiliar,40
La Guajira,Riohacha,2021,9,Hurto a residencias,27
La Guajira,Riohacha,2021,9,Extorsión,3
La Guajira,Riohacha,2021,10,Hurto a personas,99
La Guajira,Riohacha,2021,10,Hurto a comercio,26
La Guajira,Riohacha,2021,10,Hurto de vehículos,24
La Guajira,Riohacha,2021,10,Lesiones personales,76
La Guajira,Riohacha,2021,10,Homicidio,6
La Guajira,Riohacha,2021,10,Violencia intrafamiliar,48
La Guajira,Riohacha,2021,10,Hurto a residencias,33
La Guajira,Riohacha,2021,10,Extorsión,4
La Guajira,Riohacha,2021,11,Hurto a personas,136
La Guajira,Riohacha,2021,11,Hurto a comercio,27
La Guajira,Riohacha,2021,11,Hurto de vehículos,22
La Guajira,Riohacha,2021,11,Lesiones personales,81
La Guajira,Riohacha,2021,11,Homicidio,5
La Guajira,Riohacha,2021,11,Violencia intrafamiliar,53
La Guajira,Riohacha,2021,11,Hurto a residencias,25
La Guajira,Riohacha,2021,11,Extorsión,3
La Guajira,Riohacha,2021,12,Hurto a personas,149
La Guajira,Riohacha,2021,12,Hurto a comercio,31
La Guajira,Riohacha,2021,12,Hurto de vehículos,27
La Guajira,Riohacha,2021,12,Lesiones personales,93
La Guajira,Riohacha,2021,12,Homicidio,8
La Guajira,Riohacha,2021,12,Violencia intrafamiliar,51
La Guajira,Riohacha,2021,12,Hurto a residencias,28
La Guajira,Riohacha,2021,12,Extorsión,4
La Guajira,Riohacha,2022,1,Hurto a personas,114
La Guajira,Riohacha,2022,1,Hurto a comercio,31
La Guajira,Riohacha,2022,1,Hurto de vehículos,29
La Guajira,Riohacha,2022,1,Lesiones personales,86
La Guajira,Riohacha,2022,1,Homicidio,6
La Guajira,Riohacha,2022,1,Violencia intrafamiliar,47
La Guajira,Riohacha,2022,1,Hurto a residencias,33
La Guajira,Riohacha,2022,1,Extorsión,3
La Guajira,Riohacha,2022,2,Hurto a personas,112
La Guajira,Riohacha,2022,2,Hurto a comercio,34
La Guajira,Riohacha,2022,2,Hurto de vehículos,18
La Guajira,Riohacha,2022,2,Lesiones personales,73
La Guajira,Riohacha,2022,2,Homicidio,6
La Guajira,Riohacha,2022,2,Violencia intrafamiliar,59
La Guajira,Riohacha,2022,2,Hurto a residencias,26
La Guajira,Riohacha,2022,2,Extorsión,3
La Guajira,Riohacha,2022,3,Hurto a personas,113
La Guajira,Riohacha,2022,3,Hurto a comercio,28
La Guajira,Riohacha,2022,3,Hurto de vehículos,27
La Guajira,Riohacha,2022,3,Lesiones personales,86
La Guajira,Riohacha,2022,3,Homicidio,6
La Guajira,Riohacha,2022,3,Violencia intrafamiliar,42
La Guajira,Riohacha,2022,3,Hurto a residencias,28
La Guajira,Riohacha,2022,3,Extorsión,3
La Guajira,Riohacha,2022,4,Hurto a personas,158
La Guajira,Riohacha,2022,4,Hurto a comercio,29
La Guajira,Riohacha,2022,4,Hurto de vehículos,25
La Guajira,Riohacha,2022,4,Lesiones personales,85
La Guajira,Riohacha,2022,4,Homicidio,5
La Guajira,Riohacha,2022,4,Violencia intrafamiliar,55
La Guajira,Riohacha,2022,4,Hurto a residencias,31
La Guajira,Riohacha,2022,4,Extorsión,4
La Guajira,Riohacha,2022,5,Hurto a personas,104
La Guajira,Riohacha,2022,5,Hurto a comercio,30
La Guajira,Riohacha,2022,5,Hurto de vehículos,22
La Guajira,Riohacha,2022,5,Lesiones personales,77
La Guajira,Riohacha,2022,5,Homicidio,6
La Guajira,Riohacha,2022,5,Violencia intrafamiliar,41
La Guajira,Riohacha,2022,5,Hurto a residencias,25
La Guajira,Riohacha,2022,5,Extorsión,3
La Guajira,Riohacha,2022,6,Hurto a personas,147
La Guajira,Riohacha,2022,6,Hurto a comercio,29
La Guajira,Riohacha,2022,6,Hurto de vehículos,24
La Guajira,Riohacha,2022,6,Lesiones personales,91
La Guajira,Riohacha,2022,6,Homicidio,6
La Guajira,Riohacha,2022,6,Violencia intrafamiliar,45
La Guajira,Riohacha,2022,6,Hurto a residencias,24
La Guajira,Riohacha,2022,6,Extorsión,4
La Guajira,Riohacha,2022,7,Hurto a personas,107
La Guajira,Riohacha,2022,7,Hurto a comercio,39
La Guajira,Riohacha,2022,7,Hurto de vehículos,27
La Guajira,Riohacha,2022,7,Lesiones personales,63
La Guajira,Riohacha,2022,7,Homicidio,6
La Guajira,Riohacha,2022,7,Violencia intrafamiliar,57
La Guajira,Riohacha,2022,7,Hurto a residencias,31
La Guajira,Riohacha,2022,7,Extorsión,5
La Guajira,Riohacha,2022,8,Hurto a personas,140
La Guajira,Riohacha,2022,8,Hurto a comercio,30
La Guajira,Riohacha,2022,8,Hurto de vehículos,25
La Guajira,Riohacha,2022,8,Lesiones personales,84
La Guajira,Riohacha,2022,8,Homicidio,7
La Guajira,Riohacha,2022,8,Violencia intrafamiliar,53
La Guajira,Riohacha,2022,8,Hurto a residencias,24
La Guajira,Riohacha,2022,8,Extorsión,3
La Guajira,Riohacha,2022,9,Hurto a personas,123
La Guajira,Riohacha,2022,9,Hurto a comercio,29
La Guajira,Riohacha,2022,9,Hurto de vehículos,20
La Guajira,Riohacha,2022,9,Lesiones personales,83
La Guajira,Riohacha,2022,9,Homicidio,6
La Guajira,Riohacha,2022,9,Violencia intrafamiliar,41
La Guajira,Riohacha,2022,9,Hurto a residencias,22
La Guajira,Riohacha,2022,9,Extorsión,5
La Guajira,Riohacha,2022,10,Hurto a personas,127
La Guajira,Riohacha,2022,10,Hurto a comercio,35
La Guajira,Riohacha,2022,10,Hurto de vehículos,18
La Guajira,Riohacha,2022,10,Lesiones personales,84
La Guajira,Riohacha,2022,10,Homicidio,6
La Guajira,Riohacha,2022,10,Violencia intrafamiliar,47
La Guajira,Riohacha,2022,10,Hurto a residencias,27
La Guajira,Riohacha,2022,10,Extorsión,4
La Guajira,Riohacha,2022,11,Hurto a personas,99
La Guajira,Riohacha,2022,11,Hurto a comercio,31
La Guajira,Riohacha,2022,11,Hurto de vehículos,28
La Guajira,Riohacha,2022,11,Lesiones personales,82
La Guajira,Riohacha,2022,11,Homicidio,7
La Guajira,Riohacha,2022,11,Violencia intrafamiliar,42
La Guajira,Riohacha,2022,11,Hurto a residencias,24
La Guajira,Riohacha,2022,11,Extorsión,4
La Guajira,Riohacha,2022,12,Hurto a personas,145
La Guajira,Riohacha,2022,12,Hurto a comercio,36
La Guajira,Riohacha,2022,12,Hurto de vehículos,23
La Guajira,Riohacha,2022,12,Lesiones personales,82
La Guajira,Riohacha,2022,12,Homicidio,7
La Guajira,Riohacha,2022,12,Violencia intrafamiliar,66
La Guajira,Riohacha,2022,12,Hurto a residencias,35
La Guajira,Riohacha,2022,12,Extorsión,4
La Guajira,Riohacha,2023,1,Hurto a personas,144
La Guajira,Riohacha,2023,1,Hurto a comercio,38
La Guajira,Riohacha,2023,1,Hurto de vehículos,26
La Guajira,Riohacha,2023,1,Lesiones personales,68
La Guajira,Riohacha,2023,1,Homicidio,7
La Guajira,Riohacha,2023,1,Violencia intrafamiliar,46
La Guajira,Riohacha,2023,1,Hurto a residencias,31
La Guajira,Riohacha,2023,1,Extorsión,4
La Guajira,Riohacha,2023,2,Hurto a personas,129
La Guajira,Riohacha,2023,2,Hurto a comercio,28
La Guajira,Riohacha,2023,2,Hurto de vehículos,22
La Guajira,Riohacha,2023,2,Lesiones personales,82
La Guajira,Riohacha,2023,2,Homicidio,5
La Guajira,Riohacha,2023,2,Violencia intrafamiliar,41
La Guajira,Riohacha,2023,2,Hurto a residencias,21
La Guajira,Riohacha,2023,2,Extorsión,3
La Guajira,Riohacha,2023,3,Hurto a personas,117
La Guajira,Riohacha,2023,3,Hurto a comercio,38
La Guajira,Riohacha,2023,3,Hurto de vehículos,18
La Guajira,Riohacha,2023,3,Lesiones personales,72
La Guajira,Riohacha,2023,3,Homicidio,7
La Guajira,Riohacha,2023,3,Violencia intrafamiliar,51
La Guajira,Riohacha,2023,3,Hurto a residencias,27
La Guajira,Riohacha,2023,3,Extorsión,3
La Guajira,Riohacha,2023,4,Hurto a personas,116
La Guajira,Riohacha,2023,4,Hurto a comercio,25
La Guajira,Riohacha,2023,4,Hurto de vehículos,22
La Guajira,Riohacha,2023,4,Lesiones personales,90
La Guajira,Riohacha,2023,4,Homicidio,7
La Guajira,Riohacha,2023,4,Violencia intrafamiliar,48
La Guajira,Riohacha,2023,4,Hurto a residencias,29
La Guajira,Riohacha,2023,4,Extorsión,3
La Guajira,Riohacha,2023,5,Hurto a personas,114
La Guajira,Riohacha,2023,5,Hurto a comercio,30
La Guajira,Riohacha,2023,5,Hurto de vehículos,26
La Guajira,Riohacha,2023,5,Lesiones personales,73
La Guajira,Riohacha,2023,5,Homicidio,5
La Guajira,Riohacha,2023,5,Violencia intrafamiliar,45
La Guajira,Riohacha,2023,5,Hurto a residencias,23
La Guajira,Riohacha,2023,5,Extorsión,3
La Guajira,Riohacha,2023,6,Hurto a personas,117
La Guajira,Riohacha,2023,6,Hurto a comercio,40
La Guajira,Riohacha,2023,6,Hurto de vehículos,27
La Guajira,Riohacha,2023,6,Lesiones personales,91
La Guajira,Riohacha,2023,6,Homicidio,6
La Guajira,Riohacha,2023,6,Violencia intrafamiliar,60
La Guajira,Riohacha,2023,6,Hurto a residencias,31
La Guajira,Riohacha,2023,6,Extorsión,3
La Guajira,Riohacha,2023,7,Hurto a personas,132
La Guajira,Riohacha,2023,7,Hurto a comercio,32
La Guajira,Riohacha,2023,7,Hurto de vehículos,21
La Guajira,Riohacha,2023,7,Lesiones personales,86
La Guajira,Riohacha,2023,7,Homicidio,7
La Guajira,Riohacha,2023,7,Violencia intrafamiliar,48
La Guajira,Riohacha,2023,7,Hurto a residencias,26
La Guajira,Riohacha,2023,7,Extorsión,4
La Guajira,Riohacha,2023,8,Hurto a personas,93
La Guajira,Riohacha,2023,8,Hurto a comercio,25
La Guajira,Riohacha,2023,8,Hurto de vehículos,24
La Guajira,Riohacha,2023,8,Lesiones personales,86
La Guajira,Riohacha,2023,8,Homicidio,5
La Guajira,Riohacha,2023,8,Violencia intrafamiliar,55
La Guajira,Riohacha,2023,8,Hurto a residencias,29
La Guajira,Riohacha,2023,8,Extorsión,4
La Guajira,Riohacha,2023,9,Hurto a personas,143
La Guajira,Riohacha,2023,9,Hurto a comercio,26
La Guajira,Riohacha,2023,9,Hurto de vehículos,23
La Guajira,Riohacha,2023,9,Lesiones personales,66
La Guajira,Riohacha,2023,9,Homicidio,6
La Guajira,Riohacha,2023,9,Violencia intrafamiliar,42
La Guajira,Riohacha,2023,9,Hurto a residencias,26
La Guajira,Riohacha,2023,9,Extorsión,4
La Guajira,Riohacha,2023,10,Hurto a personas,131
La Guajira,Riohacha,2023,10,Hurto a comercio,27
La Guajira,Riohacha,2023,10,Hurto de vehículos,22
La Guajira,Riohacha,2023,10,Lesiones personales,67
La Guajira,Riohacha,2023,10,Homicidio,6
La Guajira,Riohacha,2023,10,Violencia intrafamiliar,54
La Guajira,Riohacha,2023,10,Hurto a residencias,31
La Guajira,Riohacha,2023,10,Extorsión,4
La Guajira,Riohacha,2023,11,Hurto a personas,104
La Guajira,Riohacha,2023,11,Hurto a comercio,40
La Guajira,Riohacha,2023,11,Hurto de vehículos,21
La Guajira,Riohacha,2023,11,Lesiones personales,59
La Guajira,Riohacha,2023,11,Homicidio,5
La Guajira,Riohacha,2023,11,Violencia intrafamiliar,41
La Guajira,Riohacha,2023,11,Hurto a residencias,22
La Guajira,Riohacha,2023,11,Extorsión,4
La Guajira,Riohacha,2023,12,Hurto a personas,146
La Guajira,Riohacha,2023,12,Hurto a comercio,33
La Guajira,Riohacha,2023,12,Hurto de vehículos,27
La Guajira,Riohacha,2023,12,Lesiones personales,99
La Guajira,Riohacha,2023,12,Homicidio,8
La Guajira,Riohacha,2023,12,Violencia intrafamiliar,59
La Guajira,Riohacha,2023,12,Hurto a residencias,25
La Guajira,Riohacha,2023,12,Extorsión,5
La Guajira,Riohacha,2024,1,Hurto a personas,130
La Guajira,Riohacha,2024,1,Hurto a comercio,32
La Guajira,Riohacha,2024,1,Hurto de vehículos,21
La Guajira,Riohacha,2024,1,Lesiones personales,82
La Guajira,Riohacha,2024,1,Homicidio,7
La Guajira,Riohacha,2024,1,Violencia intrafamiliar,50
La Guajira,Riohacha,2024,1,Hurto a residencias,23
La Guajira,Riohacha,2024,1,Extorsión,3
La Guajira,Riohacha,2024,2,Hurto a personas,110
La Guajira,Riohacha,2024,2,Hurto a comercio,28
La Guajira,Riohacha,2024,2,Hurto de vehículos,21
La Guajira,Riohacha,2024,2,Lesiones personales,67
La Guajira,Riohacha,2024,2,Homicidio,6
La Guajira,Riohacha,2024,2,Violencia intrafamiliar,41
La Guajira,Riohacha,2024,2,Hurto a residencias,18
La Guajira,Riohacha,2024,2,Extorsión,3
La Guajira,Riohacha,2024,3,Hurto a personas,107
La Guajira,Riohacha,2024,3,Hurto a comercio,28
La Guajira,Riohacha,2024,3,Hurto de vehículos,20
La Guajira,Riohacha,2024,3,Lesiones personales,72
La Guajira,Riohacha,2024,3,Homicidio,7
La Guajira,Riohacha,2024,3,Violencia intrafamiliar,49
La Guajira,Riohacha,2024,3,Hurto a residencias,25
La Guajira,Riohacha,2024,3,Extorsión,4
La Guajira,Riohacha,2024,4,Hurto a personas,112
La Guajira,Riohacha,2024,4,Hurto a comercio,28
La Guajira,Riohacha,2024,4,Hurto de vehículos,25
La Guajira,Riohacha,2024,4,Lesiones personales,64
La Guajira,Riohacha,2024,4,Homicidio,5
La Guajira,Riohacha,2024,4,Violencia intrafamiliar,40
La Guajira,Riohacha,2024,4,Hurto a residencias,25
La Guajira,Riohacha,2024,4,Extorsión,3
La Guajira,Riohacha,2024,5,Hurto a personas,102
La Guajira,Riohacha,2024,5,Hurto a comercio,30
La Guajira,Riohacha,2024,5,Hurto de vehículos,20
La Guajira,Riohacha,2024,5,Lesiones personales,71
La Guajira,Riohacha,2024,5,Homicidio,5
La Guajira,Riohacha,2024,5,Violencia intrafamiliar,45
La Guajira,Riohacha,2024,5,Hurto a residencias,24
La Guajira,Riohacha,2024,5,Extorsión,2
La Guajira,Riohacha,2024,6,Hurto a personas,143
La Guajira,Riohacha,2024,6,Hurto a comercio,33
La Guajira,Riohacha,2024,6,Hurto de vehículos,21
La Guajira,Riohacha,2024,6,Lesiones personales,84
La Guajira,Riohacha,2024,6,Homicidio,7
La Guajira,Riohacha,2024,6,Violencia intrafamiliar,45
La Guajira,Riohacha,2024,6,Hurto a residencias,27
La Guajira,Riohacha,2024,6,Extorsión,4
La Guajira,Riohacha,2024,7,Hurto a personas,99
La Guajira,Riohacha,2024,7,Hurto a comercio,29
La Guajira,Riohacha,2024,7,Hurto de vehículos,23
La Guajira,Riohacha,2024,7,Lesiones personales,58
La Guajira,Riohacha,2024,7,Homicidio,7
La Guajira,Riohacha,2024,7,Violencia intrafamiliar,35
La Guajira,Riohacha,2024,7,Hurto a residencias,26
La Guajira,Riohacha,2024,7,Extorsión,4
La Guajira,Riohacha,2024,8,Hurto a personas,108
La Guajira,Riohacha,2024,8,Hurto a comercio,38
La Guajira,Riohacha,2024,8,Hurto de vehículos,20
La Guajira,Riohacha,2024,8,Lesiones personales,72
La Guajira,Riohacha,2024,8,Homicidio,6
La Guajira,Riohacha,2024,8,Violencia intrafamiliar,46
La Guajira,Riohacha,2024,8,Hurto a residencias,23
La Guajira,Riohacha,2024,8,Extorsión,4
La Guajira,Riohacha,2024,9,Hurto a personas,130
La Guajira,Riohacha,2024,9,Hurto a comercio,33
La Guajira,Riohacha,2024,9,Hurto de vehículos,17
La Guajira,Riohacha,2024,9,Lesiones personales,72
La Guajira,Riohacha,2024,9,Homicidio,6
La Guajira,Riohacha,2024,9,Violencia intrafamiliar,54
La Guajira,Riohacha,2024,9,Hurto a residencias,29
La Guajira,Riohacha,2024,9,Extorsión,3
La Guajira,Riohacha,2024,10,Hurto a personas,103
La Guajira,Riohacha,2024,10,Hurto a comercio,30
La Guajira,Riohacha,2024,10,Hurto de vehículos,20
La Guajira,Riohacha,2024,10,Lesiones personales,59
La Guajira,Riohacha,2024,10,Homicidio,7
La Guajira,Riohacha,2024,10,Violencia intrafamiliar,53
La Guajira,Riohacha,2024,10,Hurto a residencias,25
La Guajira,Riohacha,2024,10,Extorsión,3
La Guajira,Riohacha,2024,11,Hurto a personas,91
La Guajira,Riohacha,2024,11,Hurto a comercio,33
La Guajira,Riohacha,2024,11,Hurto de vehículos,19
La Guajira,Riohacha,2024,11,Lesiones personales,75
La Guajira,Riohacha,2024,11,Homicidio,7
La Guajira,Riohacha,2024,11,Violencia intrafamiliar,41
La Guajira,Riohacha,2024,11,Hurto a residencias,23
La Guajira,Riohacha,2024,11,Extorsión,4
La Guajira,Riohacha,2024,12,Hurto a personas,123
La Guajira,Riohacha,2024,12,Hurto a comercio,34
La Guajira,Riohacha,2024,12,Hurto de vehículos,26
La Guajira,Riohacha,2024,12,Lesiones personales,82
La Guajira,Riohacha,2024,12,Homicidio,6
La Guajira,Riohacha,2024,12,Violencia intrafamiliar,63
La Guajira,Riohacha,2024,12,Hurto a residencias,29
La Guajira,Riohacha,2024,12,Extorsión,4
Chocó,Quibdó,2020,1,Hurto a personas,82
Chocó,Quibdó,2020,1,Hurto a comercio,19
Chocó,Quibdó,2020,1,Hurto de vehículos,11
Chocó,Quibdó,2020,1,Lesiones personales,38
Chocó,Quibdó,2020,1,Homicidio,3
Chocó,Quibdó,2020,1,Violencia intrafamiliar,25
Chocó,Quibdó,2020,1,Hurto a residencias,17
Chocó,Quibdó,2020,1,Extorsión,2
Chocó,Quibdó,2020,2,Hurto a personas,65
Chocó,Quibdó,2020,2,Hurto a comercio,21
Chocó,Quibdó,2020,2,Hurto de vehículos,14
Chocó,Quibdó,2020,2,Lesiones personales,41
Chocó,Quibdó,2020,2,Homicidio,3
Chocó,Quibdó,2020,2,Violencia intrafamiliar,29
Chocó,Quibdó,2020,2,Hurto a residencias,15
Chocó,Quibdó,2020,2,Extorsión,1
Chocó,Quibdó,2020,3,Hurto a personas,61
Chocó,Quibdó,2020,3,Hurto a comercio,15
Chocó,Quibdó,2020,3,Hurto de vehículos,15
Chocó,Quibdó,2020,3,Lesiones personales,51
Chocó,Quibdó,2020,3,Homicidio,4
Chocó,Quibdó,2020,3,Violencia intrafamiliar,26
Chocó,Quibdó,2020,3,Hurto a residencias,14
Chocó,Quibdó,2020,3,Extorsión,2
Chocó,Quibdó,2020,4,Hurto a personas,57
Chocó,Quibdó,2020,4,Hurto a comercio,18
Chocó,Quibdó,2020,4,Hurto de vehículos,12
Chocó,Quibdó,2020,4,Lesiones personales,36
Chocó,Quibdó,2020,4,Homicidio,3
Chocó,Quibdó,2020,4,Violencia intrafamiliar,28
Chocó,Quibdó,2020,4,Hurto a residencias,18
Chocó,Quibdó,2020,4,Extorsión,2
Chocó,Quibdó,2020,5,Hurto a personas,64
Chocó,Quibdó,2020,5,Hurto a comercio,18
Chocó,Quibdó,2020,5,Hurto de vehículos,13
Chocó,Quibdó,2020,5,Lesiones personales,30
Chocó,Quibdó,2020,5,Homicidio,4
Chocó,Quibdó,2020,5,Violencia intrafamiliar,25
Chocó,Quibdó,2020,5,Hurto a residencias,15
Chocó,Quibdó,2020,5,Extorsión,2
Chocó,Quibdó,2020,6,Hurto a personas,64
Chocó,Quibdó,2020,6,Hurto a comercio,22
Chocó,Quibdó,2020,6,Hurto de vehículos,12
Chocó,Quibdó,2020,6,Lesiones personales,48
Chocó,Quibdó,2020,6,Homicidio,3
Chocó,Quibdó,2020,6,Violencia intrafamiliar,26
Chocó,Quibdó,2020,6,Hurto a residencias,12
Chocó,Quibdó,2020,6,Extorsión,2
Chocó,Quibdó,2020,7,Hurto a personas,78
Chocó,Quibdó,2020,7,Hurto a comercio,20
Chocó,Quibdó,2020,7,Hurto de vehículos,10
Chocó,Quibdó,2020,7,Lesiones personales,39
Chocó,Quibdó,2020,7,Homicidio,3
Chocó,Quibdó,2020,7,Violencia intrafamiliar,34
Chocó,Quibdó,2020,7,Hurto a residencias,16
Chocó,Quibdó,2020,7,Extorsión,2
Chocó,Quibdó,2020,8,Hurto a personas,59
Chocó,Quibdó,2020,8,Hurto a comercio,17
Chocó,Quibdó,2020,8,Hurto de vehículos,13
Chocó,Quibdó,2020,8,Lesiones personales,36
Chocó,Quibdó,2020,8,Homicidio,3
Chocó,Quibdó,2020,8,Violencia intrafamiliar,23
Chocó,Quibdó,2020,8,Hurto a residencias,11
Chocó,Quibdó,2020,8,Extorsión,2
Chocó,Quibdó,2020,9,Hurto a personas,67
Chocó,Quibdó,2020,9,Hurto a comercio,19
Chocó,Quibdó,2020,9,Hurto de vehículos,14
Chocó,Quibdó,2020,9,Lesiones personales,48
Chocó,Quibdó,2020,9,Homicidio,3
Chocó,Quibdó,2020,9,Violencia intrafamiliar,25
Chocó,Quibdó,2020,9,Hurto a residencias,11
Chocó,Quibdó,2020,9,Extorsión,2
Chocó,Quibdó,2020,10,Hurto a personas,70
Chocó,Quibdó,2020,10,Hurto a comercio,20
Chocó,Quibdó,2020,10,Hurto de vehículos,14
Chocó,Quibdó,2020,10,Lesiones personales,45
Chocó,Quibdó,2020,10,Homicidio,4
Chocó,Quibdó,2020,10,Violencia intrafamiliar,33
Chocó,Quibdó,2020,10,Hurto a residencias,13
Chocó,Quibdó,2020,10,Extorsión,2
Chocó,Quibdó,2020,11,Hurto a personas,60
Chocó,Quibdó,2020,11,Hurto a comercio,19
Chocó,Quibdó,2020,11,Hurto de vehículos,16
Chocó,Quibdó,2020,11,Lesiones personales,42
Chocó,Quibdó,2020,11,Homicidio,2
Chocó,Quibdó,2020,11,Violencia intrafamiliar,26
Chocó,Quibdó,2020,11,Hurto a residencias,11
Chocó,Quibdó,2020,11,Extorsión,1
Chocó,Quibdó,2020,12,Hurto a personas,71
Chocó,Quibdó,2020,12,Hurto a comercio,23
Chocó,Quibdó,2020,12,Hurto de vehículos,12
Chocó,Quibdó,2020,12,Lesiones personales,55
Chocó,Quibdó,2020,12,Homicidio,4
Chocó,Quibdó,2020,12,Violencia intrafamiliar,27
Chocó,Quibdó,2020,12,Hurto a residencias,16
Chocó,Quibdó,2020,12,Extorsión,2
Chocó,Quibdó,2021,1,Hurto a personas,72
Chocó,Quibdó,2021,1,Hurto a comercio,18
Chocó,Quibdó,2021,1,Hurto de vehículos,11
Chocó,Quibdó,2021,1,Lesiones personales,44
Chocó,Quibdó,2021,1,Homicidio,3
Chocó,Quibdó,2021,1,Violencia intrafamiliar,32
Chocó,Quibdó,2021,1,Hurto a residencias,15
Chocó,Quibdó,2021,1,Extorsión,2
Chocó,Quibdó,2021,2,Hurto a personas,68
Chocó,Quibdó,2021,2,Hurto a comercio,15
Chocó,Quibdó,2021,2,Hurto de vehículos,12
Chocó,Quibdó,2021,2,Lesiones personales,42
Chocó,Quibdó,2021,2,Homicidio,3
Chocó,Quibdó,2021,2,Violencia intrafamiliar,25
Chocó,Quibdó,2021,2,Hurto a residencias,13
Chocó,Quibdó,2021,2,Extorsión,2
Chocó,Quibdó,2021,3,Hurto a personas,76
Chocó,Quibdó,2021,3,Hurto a comercio,16
Chocó,Quibdó,2021,3,Hurto de vehículos,12
Chocó,Quibdó,2021,3,Lesiones personales,36
Chocó,Quibdó,2021,3,Homicidio,3
Chocó,Quibdó,2021,3,Violencia intrafamiliar,23
Chocó,Quibdó,2021,3,Hurto a residencias,10
Chocó,Quibdó,2021,3,Extorsión,1
Chocó,Quibdó,2021,4,Hurto a personas,64
Chocó,Quibdó,2021,4,Hurto a comercio,15
Chocó,Quibdó,2021,4,Hurto de vehículos,13
Chocó,Quibdó,2021,4,Lesiones personales,45
Chocó,Quibdó,2021,4,Homicidio,3
Chocó,Quibdó,2021,4,Violencia intrafamiliar,26
Chocó,Quibdó,2021,4,Hurto a residencias,13
Chocó,Quibdó,2021,4,Extorsión,2
Chocó,Quibdó,2021,5,Hurto a personas,56
Chocó,Quibdó,2021,5,Hurto a comercio,19
Chocó,Quibdó,2021,5,Hurto de vehículos,13
Chocó,Quibdó,2021,5,Lesiones personales,35
Chocó,Quibdó,2021,5,Homicidio,3
Chocó,Quibdó,2021,5,Violencia intrafamiliar,26
Chocó,Quibdó,2021,5,Hurto a residencias,15
Chocó,Quibdó,2021,5,Extorsión,2
Chocó,Quibdó,2021,6,Hurto a personas,71
Chocó,Quibdó,2021,6,Hurto a comercio,20
Chocó,Quibdó,2021,6,Hurto de vehículos,14
Chocó,Quibdó,2021,6,Lesiones personales,52
Chocó,Quibdó,2021,6,Homicidio,4
Chocó,Quibdó,2021,6,Violencia intrafamiliar,32
Chocó,Quibdó,2021,6,Hurto a residencias,12
Chocó,Quibdó,2021,6,Extorsión,2
Chocó,Quibdó,2021,7,Hurto a personas,68
Chocó,Quibdó,2021,7,Hurto a comercio,21
Chocó,Quibdó,2021,7,Hurto de vehículos,13
Chocó,Quibdó,2021,7,Lesiones personales,36
Chocó,Quibdó,2021,7,Homicidio,4
Chocó,Quibdó,2021,7,Violencia intrafamiliar,25
Chocó,Quibdó,2021,7,Hurto a residencias,13
Chocó,Quibdó,2021,7,Extorsión,2
Chocó,Quibdó,2021,8,Hurto a personas,76
Chocó,Quibdó,2021,8,Hurto a comercio,14
Chocó,Quibdó,2021,8,Hurto de vehículos,13
Chocó,Quibdó,2021,8,Lesiones personales,48
Chocó,Quibdó,2021,8,Homicidio,3
Chocó,Quibdó,2021,8,Violencia intrafamiliar,30
Chocó,Quibdó,2021,8,Hurto a residencias,13
Chocó,Quibdó,2021,8,Extorsión,2
Chocó,Quibdó,2021,9,Hurto a personas,61
Chocó,Quibdó,2021,9,Hurto a comercio,17
Chocó,Quibdó,2021,9,Hurto de vehículos,13
Chocó,Quibdó,2021,9,Lesiones personales,40
Chocó,Quibdó,2021,9,Homicidio,3
Chocó,Quibdó,2021,9,Violencia intrafamiliar,25
Chocó,Quibdó,2021,9,Hurto a residencias,12
Chocó,Quibdó,2021,9,Extorsión,1
Chocó,Quibdó,2021,10,Hurto a personas,70
Chocó,Quibdó,2021,10,Hurto a comercio,17
Chocó,Quibdó,2021,10,Hurto de vehículos,11
Chocó,Quibdó,2021,10,Lesiones personales,42
Chocó,Quibdó,2021,10,Homicidio,2
Chocó,Quibdó,2021,10,Violencia intrafamiliar,27
Chocó,Quibdó,2021,10,Hurto a residencias,11
Chocó,Quibdó,2021,10,Extorsión,1
Chocó,Quibdó,2021,11,Hurto a personas,53
Chocó,Quibdó,2021,11,Hurto a comercio,19
Chocó,Quibdó,2021,11,Hurto de vehículos,9
Chocó,Quibdó,2021,11,Lesiones personales,37
Chocó,Quibdó,2021,11,Homicidio,3
Chocó,Quibdó,2021,11,Violencia intrafamiliar,28
Chocó,Quibdó,2021,11,Hurto a residencias,10
Chocó,Quibdó,2021,11,Extorsión,2
Chocó,Quibdó,2021,12,Hurto a personas,74
Chocó,Quibdó,2021,12,Hurto a comercio,16
Chocó,Quibdó,2021,12,Hurto de vehículos,13
Chocó,Quibdó,2021,12,Lesiones personales,42
Chocó,Quibdó,2021,12,Homicidio,3
Chocó,Quibdó,2021,12,Violencia intrafamiliar,32
Chocó,Quibdó,2021,12,Hurto a residencias,14
Chocó,Quibdó,2021,12,Extorsión,2
Chocó,Quibdó,2022,1,Hurto a personas,74
Chocó,Quibdó,2022,1,Hurto a comercio,19
Chocó,Quibdó,2022,1,Hurto de vehículos,11
Chocó,Quibdó,2022,1,Lesiones personales,48
Chocó,Quibdó,2022,1,Homicidio,3
Chocó,Quibdó,2022,1,Violencia intrafamiliar,23
Chocó,Quibdó,2022,1,Hurto a residencias,12
Chocó,Quibdó,2022,1,Extorsión,2
Chocó,Quibdó,2022,2,Hurto a personas,52
Chocó,Quibdó,2022,2,Hurto a comercio,15
Chocó,Quibdó,2022,2,Hurto de vehículos,9
Chocó,Quibdó,2022,2,Lesiones personales,37
Chocó,Quibdó,2022,2,Homicidio,3
Chocó,Quibdó,2022,2,Violencia intrafamiliar,25
Chocó,Quibdó,2022,2,Hurto a residencias,13
Chocó,Quibdó,2022,2,Extorsión,2
Chocó,Quibdó,2022,3,Hurto a personas,66
Chocó,Quibdó,2022,3,Hurto a comercio,16
Chocó,Quibdó,2022,3,Hurto de vehículos,10
Chocó,Quibdó,2022,3,Lesiones personales,40
Chocó,Quibdó,2022,3,Homicidio,2
Chocó,Quibdó,2022,3,Violencia intrafamiliar,24
Chocó,Quibdó,2022,3,Hurto a residencias,10
Chocó,Quibdó,2022,3,Extorsión,2
Chocó,Quibdó,2022,4,Hurto a personas,58
Chocó,Quibdó,2022,4,Hurto a comercio,20
Chocó,Quibdó,2022,4,Hurto de vehículos,9
Chocó,Quibdó,2022,4,Lesiones personales,34
Chocó,Quibdó,2022,4,Homicidio,3
Chocó,Quibdó,2022,4,Violencia intrafamiliar,21
Chocó,Quibdó,2022,4,Hurto a residencias,10
Chocó,Quibdó,2022,4,Extorsión,2
Chocó,Quibdó,2022,5,Hurto a personas,60
Chocó,Quibdó,2022,5,Hurto a comercio,18
Chocó,Quibdó,2022,5,Hurto de vehículos,10
Chocó,Quibdó,2022,5,Lesiones personales,43
Chocó,Quibdó,2022,5,Homicidio,3
Chocó,Quibdó,2022,5,Violencia intrafamiliar,29
Chocó,Quibdó,2022,5,Hurto a residencias,13
Chocó,Quibdó,2022,5,Extorsión,2
Chocó,Quibdó,2022,6,Hurto a personas,72
Chocó,Quibdó,2022,6,Hurto a comercio,15
Chocó,Quibdó,2022,6,Hurto de vehículos,15
Chocó,Quibdó,2022,6,Lesiones personales,35
Chocó,Quibdó,2022,6,Homicidio,3
Chocó,Quibdó,2022,6,Violencia intrafamiliar,32
Chocó,Quibdó,2022,6,Hurto a residencias,16
Chocó,Quibdó,2022,6,Extorsión,2
Chocó,Quibdó,2022,7,Hurto a personas,77
Chocó,Quibdó,2022,7,Hurto a comercio,18
Chocó,Quibdó,2022,7,Hurto de vehículos,10
Chocó,Quibdó,2022,7,Lesiones personales,39
Chocó,Quibdó,2022,7,Homicidio,3
Chocó,Quibdó,2022,7,Violencia intrafamiliar,24
Chocó,Quibdó,2022,7,Hurto a residencias,14
Chocó,Quibdó,2022,7,Extorsión,2
Chocó,Quibdó,2022,8,Hurto a personas,55
Chocó,Quibdó,2022,8,Hurto a comercio,16
Chocó,Quibdó,2022,8,Hurto de vehículos,13
Chocó,Quibdó,2022,8,Lesiones personales,38
Chocó,Quibdó,2022,8,Homicidio,3
Chocó,Quibdó,2022,8,Violencia intrafamiliar,29
Chocó,Quibdó,2022,8,Hurto a residencias,12
Chocó,Quibdó,2022,8,Extorsión,2
Chocó,Quibdó,2022,9,Hurto a personas,72
Chocó,Quibdó,2022,9,Hurto a comercio,18
Chocó,Quibdó,2022,9,Hurto de vehículos,10
Chocó,Quibdó,2022,9,Lesiones personales,45
Chocó,Quibdó,2022,9,Homicidio,2
Chocó,Quibdó,2022,9,Violencia intrafamiliar,29
Chocó,Quibdó,2022,9,Hurto a residencias,13
Chocó,Quibdó,2022,9,Extorsión,2
Chocó,Quibdó,2022,10,Hurto a personas,48
Chocó,Quibdó,2022,10,Hurto a comercio,15
Chocó,Quibdó,2022,10,Hurto de vehículos,12
Chocó,Quibdó,2022,10,Lesiones personales,45
Chocó,Quibdó,2022,10,Homicidio,3
Chocó,Quibdó,2022,10,Violencia intrafamiliar,24
Chocó,Quibdó,2022,10,Hurto a residencias,11
Chocó,Quibdó,2022,10,Extorsión,2
Chocó,Quibdó,2022,11,Hurto a personas,54
Chocó,Quibdó,2022,11,Hurto a comercio,18
Chocó,Quibdó,2022,11,Hurto de vehículos,10
Chocó,Quibdó,2022,11,Lesiones personales,42
Chocó,Quibdó,2022,11,Homicidio,3
Chocó,Quibdó,2022,11,Violencia intrafamiliar,26
Chocó,Quibdó,2022,11,Hurto a residencias,13
Chocó,Quibdó,2022,11,Extorsión,2
Chocó,Quibdó,2022,12,Hurto a personas,87
Chocó,Quibdó,2022,12,Hurto a comercio,21
Chocó,Quibdó,2022,12,Hurto de vehículos,13
Chocó,Quibdó,2022,12,Lesiones personales,44
Chocó,Quibdó,2022,12,Homicidio,3
Chocó,Quibdó,2022,12,Violencia intrafamiliar,30
Chocó,Quibdó,2022,12,Hurto a residencias,14
Chocó,Quibdó,2022,12,Extorsión,2
Chocó,Quibdó,2023,1,Hurto a personas,67
Chocó,Quibdó,2023,1,Hurto a comercio,18
Chocó,Quibdó,2023,1,Hurto de vehículos,12
Chocó,Quibdó,2023,1,Lesiones personales,49
Chocó,Quibdó,2023,1,Homicidio,3
Chocó,Quibdó,2023,1,Violencia intrafamiliar,30
Chocó,Quibdó,2023,1,Hurto a residencias,13
Chocó,Quibdó,2023,1,Extorsión,2
Chocó,Quibdó,2023,2,Hurto a personas,70
Chocó,Quibdó,2023,2,Hurto a comercio,15
Chocó,Quibdó,2023,2,Hurto de vehículos,10
Chocó,Quibdó,2023,2,Lesiones personales,39
Chocó,Quibdó,2023,2,Homicidio,3
Chocó,Quibdó,2023,2,Violencia intrafamiliar,25
Chocó,Quibdó,2023,2,Hurto a residencias,11
Chocó,Quibdó,2023,2,Extorsión,2
Chocó,Quibdó,2023,3,Hurto a personas,66
Chocó,Quibdó,2023,3,Hurto a comercio,15
Chocó,Quibdó,2023,3,Hurto de vehículos,11
Chocó,Quibdó,2023,3,Lesiones personales,42
Chocó,Quibdó,2023,3,Homicidio,2
Chocó,Quibdó,2023,3,Violencia intrafamiliar,21
Chocó,Quibdó,2023,3,Hurto a residencias,13
Chocó,Quibdó,2023,3,Extorsión,2
Chocó,Quibdó,2023,4,Hurto a personas,56
Chocó,Quibdó,2023,4,Hurto a comercio,15
Chocó,Quibdó,2023,4,Hurto de vehículos,10
Chocó,Quibdó,2023,4,Lesiones personales,35
Chocó,Quibdó,2023,4,Homicidio,2
Chocó,Quibdó,2023,4,Violencia intrafamiliar,22
Chocó,Quibdó,2023,4,Hurto a residencias,11
Chocó,Quibdó,2023,4,Extorsión,2
Chocó,Quibdó,2023,5,Hurto a personas,59
Chocó,Quibdó,2023,5,Hurto a comercio,19
Chocó,Quibdó,2023,5,Hurto de vehículos,11
Chocó,Quibdó,2023,5,Lesiones personales,44
Chocó,Quibdó,2023,5,Homicidio,3
Chocó,Quibdó,2023,5,Violencia intrafamiliar,23
Chocó,Quibdó,2023,5,Hurto a residencias,13
Chocó,Quibdó,2023,5,Extorsión,1
Chocó,Quibdó,2023,6,Hurto a personas,61
Chocó,Quibdó,2023,6,Hurto a comercio,16
Chocó,Quibdó,2023,6,Hurto de vehículos,11
Chocó,Quibdó,2023,6,Lesiones personales,39
Chocó,Quibdó,2023,6,Homicidio,4
Chocó,Quibdó,2023,6,Violencia intrafamiliar,24
Chocó,Quibdó,2023,6,Hurto a residencias,12
Chocó,Quibdó,2023,6,Extorsión,1
Chocó,Quibdó,2023,7,Hurto a personas,52
Chocó,Quibdó,2023,7,Hurto a comercio,13
Chocó,Quibdó,2023,7,Hurto de vehículos,9
Chocó,Quibdó,2023,7,Lesiones personales,30
Chocó,Quibdó,2023,7,Homicidio,3
Chocó,Quibdó,2023,7,Violencia intrafamiliar,26
Chocó,Quibdó,2023,7,Hurto a residencias,9
Chocó,Quibdó,2023,7,Extorsión,2
Chocó,Quibdó,2023,8,Hurto a personas,73
Chocó,Quibdó,2023,8,Hurto a comercio,15
Chocó,Quibdó,2023,8,Hurto de vehículos,11
Chocó,Quibdó,2023,8,Lesiones personales,44
Chocó,Quibdó,2023,8,Homicidio,2
Chocó,Quibdó,2023,8,Violencia intrafamiliar,22
Chocó,Quibdó,2023,8,Hurto a residencias,12
Chocó,Quibdó,2023,8,Extorsión,1
Chocó,Quibdó,2023,9,Hurto a personas,61
Chocó,Quibdó,2023,9,Hurto a comercio,18
Chocó,Quibdó,2023,9,Hurto de vehículos,13
Chocó,Quibdó,2023,9,Lesiones personales,36
Chocó,Quibdó,2023,9,Homicidio,2
Chocó,Quibdó,2023,9,Violencia intrafamiliar,26
Chocó,Quibdó,2023,9,Hurto a residencias,9
Chocó,Quibdó,2023,9,Extorsión,2
Chocó,Quibdó,2023,10,Hurto a personas,52
Chocó,Quibdó,2023,10,Hurto a comercio,16
Chocó,Quibdó,2023,10,Hurto de vehículos,11
Chocó,Quibdó,2023,10,Lesiones personales,50
Chocó,Quibdó,2023,10,Homicidio,2
Chocó,Quibdó,2023,10,Violencia intrafamiliar,23
Chocó,Quibdó,2023,10,Hurto a residencias,9
Chocó,Quibdó,2023,10,Extorsión,1
Chocó,Quibdó,2023,11,Hurto a personas,63
Chocó,Quibdó,2023,11,Hurto a comercio,17
Chocó,Quibdó,2023,11,Hurto de vehículos,10
Chocó,Quibdó,2023,11,Lesiones personales,35
Chocó,Quibdó,2023,11,Homicidio,2
Chocó,Quibdó,2023,11,Violencia intrafamiliar,28
Chocó,Quibdó,2023,11,Hurto a residencias,10
Chocó,Quibdó,2023,11,Extorsión,2
Chocó,Quibdó,2023,12,Hurto a personas,61
Chocó,Quibdó,2023,12,Hurto a comercio,21
Chocó,Quibdó,2023,12,Hurto de vehículos,11
Chocó,Quibdó,2023,12,Lesiones personales,36
Chocó,Quibdó,2023,12,Homicidio,3
Chocó,Quibdó,2023,12,Violencia intrafamiliar,32
Chocó,Quibdó,2023,12,Hurto a residencias,17
Chocó,Quibdó,2023,12,Extorsión,2
Chocó,Quibdó,2024,1,Hurto a personas,76
Chocó,Quibdó,2024,1,Hurto a comercio,14
Chocó,Quibdó,2024,1,Hurto de vehículos,11
Chocó,Quibdó,2024,1,Lesiones personales,37
Chocó,Quibdó,2024,1,Homicidio,3
Chocó,Quibdó,2024,1,Violencia intrafamiliar,20
Chocó,Quibdó,2024,1,Hurto a residencias,16
Chocó,Quibdó,2024,1,Extorsión,2
Chocó,Quibdó,2024,2,Hurto a personas,66
Chocó,Quibdó,2024,2,Hurto a comercio,13
Chocó,Quibdó,2024,2,Hurto de vehículos,11
Chocó,Quibdó,2024,2,Lesiones personales,41
Chocó,Quibdó,2024,2,Homicidio,3
Chocó,Quibdó,2024,2,Violencia intrafamiliar,23
Chocó,Quibdó,2024,2,Hurto a residencias,10
Chocó,Quibdó,2024,2,Extorsión,1
Chocó,Quibdó,2024,3,Hurto a personas,67
Chocó,Quibdó,2024,3,Hurto a comercio,12
Chocó,Quibdó,2024,3,Hurto de vehículos,9
Chocó,Quibdó,2024,3,Lesiones personales,32
Chocó,Quibdó,2024,3,Homicidio,3
Chocó,Quibdó,2024,3,Violencia intrafamiliar,26
Chocó,Quibdó,2024,3,Hurto a residencias,11
Chocó,Quibdó,2024,3,Extorsión,2
Chocó,Quibdó,2024,4,Hurto a personas,53
Chocó,Quibdó,2024,4,Hurto a comercio,14
Chocó,Quibdó,2024,4,Hurto de vehículos,12
Chocó,Quibdó,2024,4,Lesiones personales,43
Chocó,Quibdó,2024,4,Homicidio,3
Chocó,Quibdó,2024,4,Violencia intrafamiliar,27
Chocó,Quibdó,2024,4,Hurto a residencias,13
Chocó,Quibdó,2024,4,Extorsión,1
Chocó,Quibdó,2024,5,Hurto a personas,68
Chocó,Quibdó,2024,5,Hurto a comercio,13
Chocó,Quibdó,2024,5,Hurto de vehículos,13
Chocó,Quibdó,2024,5,Lesiones personales,46
Chocó,Quibdó,2024,5,Homicidio,3
Chocó,Quibdó,2024,5,Violencia intrafamiliar,28
Chocó,Quibdó,2024,5,Hurto a residencias,15
Chocó,Quibdó,2024,5,Extorsión,1
Chocó,Quibdó,2024,6,Hurto a personas,64
Chocó,Quibdó,2024,6,Hurto a comercio,15
Chocó,Quibdó,2024,6,Hurto de vehículos,14
Chocó,Quibdó,2024,6,Lesiones personales,36
Chocó,Quibdó,2024,6,Homicidio,2
Chocó,Quibdó,2024,6,Violencia intrafamiliar,28
Chocó,Quibdó,2024,6,Hurto a residencias,11
Chocó,Quibdó,2024,6,Extorsión,2
Chocó,Quibdó,2024,7,Hurto a personas,67
Chocó,Quibdó,2024,7,Hurto a comercio,13
Chocó,Quibdó,2024,7,Hurto de vehículos,13
Chocó,Quibdó,2024,7,Lesiones personales,32
Chocó,Quibdó,2024,7,Homicidio,2
Chocó,Quibdó,2024,7,Violencia intrafamiliar,21
Chocó,Quibdó,2024,7,Hurto a residencias,11
Chocó,Quibdó,2024,7,Extorsión,2
Chocó,Quibdó,2024,8,Hurto a personas,68
Chocó,Quibdó,2024,8,Hurto a comercio,14
Chocó,Quibdó,2024,8,Hurto de vehículos,12
Chocó,Quibdó,2024,8,Lesiones personales,40
Chocó,Quibdó,2024,8,Homicidio,3
Chocó,Quibdó,2024,8,Violencia intrafamiliar,20
Chocó,Quibdó,2024,8,Hurto a residencias,12
Chocó,Quibdó,2024,8,Extorsión,2
Chocó,Quibdó,2024,9,Hurto a personas,55
Chocó,Quibdó,2024,9,Hurto a comercio,14
Chocó,Quibdó,2024,9,Hurto de vehículos,9
Chocó,Quibdó,2024,9,Lesiones personales,32
Chocó,Quibdó,2024,9,Homicidio,3
Chocó,Quibdó,2024,9,Violencia intrafamiliar,24
Chocó,Quibdó,2024,9,Hurto a residencias,12
Chocó,Quibdó,2024,9,Extorsión,2
Chocó,Quibdó,2024,10,Hurto a personas,64
Chocó,Quibdó,2024,10,Hurto a comercio,19
Chocó,Quibdó,2024,10,Hurto de vehículos,9
Chocó,Quibdó,2024,10,Lesiones personales,43
Chocó,Quibdó,2024,10,Homicidio,3
Chocó,Quibdó,2024,10,Violencia intrafamiliar,20
Chocó,Quibdó,2024,10,Hurto a residencias,11
Chocó,Quibdó,2024,10,Extorsión,2
Chocó,Quibdó,2024,11,Hurto a personas,53
Chocó,Quibdó,2024,11,Hurto a comercio,13
Chocó,Quibdó,2024,11,Hurto de vehículos,10
Chocó,Quibdó,2024,11,Lesiones personales,43
Chocó,Quibdó,2024,11,Homicidio,3
Chocó,Quibdó,2024,11,Violencia intrafamiliar,26
Chocó,Quibdó,2024,11,Hurto a residencias,10
Chocó,Quibdó,2024,11,Extorsión,2
Chocó,Quibdó,2024,12,Hurto a personas,61
Chocó,Quibdó,2024,12,Hurto a comercio,19
Chocó,Quibdó,2024,12,Hurto de vehículos,11
Chocó,Quibdó,2024,12,Lesiones personales,36
Chocó,Quibdó,2024,12,Homicidio,3
Chocó,Quibdó,2024,12,Violencia intrafamiliar,30
Chocó,Quibdó,2024,12,Hurto a residencias,13
Chocó,Quibdó,2024,12,Extorsión,2
Caquetá,Florencia,2020,1,Hurto a personas,73
Caquetá,Florencia,2020,1,Hurto a comercio,17
Caquetá,Florencia,2020,1,Hurto de vehículos,13
Caquetá,Florencia,2020,1,Lesiones personales,48
Caquetá,Florencia,2020,1,Homicidio,4
Caquetá,Florencia,2020,1,Violencia intrafamiliar,30
Caquetá,Florencia,2020,1,Hurto a residencias,17
Caquetá,Florencia,2020,1,Extorsión,2
Caquetá,Florencia,2020,2,Hurto a personas,66
Caquetá,Florencia,2020,2,Hurto a comercio,18
Caquetá,Florencia,2020,2,Hurto de vehículos,13
Caquetá,Florencia,2020,2,Lesiones personales,39
Caquetá,Florencia,2020,2,Homicidio,4
Caquetá,Florencia,2020,2,Violencia intrafamiliar,29
Caquetá,Florencia,2020,2,Hurto a residencias,17
Caquetá,Florencia,2020,2,Extorsión,3
Caquetá,Florencia,2020,3,Hurto a personas,56
Caquetá,Florencia,2020,3,Hurto a comercio,17
Caquetá,Florencia,2020,3,Hurto de vehículos,12
Caquetá,Florencia,2020,3,Lesiones personales,49
Caquetá,Florencia,2020,3,Homicidio,4
Caquetá,Florencia,2020,3,Violencia intrafamiliar,24
Caquetá,Florencia,2020,3,Hurto a residencias,11
Caquetá,Florencia,2020,3,Extorsión,2
Caquetá,Florencia,2020,4,Hurto a personas,75
Caquetá,Florencia,2020,4,Hurto a comercio,24
Caquetá,Florencia,2020,4,Hurto de vehículos,11
Caquetá,Florencia,2020,4,Lesiones personales,45
Caquetá,Florencia,2020,4,Homicidio,4
Caquetá,Florencia,2020,4,Violencia intrafamiliar,26
Caquetá,Florencia,2020,4,Hurto a residencias,16
Caquetá,Florencia,2020,4,Extorsión,2
Caquetá,Florencia,2020,5,Hurto a personas,88
Caquetá,Florencia,2020,5,Hurto a comercio,17
Caquetá,Florencia,2020,5,Hurto de vehículos,16
Caquetá,Florencia,2020,5,Lesiones personales,43
Caquetá,Florencia,2020,5,Homicidio,4
Caquetá,Florencia,2020,5,Violencia intrafamiliar,31
Caquetá,Florencia,2020,5,Hurto a residencias,16
Caquetá,Florencia,2020,5,Extorsión,2
Caquetá,Florencia,2020,6,Hurto a personas,66
Caquetá,Florencia,2020,6,Hurto a comercio,17
Caquetá,Florencia,2020,6,Hurto de vehículos,14
Caquetá,Florencia,2020,6,Lesiones personales,43
Caquetá,Florencia,2020,6,Homicidio,3
Caquetá,Florencia,2020,6,Violencia intrafamiliar,38
Caquetá,Florencia,2020,6,Hurto a residencias,14
Caquetá,Florencia,2020,6,Extorsión,2
Caquetá,Florencia,2020,7,Hurto a personas,85
Caquetá,Florencia,2020,7,Hurto a comercio,18
Caquetá,Florencia,2020,7,Hurto de vehículos,13
Caquetá,Florencia,2020,7,Lesiones personales,44
Caquetá,Florencia,2020,7,Homicidio,4
Caquetá,Florencia,2020,7,Violencia intrafamiliar,25
Caquetá,Florencia,2020,7,Hurto a residencias,14
Caquetá,Florencia,2020,7,Extorsión,2
Caquetá,Florencia,2020,8,Hurto a personas,89
Caquetá,Florencia,2020,8,Hurto a comercio,20
Caquetá,Florencia,2020,8,Hurto de vehículos,14
Caquetá,Florencia,2020,8,Lesiones personales,46
Caquetá,Florencia,2020,8,Homicidio,4
Caquetá,Florencia,2020,8,Violencia intrafamiliar,27
Caquetá,Florencia,2020,8,Hurto a residencias,15
Caquetá,Florencia,2020,8,Extorsión,1
Caquetá,Florencia,2020,9,Hurto a personas,86
Caquetá,Florencia,2020,9,Hurto a comercio,20
Caquetá,Florencia,2020,9,Hurto de vehículos,14
Caquetá,Florencia,2020,9,Lesiones personales,50
Caquetá,Florencia,2020,9,Homicidio,4
Caquetá,Florencia,2020,9,Violencia intrafamiliar,23
Caquetá,Florencia,2020,9,Hurto a residencias,13
Caquetá,Florencia,2020,9,Extorsión,2
Caquetá,Florencia,2020,10,Hurto a personas,55
Caquetá,Florencia,2020,10,Hurto a comercio,17
Caquetá,Florencia,2020,10,Hurto de vehículos,13
Caquetá,Florencia,2020,10,Lesiones personales,44
Caquetá,Florencia,2020,10,Homicidio,3
Caquetá,Florencia,2020,10,Violencia intrafamiliar,28
Caquetá,Florencia,2020,10,Hurto a residencias,11
Caquetá,Florencia,2020,10,Extorsión,2
Caquetá,Florencia,2020,11,Hurto a personas,62
Caquetá,Florencia,2020,11,Hurto a comercio,24
Caquetá,Florencia,2020,11,Hurto de vehículos,12
Caquetá,Florencia,2020,11,Lesiones personales,47
Caquetá,Florencia,2020,11,Homicidio,3
Caquetá,Florencia,2020,11,Violencia intrafamiliar,31
Caquetá,Florencia,2020,11,Hurto a residencias,14
Caquetá,Florencia,2020,11,Extorsión,2
Caquetá,Florencia,2020,12,Hurto a personas,70
Caquetá,Florencia,2020,12,Hurto a comercio,18
Caquetá,Florencia,2020,12,Hurto de vehículos,14
Caquetá,Florencia,2020,12,Lesiones personales,44
Caquetá,Florencia,2020,12,Homicidio,5
Caquetá,Florencia,2020,12,Violencia intrafamiliar,34
Caquetá,Florencia,2020,12,Hurto a residencias,15
Caquetá,Florencia,2020,12,Extorsión,3
Caquetá,Florencia,2021,1,Hurto a personas,85
Caquetá,Florencia,2021,1,Hurto a comercio,19
Caquetá,Florencia,2021,1,Hurto de vehículos,16
Caquetá,Florencia,2021,1,Lesiones personales,49
Caquetá,Florencia,2021,1,Homicidio,4
Caquetá,Florencia,2021,1,Violencia intrafamiliar,32
Caquetá,Florencia,2021,1,Hurto a residencias,15
Caquetá,Florencia,2021,1,Extorsión,2
Caquetá,Florencia,2021,2,Hurto a personas,77
Caquetá,Florencia,2021,2,Hurto a comercio,22
Caquetá,Florencia,2021,2,Hurto de vehículos,16
Caquetá,Florencia,2021,2,Lesiones personales,43
Caquetá,Florencia,2021,2,Homicidio,4
Caquetá,Florencia,2021,2,Violencia intrafamiliar,29
Caquetá,Florencia,2021,2,Hurto a residencias,11
Caquetá,Florencia,2021,2,Extorsión,2
Caquetá,Florencia,2021,3,Hurto a personas,78
Caquetá,Florencia,2021,3,Hurto a comercio,18
Caquetá,Florencia,2021,3,Hurto de vehículos,12
Caquetá,Florencia,2021,3,Lesiones personales,55
Caquetá,Florencia,2021,3,Homicidio,4
Caquetá,Florencia,2021,3,Violencia intrafamiliar,29
Caquetá,Florencia,2021,3,Hurto a residencias,17
Caquetá,Florencia,2021,3,Extorsión,2
Caquetá,Florencia,2021,4,Hurto a personas,64
Caquetá,Florencia,2021,4,Hurto a comercio,21
Caquetá,Florencia,2021,4,Hurto de vehículos,17
Caquetá,Florencia,2021,4,Lesiones personales,42
Caquetá,Florencia,2021,4,Homicidio,3
Caquetá,Florencia,2021,4,Violencia intrafamiliar,24
Caquetá,Florencia,2021,4,Hurto a residencias,12
Caquetá,Florencia,2021,4,Extorsión,2
Caquetá,Florencia,2021,5,Hurto a personas,67
Caquetá,Florencia,2021,5,Hurto a comercio,19
Caquetá,Florencia,2021,5,Hurto de vehículos,13
Caquetá,Florencia,2021,5,Lesiones personales,55
Caquetá,Florencia,2021,5,Homicidio,3
Caquetá,Florencia,2021,5,Violencia intrafamiliar,29
Caquetá,Florencia,2021,5,Hurto a residencias,17
Caquetá,Florencia,2021,5,Extorsión,2
Caquetá,Florencia,2021,6,Hurto a personas,67
Caquetá,Florencia,2021,6,Hurto a comercio,19
Caquetá,Florencia,2021,6,Hurto de vehículos,14
Caquetá,Florencia,2021,6,Lesiones personales,47
Caquetá,Florencia,2021,6,Homicidio,3
Caquetá,Florencia,2021,6,Violencia intrafamiliar,25
Caquetá,Florencia,2021,6,Hurto a residencias,18
Caquetá,Florencia,2021,6,Extorsión,2
Caquetá,Florencia,2021,7,Hurto a personas,64
Caquetá,Florencia,2021,7,Hurto a comercio,17
Caquetá,Florencia,2021,7,Hurto de vehículos,10
Caquetá,Florencia,2021,7,Lesiones personales,37
Caquetá,Florencia,2021,7,Homicidio,3
Caquetá,Florencia,2021,7,Violencia intrafamiliar,28
Caquetá,Florencia,2021,7,Hurto a residencias,16
Caquetá,Florencia,2021,7,Extorsión,2
Caquetá,Florencia,2021,8,Hurto a personas,84
Caquetá,Florencia,2021,8,Hurto a comercio,15
Caquetá,Florencia,2021,8,Hurto de vehículos,12
Caquetá,Florencia,2021,8,Lesiones personales,43
Caquetá,Florencia,2021,8,Homicidio,4
Caquetá,Florencia,2021,8,Violencia intrafamiliar,25
Caquetá,Florencia,2021,8,Hurto a residencias,14
Caquetá,Florencia,2021,8,Extorsión,1
Caquetá,Florencia,2021,9,Hurto a personas,81
Caquetá,Florencia,2021,9,Hurto a comercio,21
Caquetá,Florencia,2021,9,Hurto de vehículos,11
Caquetá,Florencia,2021,9,Lesiones personales,47
Caquetá,Florencia,2021,9,Homicidio,3
Caquetá,Florencia,2021,9,Violencia intrafamiliar,27
Caquetá,Florencia,2021,9,Hurto a residencias,12
Caquetá,Florencia,2021,9,Extorsión,2
Caquetá,Florencia,2021,10,Hurto a personas,60
Caquetá,Florencia,2021,10,Hurto a comercio,16
Caquetá,Florencia,2021,10,Hurto de vehículos,14
Caquetá,Florencia,2021,10,Lesiones personales,43
Caquetá,Florencia,2021,10,Homicidio,3
Caquetá,Florencia,2021,10,Violencia intrafamiliar,27
Caquetá,Florencia,2021,10,Hurto a residencias,14
Caquetá,Florencia,2021,10,Extorsión,2
Caquetá,Florencia,2021,11,Hurto a personas,87
Caquetá,Florencia,2021,11,Hurto a comercio,17
Caquetá,Florencia,2021,11,Hurto de vehículos,13
Caquetá,Florencia,2021,11,Lesiones personales,36
Caquetá,Florencia,2021,11,Homicidio,4
Caquetá,Florencia,2021,11,Violencia intrafamiliar,24
Caquetá,Florencia,2021,11,Hurto a residencias,13
Caquetá,Florencia,2021,11,Extorsión,2
Caquetá,Florencia,2021,12,Hurto a personas,86
Caquetá,Florencia,2021,12,Hurto a comercio,23
Caquetá,Florencia,2021,12,Hurto de vehículos,14
Caquetá,Florencia,2021,12,Lesiones personales,43
Caquetá,Florencia,2021,12,Homicidio,4
Caquetá,Florencia,2021,12,Violencia intrafamiliar,33
Caquetá,Florencia,2021,12,Hurto a residencias,20
Caquetá,Florencia,2021,12,Extorsión,3
Caquetá,Florencia,2022,1,Hurto a personas,67
Caquetá,Florencia,2022,1,Hurto a comercio,19
Caquetá,Florencia,2022,1,Hurto de vehículos,17
Caquetá,Florencia,2022,1,Lesiones personales,38
Caquetá,Florencia,2022,1,Homicidio,3
Caquetá,Florencia,2022,1,Violencia intrafamiliar,35
Caquetá,Florencia,2022,1,Hurto a residencias,14
Caquetá,Florencia,2022,1,Extorsión,2
Caquetá,Florencia,2022,2,Hurto a personas,60
Caquetá,Florencia,2022,2,Hurto a comercio,16
Caquetá,Florencia,2022,2,Hurto de vehículos,10
Caquetá,Florencia,2022,2,Lesiones personales,45
Caquetá,Florencia,2022,2,Homicidio,3
Caquetá,Florencia,2022,2,Violencia intrafamiliar,31
Caquetá,Florencia,2022,2,Hurto a residencias,11
Caquetá,Florencia,2022,2,Extorsión,2
Caquetá,Florencia,2022,3,Hurto a personas,72
Caquetá,Florencia,2022,3,Hurto a comercio,21
Caquetá,Florencia,2022,3,Hurto de vehículos,12
Caquetá,Florencia,2022,3,Lesiones personales,39
Caquetá,Florencia,2022,3,Homicidio,3
Caquetá,Florencia,2022,3,Violencia intrafamiliar,25
Caquetá,Florencia,2022,3,Hurto a residencias,14
Caquetá,Florencia,2022,3,Extorsión,1
Caquetá,Florencia,2022,4,Hurto a personas,65
Caquetá,Florencia,2022,4,Hurto a comercio,18
Caquetá,Florencia,2022,4,Hurto de vehículos,12
Caquetá,Florencia,2022,4,Lesiones personales,39
Caquetá,Florencia,2022,4,Homicidio,2
Caquetá,Florencia,2022,4,Violencia intrafamiliar,31
Caquetá,Florencia,2022,4,Hurto a residencias,16
Caquetá,Florencia,2022,4,Extorsión,2
Caquetá,Florencia,2022,5,Hurto a personas,73
Caquetá,Florencia,2022,5,Hurto a comercio,21
Caquetá,Florencia,2022,5,Hurto de vehículos,11
Caquetá,Florencia,2022,5,Lesiones personales,39
Caquetá,Florencia,2022,5,Homicidio,3
Caquetá,Florencia,2022,5,Violencia intrafamiliar,23
Caquetá,Florencia,2022,5,Hurto a residencias,15
Caquetá,Florencia,2022,5,Extorsión,2
Caquetá,Florencia,2022,6,Hurto a personas,65
Caquetá,Florencia,2022,6,Hurto a comercio,23
Caquetá,Florencia,2022,6,Hurto de vehículos,13
Caquetá,Florencia,2022,6,Lesiones personales,52
Caquetá,Florencia,2022,6,Homicidio,3
Caquetá,Florencia,2022,6,Violencia intrafamiliar,35
Caquetá,Florencia,2022,6,Hurto a residencias,18
Caquetá,Florencia,2022,6,Extorsión,2
Caquetá,Florencia,2022,7,Hurto a personas,86
Caquetá,Florencia,2022,7,Hurto a comercio,21
Caquetá,Florencia,2022,7,Hurto de vehículos,13
Caquetá,Florencia,2022,7,Lesiones personales,45
Caquetá,Florencia,2022,7,Homicidio,4
Caquetá,Florencia,2022,7,Violencia intrafamiliar,25
Caquetá,Florencia,2022,7,Hurto a residencias,13
Caquetá,Florencia,2022,7,Extorsión,2
Caquetá,Florencia,2022,8,Hurto a personas,86
Caquetá,Florencia,2022,8,Hurto a comercio,18
Caquetá,Florencia,2022,8,Hurto de vehículos,14
Caquetá,Florencia,2022,8,Lesiones personales,43
Caquetá,Florencia,2022,8,Homicidio,4
Caquetá,Florencia,2022,8,Violencia intrafamiliar,25
Caquetá,Florencia,2022,8,Hurto a residencias,15
Caquetá,Florencia,2022,8,Extorsión,2
Caquetá,Florencia,2022,9,Hurto a personas,58
Caquetá,Florencia,2022,9,Hurto a comercio,17
Caquetá,Florencia,2022,9,Hurto de vehículos,16
Caquetá,Florencia,2022,9,Lesiones personales,38
Caquetá,Florencia,2022,9,Homicidio,3
Caquetá,Florencia,2022,9,Violencia intrafamiliar,33
Caquetá,Florencia,2022,9,Hurto a residencias,12
Caquetá,Florencia,2022,9,Extorsión,2
Caquetá,Florencia,2022,10,Hurto a personas,88
Caquetá,Florencia,2022,10,Hurto a comercio,21
Caquetá,Florencia,2022,10,Hurto de vehículos,11
Caquetá,Florencia,2022,10,Lesiones personales,37
Caquetá,Florencia,2022,10,Homicidio,3
Caquetá,Florencia,2022,10,Violencia intrafamiliar,32
Caquetá,Florencia,2022,10,Hurto a residencias,13
Caquetá,Florencia,2022,10,Extorsión,2
Caquetá,Florencia,2022,11,Hurto a personas,53
Caquetá,Florencia,2022,11,Hurto a comercio,18
Caquetá,Florencia,2022,11,Hurto de vehículos,14
Caquetá,Florencia,2022,11,Lesiones personales,39
Caquetá,Florencia,2022,11,Homicidio,3
Caquetá,Florencia,2022,11,Violencia intrafamiliar,22
Caquetá,Florencia,2022,11,Hurto a residencias,15
Caquetá,Florencia,2022,11,Extorsión,2
Caquetá,Florencia,2022,12,Hurto a personas,78
Caquetá,Florencia,2022,12,Hurto a comercio,23
Caquetá,Florencia,2022,12,Hurto de vehículos,12
Caquetá,Florencia,2022,12,Lesiones personales,45
Caquetá,Florencia,2022,12,Homicidio,4
Caquetá,Florencia,2022,12,Violencia intrafamiliar,38
Caquetá,Florencia,2022,12,Hurto a residencias,16
Caquetá,Florencia,2022,12,Extorsión,2
Caquetá,Florencia,2023,1,Hurto a personas,87
Caquetá,Florencia,2023,1,Hurto a comercio,19
Caquetá,Florencia,2023,1,Hurto de vehículos,15
Caquetá,Florencia,2023,1,Lesiones personales,37
Caquetá,Florencia,2023,1,Homicidio,4
Caquetá,Florencia,2023,1,Violencia intrafamiliar,33
Caquetá,Florencia,2023,1,Hurto a residencias,16
Caquetá,Florencia,2023,1,Extorsión,2
Caquetá,Florencia,2023,2,Hurto a personas,62
Caquetá,Florencia,2023,2,Hurto a comercio,18
Caquetá,Florencia,2023,2,Hurto de vehículos,13
Caquetá,Florencia,2023,2,Lesiones personales,44
Caquetá,Florencia,2023,2,Homicidio,4
Caquetá,Florencia,2023,2,Violencia intrafamiliar,23
Caquetá,Florencia,2023,2,Hurto a residencias,13
Caquetá,Florencia,2023,2,Extorsión,2
Caquetá,Florencia,2023,3,Hurto a personas,66
Caquetá,Florencia,2023,3,Hurto a comercio,18
Caquetá,Florencia,2023,3,Hurto de vehículos,13
Caquetá,Florencia,2023,3,Lesiones personales,43
Caquetá,Florencia,2023,3,Homicidio,4
Caquetá,Florencia,2023,3,Violencia intrafamiliar,30
Caquetá,Florencia,2023,3,Hurto a residencias,17
Caquetá,Florencia,2023,3,Extorsión,2
Caquetá,Florencia,2023,4,Hurto a personas,54
Caquetá,Florencia,2023,4,Hurto a comercio,16
Caquetá,Florencia,2023,4,Hurto de vehículos,13
Caquetá,Florencia,2023,4,Lesiones personales,35
Caquetá,Florencia,2023,4,Homicidio,3
Caquetá,Florencia,2023,4,Violencia intrafamiliar,22
Caquetá,Florencia,2023,4,Hurto a residencias,18
Caquetá,Florencia,2023,4,Extorsión,2
Caquetá,Florencia,2023,5,Hurto a personas,84
Caquetá,Florencia,2023,5,Hurto a comercio,19
Caquetá,Florencia,2023,5,Hurto de vehículos,12
Caquetá,Florencia,2023,5,Lesiones personales,44
Caquetá,Florencia,2023,5,Homicidio,3
Caquetá,Florencia,2023,5,Violencia intrafamiliar,34
Caquetá,Florencia,2023,5,Hurto a residencias,13
Caquetá,Florencia,2023,5,Extorsión,1
Caquetá,Florencia,2023,6,Hurto a personas,86
Caquetá,Florencia,2023,6,Hurto a comercio,22
Caquetá,Florencia,2023,6,Hurto de vehículos,12
Caquetá,Florencia,2023,6,Lesiones personales,49
Caquetá,Florencia,2023,6,Homicidio,3
Caquetá,Florencia,2023,6,Violencia intrafamiliar,30
Caquetá,Florencia,2023,6,Hurto a residencias,13
Caquetá,Florencia,2023,6,Extorsión,2
Caquetá,Florencia,2023,7,Hurto a personas,71
Caquetá,Florencia,2023,7,Hurto a comercio,16
Caquetá,Florencia,2023,7,Hurto de vehículos,11
Caquetá,Florencia,2023,7,Lesiones personales,45
Caquetá,Florencia,2023,7,Homicidio,3
Caquetá,Florencia,2023,7,Violencia intrafamiliar,27
Caquetá,Florencia,2023,7,Hurto a residencias,16
Caquetá,Florencia,2023,7,Extorsión,2
Caquetá,Florencia,2023,8,Hurto a personas,70
Caquetá,Florencia,2023,8,Hurto a comercio,18
Caquetá,Florencia,2023,8,Hurto de vehículos,14
Caquetá,Florencia,2023,8,Lesiones personales,46
Caquetá,Florencia,2023,8,Homicidio,2
Caquetá,Florencia,2023,8,Violencia intrafamiliar,29
Caquetá,Florencia,2023,8,Hurto a residencias,13
Caquetá,Florencia,2023,8,Extorsión,2
Caquetá,Florencia,2023,9,Hurto a personas,79
Caquetá,Florencia,2023,9,Hurto a comercio,17
Caquetá,Florencia,2023,9,Hurto de vehículos,12
Caquetá,Florencia,2023,9,Lesiones personales,44
Caquetá,Florencia,2023,9,Homicidio,3
Caquetá,Florencia,2023,9,Violencia intrafamiliar,32
Caquetá,Florencia,2023,9,Hurto a residencias,13
Caquetá,Florencia,2023,9,Extorsión,2
Caquetá,Florencia,2023,10,Hurto a personas,60
Caquetá,Florencia,2023,10,Hurto a comercio,20
Caquetá,Florencia,2023,10,Hurto de vehículos,15
Caquetá,Florencia,2023,10,Lesiones personales,35
Caquetá,Florencia,2023,10,Homicidio,4
Caquetá,Florencia,2023,10,Violencia intrafamiliar,25
Caquetá,Florencia,2023,10,Hurto a residencias,11
Caquetá,Florencia,2023,10,Extorsión,2
Caquetá,Florencia,2023,11,Hurto a personas,62
Caquetá,Florencia,2023,11,Hurto a comercio,21
Caquetá,Florencia,2023,11,Hurto de vehículos,9
Caquetá,Florencia,2023,11,Lesiones personales,40
Caquetá,Florencia,2023,11,Homicidio,3
Caquetá,Florencia,2023,11,Violencia intrafamiliar,24
Caquetá,Florencia,2023,11,Hurto a residencias,14
Caquetá,Florencia,2023,11,Extorsión,2
Caquetá,Florencia,2023,12,Hurto a personas,88
Caquetá,Florencia,2023,12,Hurto a comercio,19
Caquetá,Florencia,2023,12,Hurto de vehículos,17
Caquetá,Florencia,2023,12,Lesiones personales,45
Caquetá,Florencia,2023,12,Homicidio,3
Caquetá,Florencia,2023,12,Violencia intrafamiliar,36
Caquetá,Florencia,2023,12,Hurto a residencias,17
Caquetá,Florencia,2023,12,Extorsión,2
Caquetá,Florencia,2024,1,Hurto a personas,59
Caquetá,Florencia,2024,1,Hurto a comercio,16
Caquetá,Florencia,2024,1,Hurto de vehículos,13
Caquetá,Florencia,2024,1,Lesiones personales,52
Caquetá,Florencia,2024,1,Homicidio,3
Caquetá,Florencia,2024,1,Violencia intrafamiliar,22
Caquetá,Florencia,2024,1,Hurto a residencias,16
Caquetá,Florencia,2024,1,Extorsión,2
Caquetá,Florencia,2024,2,Hurto a personas,63
Caquetá,Florencia,2024,2,Hurto a comercio,19
Caquetá,Florencia,2024,2,Hurto de vehículos,11
Caquetá,Florencia,2024,2,Lesiones personales,41
Caquetá,Florencia,2024,2,Homicidio,3
Caquetá,Florencia,2024,2,Violencia intrafamiliar,20
Caquetá,Florencia,2024,2,Hurto a residencias,13
Caquetá,Florencia,2024,2,Extorsión,2
Caquetá,Florencia,2024,3,Hurto a personas,78
Caquetá,Florencia,2024,3,Hurto a comercio,13
Caquetá,Florencia,2024,3,Hurto de vehículos,14
Caquetá,Florencia,2024,3,Lesiones personales,37
Caquetá,Florencia,2024,3,Homicidio,3
Caquetá,Florencia,2024,3,Violencia intrafamiliar,22
Caquetá,Florencia,2024,3,Hurto a residencias,12
Caquetá,Florencia,2024,3,Extorsión,2
Caquetá,Florencia,2024,4,Hurto a personas,50
Caquetá,Florencia,2024,4,Hurto a comercio,17
Caquetá,Florencia,2024,4,Hurto de vehículos,13
Caquetá,Florencia,2024,4,Lesiones personales,37
Caquetá,Florencia,2024,4,Homicidio,3
Caquetá,Florencia,2024,4,Violencia intrafamiliar,26
Caquetá,Florencia,2024,4,Hurto a residencias,14
Caquetá,Florencia,2024,4,Extorsión,2
Caquetá,Florencia,2024,5,Hurto a personas,58
Caquetá,Florencia,2024,5,Hurto a comercio,16
Caquetá,Florencia,2024,5,Hurto de vehículos,11
Caquetá,Florencia,2024,5,Lesiones personales,38
Caquetá,Florencia,2024,5,Homicidio,3
Caquetá,Florencia,2024,5,Violencia intrafamiliar,28
Caquetá,Florencia,2024,5,Hurto a residencias,12
Caquetá,Florencia,2024,5,Extorsión,2
Caquetá,Florencia,2024,6,Hurto a personas,75
Caquetá,Florencia,2024,6,Hurto a comercio,16
Caquetá,Florencia,2024,6,Hurto de vehículos,12
Caquetá,Florencia,2024,6,Lesiones personales,51
Caquetá,Florencia,2024,6,Homicidio,3
Caquetá,Florencia,2024,6,Violencia intrafamiliar,22
Caquetá,Florencia,2024,6,Hurto a residencias,15
Caquetá,Florencia,2024,6,Extorsión,2
Caquetá,Florencia,2024,7,Hurto a personas,78
Caquetá,Florencia,2024,7,Hurto a comercio,14
Caquetá,Florencia,2024,7,Hurto de vehículos,14
Caquetá,Florencia,2024,7,Lesiones personales,41
Caquetá,Florencia,2024,7,Homicidio,4
Caquetá,Florencia,2024,7,Violencia intrafamiliar,33
Caquetá,Florencia,2024,7,Hurto a residencias,13
Caquetá,Florencia,2024,7,Extorsión,2
Caquetá,Florencia,2024,8,Hurto a personas,59
Caquetá,Florencia,2024,8,Hurto a comercio,18
Caquetá,Florencia,2024,8,Hurto de vehículos,15
Caquetá,Florencia,2024,8,Lesiones personales,44
Caquetá,Florencia,2024,8,Homicidio,4
Caquetá,Florencia,2024,8,Violencia intrafamiliar,26
Caquetá,Florencia,2024,8,Hurto a residencias,13
Caquetá,Florencia,2024,8,Extorsión,2
Caquetá,Florencia,2024,9,Hurto a personas,68
Caquetá,Florencia,2024,9,Hurto a comercio,20
Caquetá,Florencia,2024,9,Hurto de vehículos,11
Caquetá,Florencia,2024,9,Lesiones personales,43
Caquetá,Florencia,2024,9,Homicidio,3
Caquetá,Florencia,2024,9,Violencia intrafamiliar,22
Caquetá,Florencia,2024,9,Hurto a residencias,16
Caquetá,Florencia,2024,9,Extorsión,2
Caquetá,Florencia,2024,10,Hurto a personas,72
Caquetá,Florencia,2024,10,Hurto a comercio,18
Caquetá,Florencia,2024,10,Hurto de vehículos,14
Caquetá,Florencia,2024,10,Lesiones personales,39
Caquetá,Florencia,2024,10,Homicidio,3
Caquetá,Florencia,2024,10,Violencia intrafamiliar,23
Caquetá,Florencia,2024,10,Hurto a residencias,10
Caquetá,Florencia,2024,10,Extorsión,1
Caquetá,Florencia,2024,11,Hurto a personas,71
Caquetá,Florencia,2024,11,Hurto a comercio,19
Caquetá,Florencia,2024,11,Hurto de vehículos,10
Caquetá,Florencia,2024,11,Lesiones personales,43
Caquetá,Florencia,2024,11,Homicidio,2
Caquetá,Florencia,2024,11,Violencia intrafamiliar,22
Caquetá,Florencia,2024,11,Hurto a residencias,12
Caquetá,Florencia,2024,11,Extorsión,1
Caquetá,Florencia,2024,12,Hurto a personas,88
Caquetá,Florencia,2024,12,Hurto a comercio,17
Caquetá,Florencia,2024,12,Hurto de vehículos,13
Caquetá,Florencia,2024,12,Lesiones personales,42
Caquetá,Florencia,2024,12,Homicidio,4
Caquetá,Florencia,2024,12,Violencia intrafamiliar,27
Caquetá,Florencia,2024,12,Hurto a residencias,13
Caquetá,Florencia,2024,12,Extorsión,2
